order_id,order_date,customer_id,customer_name,customer_region,customer_segment,product_category,product_name,quantity,unit_price_egp,discount_pct,total_revenue_egp,total_cost_egp,profit_egp,payment_method,sales_channel,sales_rep,delivery_days,customer_rating,promo_applied,returned
ORD104456,2025-03-30,CUST0373,Tarek Aziz,Cairo,Consumer,Beauty,Hair Dryer,1,895.92,0.0,895.92,442.65,453.27,Cash,Phone,Sara M.,0,4.0,False,False
ORD104226,2025-03-06,CUST0082,Karim Ibrahim,Cairo,SMB,Clothing,Jeans,1,691.21,0.0,691.21,313.65,377.56,Mobile Wallet,In-store,Sara M.,0,3.0,False,False
ORD103671,2024-12-21,CUST0191,Ahmed Sherif,Cairo,Enterprise,Clothing,Hoodie,3,616.45,0.0,1849.35,868.53,980.82,Card,Online,,4,4.0,False,False
ORD100307,2023-03-10,CUST0007,Youssef Abdel Rahman,Mansoura,SMB,Beauty,Makeup Kit,2,588.41,0.0,1176.82,477.36,699.46,Installment,Online,,3,1.0,False,False
ORD101151,2023-09-01,CUST0063,Nada Mostafa,Cairo,Consumer,Electronics,Bluetooth Speaker,2,936.34,0.0,1872.68,1112.58,760.1,Cash,Online,,0,1.0,False,False
ORD105376,2025-09-19,CUST0108,Omar El-Sayed,Cairo,SMB,Electronics,Smart Watch,2,3311.41,0.0,6622.82,4084.5,2538.32,Mobile Wallet,In-store,Youssef A.,0,5.0,False,False
ORD104490,2025-04-04,CUST0443,Khaled El-Sayed,Alexandria,Consumer,Groceries,Rice 5kg,1,212.77,0.0,212.77,154.05,58.72,Card,Online,,0,4.0,False,False
ORD105584,2025-10-26,CUST0480,Amr Khalil,Cairo,SMB,Groceries,Coffee 250g,2,166.35,0.0,332.7,190.26,142.44,Cash,Phone,Mona K.,0,,False,False
ORD104387,2025-03-24,CUST0086,Karim Khalil,Alexandria,Consumer,Groceries,Honey Jar,2,300.58,0.0,601.16,386.22,214.94,Card,Online,Omar F.,1,5.0,False,False
ORD100997,2023-07-16,CUST0481,Khaled Mostafa,Alexandria,Consumer,Groceries,Olive Oil 1L,3,267.36,0.0,802.08,550.44,251.64,Installment,In-store,Khaled T.,0,1.0,False,False
ORD100407,2023-03-23,CUST0089,Khaled Ibrahim,Tanta,Consumer,Clothing,Hoodie,2,696.35,0.0,1392.7,594.54,798.16,Cash,In-store,Sara M.,0,5.0,False,False
ORD104411,2025-03-26,CUST0018,Adel Mahmoud,Cairo,Consumer,Clothing,Sneakers,1,1307.0,0.0,1307.0,668.58,638.42,Mobile Wallet,In-store,Mona K.,0,4.0,False,False
ORD100054,2023-01-13,CUST0494,Mahmoud Mostafa,Alexandria,Consumer,Electronics,Power Bank,1,636.43,0.0,636.43,348.6,287.83,Mobile Wallet,Online,Khaled T.,3,3.0,False,False
ORD105609,2025-10-29,CUST0599,Mahmoud Khalil,Mansoura,Consumer,Clothing,Women's Dress,1,968.62,0.0,-968.62,400.96,-567.66,Installment,Phone,Nourhan S.,0,3.0,False,True
ORD101673,2023-12-16,CUST0500,Adel Khalil,Cairo,SMB,Electronics,Smart Watch,2,3328.25,0.0,6656.5,4106.24,2550.26,Card,In-store,Sara M.,0,3.0,False,False
ORD105438,2025-10-01,CUST0458,Nourhan Ibrahim,Cairo,Consumer,Electronics,Bluetooth Speaker,1,884.43,0.0,884.43,534.19,350.24,Cash,Online,Youssef A.,3,3.0,False,False
ORD102465,2024-05-02,CUST0577,Laila El-Sayed,Alexandria,SMB,Home & Kitchen,Blender,1,1166.49,0.0,1166.49,615.77,550.72,Card,In-store,Mona K.,0,5.0,False,False
ORD103312,2024-10-24,CUST0195,Ahmed Mahmoud,Mansoura,Consumer,Sports,Dumbbell Set,2,1794.56,0.0,3589.12,2260.12,1329.0,Card,Online,Khaled T.,2,3.0,False,False
ORD105160,2025-08-07,CUST0572,Karim Sherif,Alexandria,SMB,Electronics,Smart Watch,1,3519.5,0.0,3519.5,2089.05,1430.45,Mobile Wallet,Online,Sara M.,4,5.0,False,False
ORD101047,2023-07-29,CUST0112,Dina Hassan,Alexandria,Consumer,Sports,Dumbbell Set,3,1675.45,0.0,5026.35,3276.48,1749.87,Mobile Wallet,In-store,Omar F.,0,4.0,False,False
ORD101245,2023-09-22,CUST0415,Laila Farouk,Cairo,Consumer,Groceries,Honey Jar,1,297.78,0.0,297.78,197.67,100.11,Installment,Online,,2,5.0,False,False
ORD105030,2025-07-11,CUST0054,Yasmin Khalil,Cairo,SMB,Electronics,Smart Watch,2,3401.47,0.0,6802.94,4125.44,2677.5,Cash,In-store,Khaled T.,0,4.0,False,False
ORD101860,2024-01-23,CUST0436,Tarek Khalil,Cairo,Consumer,Beauty,Perfume,1,1402.52,0.0,1402.52,573.12,829.4,Cash,Online,Mona K.,4,5.0,False,False
ORD103903,2025-01-26,CUST0438,Ahmed Farouk,Mansoura,Consumer,Sports,Running Shoes,2,1641.42,0.0,3282.84,1690.94,1591.9,Card,In-store,Sara M.,0,,False,False
ORD104276,2025-03-11,CUST0239,Youssef Mostafa,Giza,Consumer,Groceries,Olive Oil 1L,3,274.64,0.0,823.92,515.37,308.55,Card,Online,,2,2.0,False,False
ORD101531,2023-11-23,CUST0254,Khaled Hassan,Cairo,Consumer,Groceries,Olive Oil 1L,1,287.2,15.0,244.12,175.37,68.75,Mobile Wallet,Online,Mona K.,2,4.0,True,False
ORD103244,2024-10-11,CUST0406,Mona Khalil,Cairo,SMB,Clothing,Women's Dress,1,927.6,0.0,927.6,419.61,507.99,Mobile Wallet,In-store,Mona K.,0,1.0,False,False
ORD101670,2023-12-16,CUST0539,Laila Mahmoud,Giza,SMB,Beauty,Hair Dryer,2,900.52,0.0,1801.04,868.04,933.0,Cash,In-store,Omar F.,0,2.0,False,False
ORD105773,2025-11-22,CUST0371,Heba El-Sayed,Cairo,Consumer,Electronics,Bluetooth Speaker,1,1008.76,5.0,958.32,572.88,385.44,Cash,Online,Sara M.,0,3.0,True,False
ORD105077,2025-07-22,CUST0243,Tarek Mahmoud,Cairo,Consumer,Electronics,Bluetooth Speaker,1,975.0,0.0,975.0,558.78,416.22,Installment,In-store,Sara M.,0,3.0,False,False
ORD103813,2025-01-10,CUST0490,Heba Sherif,Tanta,SMB,Clothing,Women's Dress,1,938.77,0.0,938.77,407.7,531.07,Mobile Wallet,Online,Youssef A.,3,4.0,False,False
ORD103339,2024-10-31,CUST0117,Rania Farouk,Giza,Consumer,Groceries,Honey Jar,1,309.16,0.0,309.16,209.74,99.42,Card,Online,Youssef A.,3,5.0,False,False
ORD104759,2025-05-22,CUST0224,Laila Sherif,Alexandria,Consumer,Sports,Football,1,385.0,0.0,385.0,188.2,196.8,Cash,Online,,3,4.0,False,False
ORD104501,2025-04-05,CUST0504,Heba Mostafa,Mansoura,Consumer,Sports,Running Shoes,1,1671.03,25.0,1253.27,884.65,368.62,Installment,In-store,Nourhan S.,0,1.0,True,False
ORD103328,2024-10-29,CUST0430,Khaled Mostafa,Mansoura,SMB,Groceries,Rice 5kg,1,214.91,0.0,214.91,152.66,62.25,Cash,Online,Mona K.,2,5.0,False,False
ORD104266,2025-03-10,CUST0505,Ahmed Abdel Rahman,Alexandria,SMB,Electronics,Phone Case,1,246.5,25.0,-184.88,92.14,-92.74,Cash,Online,Youssef A.,2,,True,True
ORD103296,2024-10-20,CUST0053,Khaled Hassan,Aswan,Consumer,Home & Kitchen,Blender,1,1019.42,20.0,815.54,594.96,220.58,Cash,Online,Mona K.,4,5.0,True,False
ORD106023,2025-12-25,CUST0382,Heba Khalil,Giza,Consumer,Home & Kitchen,Coffee Maker,1,1432.52,0.0,1432.52,886.34,546.18,Card,Online,,4,5.0,False,False
ORD101098,2023-08-17,CUST0566,Khaled Farouk,Alexandria,Consumer,Clothing,Women's Dress,1,897.3,0.0,897.3,409.66,487.64,Cash,Phone,Omar F.,0,1.0,False,False
ORD103206,2024-10-03,CUST0168,Omar Aziz,Cairo,Consumer,Electronics,Bluetooth Speaker,2,955.41,0.0,1910.82,1055.0,855.82,Installment,Online,Omar F.,3,5.0,False,False
ORD100509,2023-04-07,CUST0200,Heba Farouk,Mansoura,Consumer,Home & Kitchen,Coffee Maker,3,1467.62,0.0,4402.86,2655.21,1747.65,Mobile Wallet,In-store,Khaled T.,0,4.0,False,False
ORD104828,2025-06-03,CUST0096,Karim Abdel Rahman,Tanta,Consumer,Home & Kitchen,Air Fryer,1,3015.36,0.0,3015.36,1689.42,1325.94,Mobile Wallet,In-store,Sara M.,0,3.0,False,False
ORD104030,2025-02-11,CUST0341,Heba El-Sayed,Alexandria,Enterprise,Beauty,Hair Dryer,1,951.76,0.0,951.76,461.77,489.99,Cash,In-store,Nourhan S.,0,5.0,False,False
ORD105240,2025-08-25,CUST0163,Mahmoud Abdel Rahman,Giza,SMB,Sports,Running Shoes,2,1566.16,0.0,3132.32,1663.08,1469.24,Cash,Online,Sara M.,0,4.0,False,False
ORD100656,2023-04-26,CUST0516,Karim Hassan,Cairo,Consumer,Electronics,Power Bank,1,630.4,0.0,630.4,355.43,274.97,Card,Online,Omar F.,2,5.0,False,False
ORD101743,2023-12-30,CUST0464,Adel Mahmoud,Aswan,SMB,Beauty,Makeup Kit,1,582.62,0.0,582.62,250.74,331.88,Installment,Online,,0,4.0,False,False
ORD101992,2024-02-17,CUST0002,Amr Khalil,Cairo,Consumer,Beauty,Makeup Kit,1,580.53,0.0,580.53,241.25,339.28,Cash,In-store,Sara M.,0,5.0,False,False
ORD102784,2024-06-29,CUST0463,Laila Khalil,Alexandria,Consumer,Beauty,Hair Dryer,1,938.66,0.0,938.66,459.06,479.6,Mobile Wallet,In-store,Khaled T.,0,1.0,False,False
ORD106020,2025-12-25,CUST0219,Youssef Ibrahim,Cairo,SMB,Electronics,Phone Case,1,253.13,0.0,253.13,88.52,164.61,Card,Online,,4,4.0,False,False
ORD103137,2024-09-20,CUST0359,Rania Abdel Rahman,Tanta,SMB,Clothing,Men's T-Shirt,2,372.58,0.0,745.16,296.82,448.34,Cash,Online,,1,3.0,False,False
ORD104285,2025-03-12,CUST0258,Rania Aziz,Tanta,SMB,Electronics,Wireless Earbuds,1,1142.49,0.0,1142.49,762.82,379.67,Mobile Wallet,In-store,Sara M.,0,3.0,False,False
ORD101982,2024-02-15,CUST0537,Nourhan Hassan,Cairo,Consumer,Electronics,Smart Watch,1,3271.27,0.0,3271.27,2196.1,1075.17,Card,In-store,Youssef A.,0,4.0,False,False
ORD101937,2024-02-05,CUST0014,Rania Hassan,Alexandria,Consumer,Electronics,Wireless Earbuds,1,1157.16,0.0,1157.16,726.8,430.36,Mobile Wallet,Online,Youssef A.,1,3.0,False,False
ORD100714,2023-05-07,CUST0516,Karim Hassan,Cairo,Consumer,Clothing,Women's Dress,1,858.97,0.0,858.97,406.25,452.72,Mobile Wallet,Phone,Nourhan S.,0,4.0,False,False
ORD101483,2023-11-17,CUST0129,Youssef Aziz,Cairo,Consumer,Sports,Running Shoes,1,1634.26,0.0,1634.26,809.9,824.36,Mobile Wallet,In-store,Youssef A.,0,4.0,False,False
ORD100963,2023-07-06,CUST0216,Mona Ibrahim,Giza,SMB,Home & Kitchen,Coffee Maker,1,1439.78,10.0,1295.8,856.11,439.69,Cash,Online,Omar F.,3,1.0,True,False
ORD103620,2024-12-10,CUST0219,Youssef Ibrahim,Cairo,SMB,Beauty,Hair Dryer,1,927.17,0.0,927.17,466.59,460.58,Mobile Wallet,Online,,3,5.0,False,False
ORD105566,2025-10-23,CUST0345,Salma El-Sayed,Cairo,Consumer,Electronics,Phone Case,5,11598.5,0.0,57992.5,440.35,719.5,Cash,Online,Khaled T.,0,4.0,False,False
ORD100002,2023-01-01,CUST0302,Sara Sherif,Giza,Consumer,GROCERIES,Honey Jar,2,333.62,0.0,667.24,411.54,255.7,Card,Phone,Khaled T.,0,4.0,False,False
ORD101797,2024-01-10,CUST0586,Mona Ibrahim,Alexandria,Consumer,Electronics,Power Bank,1,639.8,0.0,639.8,362.29,277.51,Card,Phone,Mona K.,0,5.0,False,False
ORD103707,2024-12-26,CUST0453,Sara Aziz,Giza,Consumer,Sports,Football,1,378.88,0.0,378.88,178.68,200.2,Cash,In-store,Sara M.,0,4.0,False,False
ORD101130,2023-08-26,CUST0129,Youssef Aziz,Cairo,Consumer,Electronics,Smart Watch,2,3400.39,0.0,6800.78,4128.92,2671.86,Mobile Wallet,Online,,1,,False,False
ORD101444,2023-11-06,CUST0592,Mona Aziz,Giza,Consumer,Electronics,Wireless Earbuds,1,1156.65,0.0,1156.65,750.83,405.82,Card,Online,Youssef A.,3,4.0,False,False
ORD105441,2025-10-01,CUST0478,Tarek Khalil,,Consumer,Sports,Dumbbell Set,2,1782.02,0.0,3564.04,2306.48,1257.56,Mobile Wallet,Online,Omar F.,1,5.0,False,False
ORD100243,2023-02-26,CUST0047,Ahmed Farouk,Tanta,Consumer,Electronics,Power Bank,1,633.1,0.0,633.1,335.29,297.81,Mobile Wallet,In-store,Youssef A.,0,4.0,False,False
ORD101485,2023-11-17,CUST0304,Salma Farouk,Cairo,SMB,Sports,Football,1,390.1,0.0,390.1,181.58,208.52,Card,Online,Youssef A.,2,4.0,False,False
ORD103239,2024-10-09,CUST0517,Omar Mostafa,Alexandria,Consumer,Clothing,Men's T-Shirt,2,336.79,0.0,673.58,301.26,372.32,Card,In-store,Khaled T.,0,4.0,False,False
ORD106002,2025-12-20,CUST0438,Ahmed Farouk,Mansoura,Consumer,Beauty,Perfume,1,1311.18,0.0,1311.18,627.69,683.49,Cash,Online,Mona K.,2,2.0,False,False
ORD104924,2025-06-20,CUST0554,Nada Farouk,Tanta,SMB,Clothing,Sneakers,1,1471.25,0.0,1471.25,719.02,752.23,Mobile Wallet,In-store,Khaled T.,0,2.0,False,False
ORD105065,2025-07-18,CUST0353,Karim Sherif,Cairo,Consumer,Electronics,Phone Case,1,230.84,0.0,230.84,85.92,144.92,Cash,Online,Mona K.,7,2.0,False,False
ORD101530,2023-11-23,CUST0253,Amr Farouk,Alexandria,Consumer,Clothing,Hoodie,1,668.81,15.0,568.49,307.26,261.23,Mobile Wallet,In-store,Sara M.,0,4.0,True,False
ORD100326,2023-03-12,CUST0204,Rania Farouk,Cairo,Consumer,Electronics,Bluetooth Speaker,1,928.69,0.0,928.69,544.82,383.87,Card,Online,Khaled T.,2,4.0,False,False
ORD102951,2024-08-11,CUST0017,Youssef Farouk,Cairo,Consumer,Clothing,Jeans,1,718.19,0.0,718.19,311.28,406.91,Cash,Online,Youssef A.,0,3.0,False,False
ORD100676,2023-04-28,CUST0036,Heba Mahmoud,Alexandria,Consumer,Home & Kitchen,Cookware Set,1,2182.54,0.0,2182.54,1319.07,863.47,Mobile Wallet,Online,Sara M.,2,,False,False
ORD101986,2024-02-15,CUST0490,Heba Sherif,tanta,SMB,Electronics,Wireless Earbuds,1,1232.44,0.0,1232.44,758.7,473.74,Cash,Online,,2,3.0,False,False
ORD104742,2025-05-19,CUST0016,Nada Aziz,Mansoura,Consumer,Sports,Running Shoes,5,1543.37,0.0,7716.85,4234.4,3482.45,Cash,Online,Khaled T.,3,3.0,False,False
ORD104906,2025-06-17,CUST0457,Laila Hassan,Cairo,Enterprise,Sports,Dumbbell Set,2,1841.82,0.0,3683.64,2307.48,1376.16,Mobile Wallet,Online,,0,5.0,False,False
ORD104173,2025-02-28,CUST0374,Amr Aziz,Cairo,Consumer,Beauty,Perfume,1,1261.2,0.0,1261.2,570.96,690.24,Card,In-store,Omar F.,0,5.0,False,False
ORD104244,2025-03-08,CUST0197,Youssef Sherif,Giza,Consumer,Groceries,Rice 5kg,1,207.96,20.0,166.37,154.66,11.71,Cash,Online,Omar F.,5,,True,False
ORD103591,2024-12-04,CUST0134,Sara Ibrahim,Giza,Consumer,Groceries,Honey Jar,3,330.71,0.0,992.13,591.33,400.8,Mobile Wallet,Online,Omar F.,4,4.0,False,False
ORD105206,2025-08-19,CUST0307,Ahmed Farouk,Mansoura,Consumer,Home & Kitchen,Air Fryer,5,2785.59,0.0,13927.95,8733.8,5194.15,Cash,Online,,1,4.0,False,False
ORD104915,2025-06-18,CUST0234,Salma Khalil,Cairo,Consumer,Groceries,Rice 5kg,2,208.02,0.0,416.04,312.6,103.44,Mobile Wallet,In-store,Omar F.,0,3.0,False,False
ORD101169,2023-09-05,CUST0044,Mahmoud Hassan,Giza,Consumer,Electronics,Power Bank,2,585.37,0.0,1170.74,734.64,436.1,Card,In-store,Nourhan S.,0,5.0,False,False
ORD105815,2025-11-26,CUST0295,Salma Aziz,Cairo,SMB,Beauty,Hair Dryer,1,966.71,5.0,918.37,454.16,464.21,Card,Online,,2,3.0,True,False
ORD100864,2023-06-09,CUST0482,Yasmin El-Sayed,Mansoura,SMB,Groceries,Rice 5kg,1,203.15,0.0,203.15,156.66,46.49,Card,Online,Sara M.,2,1.0,False,False
ORD102625,2024-05-31,CUST0291,Rania Abdel Rahman,Cairo,SMB,Electronics,Wireless Earbuds,1,1127.45,0.0,1127.45,715.69,411.76,Card,Online,Omar F.,2,3.0,False,False
ORD105313,2025-09-09,CUST0471,Sara Abdel Rahman,Cairo,Consumer,Clothing,Women's Dress,2,839.76,0.0,1679.52,838.98,840.54,Mobile Wallet,Online,,2,3.0,False,False
ORD105659,2025-11-05,CUST0579,Omar Aziz,Tanta,Consumer,Beauty,Perfume,1,1319.9,0.0,1319.9,618.74,701.16,Card,Online,Nourhan S.,4,4.0,False,False
ORD101857,2024-01-23,CUST0319,Mona Aziz,Giza,Consumer,Home & Kitchen,Coffee Maker,1,1428.35,0.0,1428.35,883.03,545.32,Card,In-store,Nourhan S.,0,1.0,False,False
ORD105919,2025-12-05,CUST0252,Adel Sherif,alexandria,SMB,Electronics,Power Bank,1,647.35,0.0,647.35,359.17,288.18,Mobile Wallet,Online,,0,5.0,False,False
ORD101291,2023-10-02,CUST0253,Amr Farouk,Alexandria,Consumer,Electronics,Wireless Earbuds,1,1112.15,0.0,1112.15,761.24,350.91,Cash,In-store,Sara M.,0,3.0,False,False
ORD103902,2025-01-25,CUST0504,Heba Mostafa,Mansoura,Consumer,Home & Kitchen,Vacuum Cleaner,1,3257.27,5.0,3094.41,1856.75,1237.66,Cash,In-store,Mona K.,0,5.0,True,False
ORD105614,2025-10-30,CUST0581,Tarek El-Sayed,Mansoura,Consumer,Sports,Running Shoes,2,1569.09,0.0,3138.18,1662.66,1475.52,Mobile Wallet,Phone,Youssef A.,0,5.0,False,False
ORD103898,2025-01-25,CUST0188,Adel Sherif,Alexandria,Consumer,Clothing,Sneakers,1,1407.25,0.0,1407.25,723.45,683.8,Cash,Online,Mona K.,2,5.0,False,False
ORD104005,2025-02-08,CUST0221,Mahmoud Farouk,Alexandria,Consumer,Groceries,Coffee 250g,1,169.06,0.0,169.06,103.28,65.78,Cash,Online,,5,5.0,False,False
ORD101101,2023-08-18,CUST0503,Ahmed Farouk,Aswan,Consumer,Groceries,Rice 5kg,2,206.31,0.0,412.62,308.84,103.78,Mobile Wallet,In-store,Youssef A.,0,4.0,False,False
ORD101093,2023-08-13,CUST0004,Adel Mahmoud,Giza,Consumer,Clothing,Jeans,1,724.79,0.0,724.79,331.05,393.74,Cash,Phone,Omar F.,0,4.0,False,False
ORD100373,2023-03-18,CUST0229,Laila Sherif,Cairo,Consumer,Groceries,Rice 5kg,1,212.1,0.0,212.1,157.02,55.08,Installment,Phone,Youssef A.,0,5.0,False,False
ORD101854,2024-01-22,CUST0084,Mona Hassan,Cairo,SMB,Beauty,Hair Dryer,1,856.22,0.0,856.22,440.12,416.1,Mobile Wallet,Online,Omar F.,0,3.0,False,False
ORD104125,2025-02-22,CUST0453,Sara Aziz,Giza,Consumer,Clothing,Women's Dress,1,917.79,0.0,917.79,411.64,506.15,Mobile Wallet,Online,Nourhan S.,1,3.0,False,False
ORD101823,2024-01-18,CUST0282,Youssef El-Sayed,Cairo,Consumer,Clothing,Men's T-Shirt,2,332.11,0.0,664.22,305.86,358.36,Cash,Online,,2,5.0,False,False
ORD105415,2025-09-27,CUST0539,Laila Mahmoud,Giza,SMB,Electronics,Phone Case,1,245.15,0.0,245.15,87.91,157.24,Installment,Online,,2,4.0,False,False
ORD101910,2024-02-01,CUST0142,Laila El-Sayed,Mansoura,Consumer,Home & Kitchen,Air Fryer,1,2714.97,0.0,2714.97,1666.95,1048.02,Mobile Wallet,Phone,Mona K.,0,5.0,False,False
ORD105812,2025-11-26,CUST0190,Hassan Farouk,Mansoura,SMB,Groceries,Honey Jar,2,311.65,15.0,529.8,384.12,145.68,Mobile Wallet,Online,Mona K.,4,,True,False
ORD102110,2024-03-07,CUST0022,Hassan Sherif,Giza,Consumer,Electronics,Power Bank,2,591.23,0.0,1182.46,670.22,512.24,Cash,Phone,Youssef A.,0,2.0,False,False
ORD105865,2025-11-29,CUST0148,Nourhan Hassan,Alexandria,Consumer,Home & Kitchen,Coffee Maker,1,1602.54,5.0,1522.41,835.16,687.25,Card,Online,Mona K.,1,5.0,True,False
ORD103563,2024-11-30,CUST0170,Ahmed Khalil,Cairo,SMB,Electronics,Phone Case,1,236.11,10.0,212.5,92.29,120.21,Cash,In-store,Omar F.,0,5.0,True,False
ORD100710,2023-05-06,CUST0186,Dina Hassan,Mansoura,Consumer,Home & Kitchen,Air Fryer,1,2850.53,0.0,2850.53,1622.31,1228.22,Mobile Wallet,In-store,Nourhan S.,0,2.0,False,False
ORD105908,2025-12-04,CUST0195,Ahmed Mahmoud,Mansoura,Consumer,Clothing,Hoodie,1,676.58,0.0,676.58,292.47,384.11,Card,Online,,3,5.0,False,False
ORD104792,2025-05-27,CUST0542,Adel El-Sayed,Alexandria,SMB,Electronics,Wireless Earbuds,1,1204.71,0.0,1204.71,754.47,450.24,Installment,Online,,2,3.0,False,False
ORD100366,2023-03-18,CUST0111,Salma Mahmoud,Giza,Consumer,Electronics,Power Bank,1,575.88,0.0,575.88,333.04,242.84,Cash,In-store,Mona K.,0,5.0,False,False
ORD100951,2023-07-02,CUST0126,Nourhan Khalil,Alexandria,Consumer,Electronics,Power Bank,1,645.87,0.0,645.87,350.26,295.61,Mobile Wallet,Online,Khaled T.,5,2.0,False,False
ORD100344,2023-03-15,CUST0048,Dina Mahmoud,Cairo,Consumer,Home & Kitchen,Coffee Maker,1,1592.84,0.0,1592.84,883.05,709.79,Card,In-store,Nourhan S.,0,5.0,False,False
ORD104593,2025-04-22,CUST0481,Khaled Mostafa,Alexandria,Consumer,Clothing,Women's Dress,1,934.6,25.0,700.95,380.34,320.61,Mobile Wallet,In-store,Mona K.,0,,True,False
ORD105178,2025-08-11,CUST0408,Khaled Aziz,Giza,Consumer,Clothing,Hoodie,1,684.68,0.0,684.68,297.79,386.89,Cash,In-store,Nourhan S.,0,3.0,False,False
ORD104802,2025-05-30,CUST0023,Mona Mostafa,cairo,Consumer,Home & Kitchen,Blender,1,1160.73,0.0,1160.73,593.44,567.29,Card,Phone,Sara M.,0,3.0,False,False
ORD105194,2025-08-15,CUST0450,Khaled Hassan,Tanta,Consumer,Groceries,Honey Jar,1,314.26,0.0,314.26,196.19,118.07,Card,In-store,Youssef A.,0,2.0,False,False
ORD102612,2024-05-29,CUST0287,Karim Aziz,Cairo,SMB,Clothing,Men's T-Shirt,1,342.61,0.0,342.61,142.93,199.68,Installment,In-store,Sara M.,0,2.0,False,False
ORD105637,2025-11-02,CUST0406,Mona Khalil,Cairo,SMB,Beauty,Perfume,1,1230.86,0.0,1230.86,576.55,654.31,Cash,In-store,Nourhan S.,0,3.0,False,False
ORD104689,2025-05-09,CUST0271,Mona Farouk,Aswan,Consumer,Home & Kitchen,Coffee Maker,1,1600.92,0.0,1600.92,867.78,733.14,Cash,Online,Youssef A.,1,5.0,False,False
ORD101734,2023-12-29,CUST0252,Adel Sherif,Alexandria,SMB,Sports,Football,2,367.13,0.0,734.26,354.04,380.22,Card,In-store,Youssef A.,0,5.0,False,False
ORD105940,2025-12-09,CUST0419,Amr Abdel Rahman,Alexandria,Consumer,Clothing,Jeans,3,756.02,0.0,2268.06,966.39,1301.67,Card,Online,,1,2.0,False,False
ORD104288,2025-03-12,CUST0180,Yasmin Farouk,Aswan,Consumer,Home & Kitchen,Cookware Set,3,2302.3,0.0,6906.9,4060.14,2846.76,Installment,Online,Khaled T.,2,4.0,False,False
ORD105588,2025-10-27,CUST0205,Omar Mostafa,Alexandria,Consumer,BEAUTY,Skincare Set,2,755.19,0.0,1510.38,696.26,814.12,Installment,In-store,Mona K.,0,4.0,False,False
ORD103692,2024-12-24,CUST0210,Dina Sherif,Alexandria,Consumer,Home & Kitchen,Cookware Set,2,2210.5,0.0,4421.0,2649.74,1771.26,Mobile Wallet,In-store,Youssef A.,0,3.0,False,False
ORD104694,2025-05-10,CUST0308,Nada Hassan,Cairo,SMB,Home & Kitchen,Air Fryer,1,2852.22,0.0,2852.22,1728.28,1123.94,Card,Phone,Youssef A.,0,4.0,False,False
ORD103500,2024-11-26,CUST0129,Youssef Aziz,Cairo,Consumer,Home & Kitchen,Coffee Maker,5,1598.54,10.0,7193.43,4401.5,2791.93,Card,Online,Sara M.,3,5.0,True,False
ORD103287,2024-10-19,CUST0424,Nourhan Sherif,Giza,SMB,Electronics,Smart Watch,1,3530.44,0.0,3530.44,2015.36,1515.08,Mobile Wallet,Online,,3,4.0,False,False
ORD102744,2024-06-21,CUST0255,Yasmin Aziz,Tanta,Consumer,Sports,Dumbbell Set,1,1932.16,25.0,1449.12,1122.58,326.54,Cash,Online,,2,5.0,True,False
ORD101365,2023-10-21,CUST0108,Omar El-Sayed,Cairo,SMB,Beauty,Skincare Set,1,804.55,0.0,-804.55,367.16,-437.39,Card,In-store,Nourhan S.,0,5.0,False,True
ORD104151,2025-02-25,CUST0026,Amr Hassan,Alexandria,Enterprise,Beauty,Makeup Kit,2,593.95,5.0,1128.51,518.5,610.01,Mobile Wallet,In-store,Khaled T.,0,4.0,True,False
ORD105577,2025-10-25,CUST0275,Nada Ibrahim,Aswan,Consumer,Electronics,Power Bank,1,629.61,0.0,629.61,349.65,279.96,Card,In-store,Youssef A.,0,5.0,False,False
ORD105988,2025-12-18,CUST0084,Mona Hassan,Cairo,SMB,Beauty,Makeup Kit,1,640.03,0.0,640.03,242.93,397.1,Installment,Phone,Sara M.,0,3.0,False,False
ORD100691,2023-05-01,CUST0050,Hassan Khalil,Tanta,SMB,Home & Kitchen,Cookware Set,1,2135.91,0.0,2135.91,1307.0,828.91,Card,Online,,4,5.0,False,False
ORD101082,2023-08-11,CUST0029,Laila Mostafa,giza,SMB,Beauty,Skincare Set,1,773.9,0.0,773.9,363.53,410.37,Mobile Wallet,In-store,Sara M.,0,5.0,False,False
ORD101194,2023-09-10,CUST0155,Dina Abdel Rahman,Aswan,Consumer,Electronics,Wireless Earbuds,2,1207.51,0.0,2415.02,1454.78,960.24,Card,Online,Youssef A.,0,5.0,False,False
ORD103835,2025-01-14,CUST0237,Khaled Aziz,Cairo,Consumer,Beauty,Perfume,2,1389.7,0.0,2779.4,1251.22,1528.18,Cash,Online,Khaled T.,0,4.0,False,False
ORD100459,2023-03-31,CUST0309,Nourhan El-Sayed,Giza,SMB,Beauty,Skincare Set,1,742.29,0.0,742.29,332.69,409.6,Mobile Wallet,In-store,Sara M.,0,3.0,False,False
ORD105135,2025-08-02,CUST0089,Khaled Ibrahim,Tanta,Consumer,Electronics,Phone Case,1,236.04,0.0,236.04,92.0,144.04,Cash,In-store,Khaled T.,0,3.0,False,False
ORD100464,2023-04-01,CUST0190,Hassan Farouk,Mansoura,SMB,Beauty,Hair Dryer,1,912.41,0.0,912.41,461.89,450.52,Mobile Wallet,In-store,Khaled T.,0,,False,False
ORD103888,2025-01-23,CUST0367,Dina Abdel Rahman,Cairo,Consumer,Home & Kitchen,Cookware Set,1,2286.47,0.0,2286.47,1335.59,950.88,Cash,In-store,Mona K.,0,2.0,False,False
ORD101334,2023-10-11,CUST0223,Ahmed Ibrahim,Cairo,Consumer,Clothing,Jeans,1,792.99,0.0,792.99,312.02,480.97,Cash,Online,,5,4.0,False,False
ORD103230,2024-10-08,CUST0224,Laila Sherif,Alexandria,Consumer,Electronics,Bluetooth Speaker,1,1003.84,0.0,1003.84,561.81,442.03,Card,Online,,0,3.0,False,False
ORD102864,2024-07-19,CUST0319,Mona Aziz,Giza,Consumer,Clothing,Men's T-Shirt,2,359.17,0.0,718.34,305.42,412.92,Cash,Online,Khaled T.,3,3.0,False,False
ORD102786,2024-06-29,CUST0402,Yasmin Hassan,Aswan,Consumer,Clothing,Sneakers,1,1480.23,0.0,1480.23,684.32,795.91,Mobile Wallet,Online,Omar F.,1,5.0,False,False
ORD101680,2023-12-19,CUST0311,Amr Aziz,Cairo,Consumer,BEAUTY,Makeup Kit,1,556.26,0.0,556.26,245.24,311.02,Installment,In-store,Youssef A.,0,,False,False
ORD102672,2024-06-08,CUST0010,Mona Farouk,Cairo,Consumer,Home & Kitchen,Vacuum Cleaner,1,2952.14,15.0,2509.32,1895.0,614.32,Cash,Online,Mona K.,2,5.0,True,False
ORD101513,2023-11-22,CUST0109,Laila Ibrahim,Tanta,SMB,Home & Kitchen,Cookware Set,3,2243.74,25.0,5048.42,3772.53,1275.89,Cash,Online,Sara M.,1,4.0,True,False
ORD102837,2024-07-12,CUST0332,Ahmed Ibrahim,Cairo,Consumer,Beauty,Skincare Set,1,775.92,0.0,775.92,365.62,410.3,Card,In-store,Nourhan S.,0,4.0,False,False
ORD102728,2024-06-17,CUST0243,Tarek Mahmoud,Cairo,Consumer,Clothing,Sneakers,1,1297.4,0.0,1297.4,715.39,582.01,Card,Online,,1,4.0,False,False
ORD105756,2025-11-21,CUST0028,Sara El-Sayed,Alexandria,Consumer,Home & Kitchen,Cookware Set,2,2181.97,15.0,-3709.35,2505.1,-1204.25,Mobile Wallet,In-store,Youssef A.,0,5.0,True,True
ORD102522,2024-05-13,CUST0245,Karim Ibrahim,Giza,SMB,Clothing,Jeans,5,693.21,0.0,3466.05,1528.05,1938.0,Mobile Wallet,Online,,2,4.0,False,False
ORD101241,2023-09-22,CUST0357,Mona Hassan,aswan,Consumer,Electronics,Power Bank,1,622.67,0.0,622.67,351.67,271.0,Card,Online,Youssef A.,3,5.0,False,False
ORD104612,2025-04-26,CUST0390,Khaled Sherif,Aswan,Enterprise,ELECTRONICS,Wireless Earbuds,1,1228.43,0.0,1228.43,720.41,508.02,Mobile Wallet,Online,,4,,False,False
ORD100896,2023-06-18,CUST0087,Karim Ibrahim,Tanta,Consumer,Home & Kitchen,Air Fryer,2,3015.45,0.0,6030.9,3546.76,2484.14,Mobile Wallet,Online,,3,4.0,False,False
ORD101211,2023-09-14,CUST0353,Karim Sherif,Cairo,Consumer,Clothing,Jeans,1,782.25,0.0,782.25,328.25,454.0,Cash,In-store,Khaled T.,0,,False,False
ORD102572,2024-05-23,CUST0028,Sara El-Sayed,Alexandria,Consumer,Electronics,Power Bank,1,610.24,0.0,610.24,364.58,245.66,Card,Online,,2,2.0,False,False
ORD104734,2025-05-17,CUST0116,Mona Ibrahim,Cairo,Enterprise,Sports,Dumbbell Set,1,1744.85,20.0,1395.88,1078.72,317.16,Card,In-store,Mona K.,0,3.0,True,False
ORD101032,2023-07-25,CUST0330,Heba Ibrahim,Cairo,SMB,Home & Kitchen,Coffee Maker,1,1572.61,0.0,1572.61,855.57,717.04,Cash,Phone,Omar F.,0,4.0,False,False
ORD103995,2025-02-07,CUST0184,Laila Mostafa,Aswan,Consumer,Sports,Running Shoes,1,1717.29,0.0,1717.29,889.86,827.43,Card,Online,Sara M.,4,3.0,False,False
ORD101137,2023-08-27,CUST0318,Karim Ibrahim,Cairo,SMB,Beauty,Makeup Kit,1,575.09,0.0,575.09,242.36,332.73,Card,In-store,Mona K.,0,,False,False
ORD105663,2025-11-07,CUST0307,Ahmed Farouk,Mansoura,Consumer,Home & Kitchen,Cookware Set,5,2076.64,10.0,9344.88,6246.95,3097.93,Card,In-store,Khaled T.,0,4.0,True,False
ORD104019,2025-02-10,CUST0170,Ahmed Khalil,Cairo,SMB,Beauty,Hair Dryer,1,947.56,0.0,-947.56,465.36,-482.2,Card,Online,Mona K.,4,5.0,False,True
ORD100338,2023-03-13,CUST0268,Heba Khalil,Cairo,SMB,Home & Kitchen,Cookware Set,2,2217.36,0.0,4434.72,2711.74,1722.98,Card,Online,,1,4.0,False,False
ORD103728,2024-12-30,CUST0185,Rania El-Sayed,Alexandria,Consumer,Home & Kitchen,Air Fryer,1,2895.53,0.0,2895.53,1763.54,1131.99,Card,In-store,Omar F.,0,4.0,False,False
ORD104615,2025-04-26,CUST0021,Heba El-Sayed,Alexandria,SMB,Beauty,Perfume,2,1242.84,0.0,2485.68,1240.98,1244.7,Cash,Phone,Sara M.,0,5.0,False,False
ORD102117,2024-03-08,CUST0326,Khaled Sherif,Cairo,Consumer,Groceries,Honey Jar,1,15519.5,0.0,15519.5,205.11,105.28,Card,In-store,Mona K.,0,4.0,False,False
ORD102281,2024-03-28,CUST0064,Khaled Mahmoud,Mansoura,Consumer,Electronics,Power Bank,1,610.06,0.0,610.06,332.84,277.22,Card,Online,,4,5.0,False,False
ORD101589,2023-11-29,CUST0308,Nada Hassan,Cairo,SMB,Sports,Yoga Mat,2,474.45,25.0,711.68,429.12,282.56,Card,Phone,Khaled T.,0,5.0,True,False
ORD103142,2024-09-20,CUST0086,Karim Khalil,Alexandria,Consumer,Electronics,Smart Watch,1,3239.18,0.0,3239.18,1998.99,1240.19,Mobile Wallet,Online,,2,5.0,False,False
ORD101440,2023-11-05,CUST0525,Nada Abdel Rahman,Cairo,SMB,Home & Kitchen,Coffee Maker,1,1431.18,0.0,1431.18,815.19,615.99,Mobile Wallet,Online,,2,4.0,False,False
ORD105545,2025-10-19,CUST0384,Heba Khalil,Cairo,Consumer,Home & Kitchen,Coffee Maker,1,1473.28,0.0,1473.28,886.79,586.49,Cash,Online,Omar F.,3,4.0,False,False
ORD102003,2024-02-19,CUST0468,Laila Sherif,Alexandria,Enterprise,Electronics,Phone Case,1,265.23,0.0,265.23,92.7,172.53,Card,Online,,1,4.0,False,False
ORD101688,2023-12-21,CUST0513,Mahmoud Abdel Rahman,Mansoura,Enterprise,Beauty,Makeup Kit,2,595.0,0.0,1190.0,516.92,673.08,Mobile Wallet,Phone,Mona K.,0,2.0,False,False
ORD100554,2023-04-12,CUST0301,Laila Sherif,Giza,Consumer,Beauty,Hair Dryer,1,916.44,0.0,916.44,463.69,452.75,Cash,Online,,2,4.0,False,False
ORD103168,2024-09-25,CUST0508,Amr Aziz,Giza,SMB,Beauty,Makeup Kit,1,608.18,0.0,608.18,256.79,351.39,Installment,Online,,0,4.0,False,False
ORD105150,2025-08-05,CUST0341,Heba El-Sayed,Alexandria,Enterprise,Home & Kitchen,Blender,2,1155.22,0.0,2310.44,1153.24,1157.2,Installment,In-store,Khaled T.,0,2.0,False,False
ORD104558,2025-04-17,CUST0438,Ahmed Farouk,Mansoura,Consumer,Home & Kitchen,Coffee Maker,2,1391.13,0.0,2782.26,1660.7,1121.56,Installment,Online,Omar F.,3,3.0,False,False
ORD104269,2025-03-10,CUST0306,Karim Aziz,Aswan,Consumer,Home & Kitchen,Cookware Set,3,2302.59,0.0,6907.77,3759.12,3148.65,Card,In-store,Youssef A.,0,2.0,False,False
ORD100179,2023-02-11,CUST0600,Mahmoud Mostafa,Giza,Enterprise,Clothing,Men's T-Shirt,1,343.7,0.0,343.7,155.45,188.25,Card,Online,Sara M.,3,3.0,False,False
ORD101650,2023-12-10,CUST0105,Nada Mahmoud,Cairo,Consumer,Groceries,Coffee 250g,1,175.61,0.0,175.61,97.54,78.07,Card,In-store,Mona K.,0,5.0,False,False
ORD105029,2025-07-11,CUST0193,Rania Aziz,Aswan,Consumer,Sports,Football,1,371.34,25.0,278.5,183.69,94.81,Mobile Wallet,Online,,3,5.0,True,False
ORD102424,2024-04-23,CUST0550,Ahmed Khalil,Cairo,Consumer,Sports,Football,1,380.11,0.0,380.11,187.76,192.35,Mobile Wallet,Online,Khaled T.,5,4.0,False,False
ORD102945,2024-08-09,CUST0047,Ahmed Farouk,Tanta,Consumer,Sports,Football,1,373.51,0.0,373.51,177.65,195.86,Mobile Wallet,Phone,Sara M.,0,5.0,False,False
ORD106017,2025-12-25,CUST0450,Khaled Hassan,Tanta,Consumer,Home & Kitchen,Coffee Maker,1,1573.99,0.0,1573.99,875.09,698.9,Card,Online,Omar F.,5,5.0,False,False
ORD103420,2024-11-16,CUST0290,Yasmin Farouk,Giza,Consumer,Beauty,Hair Dryer,1,47128.0,0.0,47128.0,445.68,496.88,Cash,Online,Khaled T.,7,2.0,False,False
ORD105692,2025-11-12,CUST0576,Heba Aziz,Cairo,Consumer,Clothing,Women's Dress,1,882.13,0.0,882.13,386.37,495.76,Cash,In-store,Youssef A.,0,4.0,False,False
ORD102220,2024-03-21,CUST0100,Hassan Abdel Rahman,Mansoura,SMB,Groceries,Rice 5kg,2,218.14,0.0,436.28,307.18,129.1,Card,In-store,Sara M.,0,4.0,False,False
ORD105574,2025-10-24,CUST0100,Hassan Abdel Rahman,Mansoura,SMB,Electronics,Smart Watch,2,3352.87,0.0,6705.74,4276.62,2429.12,Card,Online,,5,5.0,False,False
ORD102843,2024-07-14,CUST0465,Adel Abdel Rahman,Giza,Consumer,Groceries,Olive Oil 1L,1,282.66,0.0,282.66,177.42,105.24,Mobile Wallet,Online,Youssef A.,2,3.0,False,False
ORD101295,2023-10-02,CUST0462,Mona Farouk,Tanta,Enterprise,Groceries,Honey Jar,1,308.78,0.0,-308.78,202.49,-106.29,Mobile Wallet,Phone,Omar F.,0,5.0,False,True
ORD102072,2024-03-02,CUST0353,Karim Sherif,Cairo,Consumer,Clothing,Hoodie,1,684.27,0.0,684.27,292.58,391.69,Mobile Wallet,Online,Sara M.,2,2.0,False,False
ORD105187,2025-08-13,CUST0375,Amr Khalil,Cairo,Consumer,Sports,Dumbbell Set,5,1877.52,0.0,9387.6,5519.25,3868.35,Mobile Wallet,Online,Mona K.,3,3.0,False,False
ORD103909,2025-01-27,CUST0225,Mahmoud El-Sayed,Cairo,Consumer,Home & Kitchen,Vacuum Cleaner,1,3224.6,0.0,3224.6,1806.89,1417.71,Mobile Wallet,Online,Mona K.,3,4.0,False,False
ORD101818,2024-01-16,CUST0030,Mona Abdel Rahman,Cairo,Consumer,Clothing,Hoodie,2,603.9,0.0,1207.8,595.7,612.1,Mobile Wallet,In-store,Youssef A.,0,5.0,False,False
ORD100792,2023-05-21,CUST0227,Youssef Mahmoud,giza,Consumer,Clothing,Hoodie,1,635.31,0.0,635.31,312.44,322.87,Mobile Wallet,Online,Khaled T.,2,3.0,False,False
ORD101990,2024-02-16,CUST0387,Heba El-Sayed,Giza,Consumer,Sports,Football,1,393.59,0.0,393.59,171.56,222.03,Card,Online,Omar F.,5,5.0,False,False
ORD104609,2025-04-25,CUST0250,Adel Aziz,Cairo,Enterprise,Electronics,Smart Watch,1,3551.3,0.0,3551.3,2033.05,1518.25,Mobile Wallet,In-store,Nourhan S.,0,,False,False
ORD104220,2025-03-06,CUST0232,Hassan Mahmoud,tanta,Consumer,Groceries,Coffee 250g,2,166.33,0.0,332.66,200.96,131.7,Card,In-store,Youssef A.,0,5.0,False,False
ORD105712,2025-11-15,CUST0471,Sara Abdel Rahman,Cairo,Consumer,Clothing,Women's Dress,2,886.59,0.0,1773.18,831.08,942.1,Card,Online,Omar F.,1,5.0,False,False
ORD104989,2025-07-01,CUST0463,Laila Khalil,Alexandria,Consumer,Electronics,Wireless Earbuds,2,1280.37,0.0,2560.74,1570.72,990.02,Cash,Online,Nourhan S.,0,,False,False
ORD102777,2024-06-28,CUST0400,Mona Khalil,Cairo,Consumer,Electronics,Smart Watch,1,3735.67,0.0,3735.67,2187.59,1548.08,Card,Online,,3,4.0,False,False
ORD102317,2024-04-03,CUST0439,Hassan Ibrahim,Alexandria,Consumer,Groceries,Honey Jar,1,311.66,0.0,-311.66,206.8,-104.86,Card,Phone,,0,5.0,False,True
ORD101676,2023-12-17,CUST0413,Hassan Mahmoud,Giza,SMB,Electronics,Power Bank,1,566.23,0.0,-566.23,347.66,-218.57,Cash,Online,Sara M.,4,4.0,False,True
ORD100104,2023-01-25,CUST0424,Nourhan Sherif,Giza,SMB,Clothing,Jeans,1,710.91,0.0,710.91,332.01,378.9,Installment,Online,,0,4.0,False,False
ORD105458,2025-10-04,CUST0188,Adel Sherif,Alexandria,Consumer,Home & Kitchen,Air Fryer,1,2983.57,0.0,2983.57,1707.54,1276.03,Installment,Online,Khaled T.,3,5.0,False,False
ORD102449,2024-04-28,CUST0554,Nada Farouk,Tanta,SMB,Groceries,Olive Oil 1L,1,270.81,0.0,270.81,186.47,84.34,Mobile Wallet,Online,,1,3.0,False,False
ORD105068,2025-07-19,CUST0060,Hassan Sherif,Giza,SMB,Electronics,Wireless Earbuds,1,1227.1,0.0,1227.1,712.57,514.53,Cash,In-store,Nourhan S.,0,1.0,False,False
ORD102272,2024-03-27,CUST0325,Khaled Farouk,giza,Consumer,Home & Kitchen,Cookware Set,2,2049.31,0.0,4098.62,2617.2,1481.42,Installment,In-store,Sara M.,0,4.0,False,False
ORD100347,2023-03-15,CUST0553,Heba Mostafa,Cairo,Consumer,Home & Kitchen,Vacuum Cleaner,1,3372.47,0.0,3372.47,1913.74,1458.73,Card,Online,Sara M.,3,5.0,False,False
ORD103100,2024-09-13,CUST0585,Hassan Abdel Rahman,Tanta,Consumer,Electronics,Bluetooth Speaker,1,984.24,0.0,984.24,543.06,441.18,Installment,Online,Mona K.,2,1.0,False,False
ORD100910,2023-06-23,CUST0140,Heba Abdel Rahman,Cairo,Consumer,Groceries,Coffee 250g,1,175.83,0.0,175.83,97.57,78.26,Cash,In-store,Mona K.,0,,False,False
ORD102360,2024-04-10,CUST0538,Sara Ibrahim,Giza,SMB,Beauty,Perfume,1,1260.22,0.0,1260.22,600.14,660.08,Card,In-store,Mona K.,0,5.0,False,False
ORD102966,2024-08-14,CUST0371,Heba El-Sayed,Cairo,Consumer,Electronics,Power Bank,2,556.12,15.0,945.4,700.48,244.92,Mobile Wallet,In-store,Nourhan S.,0,5.0,True,False
ORD104439,2025-03-29,CUST0570,Nada Sherif,Cairo,SMB,Clothing,Sneakers,1,1344.73,0.0,1344.73,683.15,661.58,Cash,Online,Nourhan S.,1,,False,False
ORD101626,2023-12-06,CUST0512,Nada Aziz,Mansoura,Consumer,Home & Kitchen,Cookware Set,3,2244.0,0.0,6732.0,3984.72,2747.28,Card,In-store,Khaled T.,0,5.0,False,False
ORD104397,2025-03-26,CUST0527,Omar Ibrahim,Cairo,Consumer,Groceries,Coffee 250g,1,185.28,0.0,185.28,103.17,82.11,Card,In-store,Nourhan S.,0,5.0,False,False
ORD104899,2025-06-15,CUST0103,Adel Sherif,Giza,Consumer,Home & Kitchen,Blender,1,1038.65,0.0,1038.65,621.29,417.36,Mobile Wallet,Phone,Khaled T.,0,5.0,False,False
ORD101115,2023-08-21,CUST0138,Youssef Ibrahim,Tanta,Consumer,Home & Kitchen,Cookware Set,5,2107.06,0.0,10535.3,6284.55,4250.75,Card,Online,Omar F.,0,5.0,False,False
ORD103155,2024-09-23,CUST0357,Mona Hassan,Aswan,Consumer,Clothing,Jeans,2,747.58,0.0,1495.16,669.62,825.54,Mobile Wallet,Online,,1,5.0,False,False
ORD101627,2023-12-06,CUST0129,Youssef Aziz,Cairo,Consumer,Electronics,Bluetooth Speaker,1,997.24,0.0,997.24,567.85,429.39,Cash,Online,Mona K.,3,3.0,False,False
ORD102885,2024-07-26,CUST0433,Salma Khalil,Alexandria,Consumer,Electronics,Power Bank,1,561.1,0.0,561.1,340.74,220.36,Mobile Wallet,Online,Nourhan S.,7,5.0,False,False
ORD103727,2024-12-30,CUST0533,Ahmed Hassan,giza,SMB,Home & Kitchen,Blender,1,1126.4,0.0,1126.4,605.52,520.88,Installment,In-store,Youssef A.,0,,False,False
ORD105410,2025-09-26,CUST0004,Adel Mahmoud,Giza,Consumer,Sports,Football,1,395.7,0.0,395.7,178.8,216.9,Card,In-store,Khaled T.,0,2.0,False,False
ORD100319,2023-03-11,CUST0099,Mahmoud Ibrahim,Giza,Enterprise,SPORTS,Running Shoes,1,1614.66,0.0,1614.66,870.62,744.04,Cash,Online,Mona K.,3,4.0,False,False
ORD104360,2025-03-21,CUST0457,Laila Hassan,cairo,Enterprise,Beauty,Makeup Kit,5,562.32,0.0,2811.6,1263.4,1548.2,Cash,In-store,Mona K.,0,,False,False
ORD103112,2024-09-14,CUST0400,Mona Khalil,Cairo,Consumer,Sports,Football,1,364.59,0.0,364.59,175.84,188.75,Mobile Wallet,Online,Nourhan S.,1,5.0,False,False
ORD101943,2024-02-08,CUST0221,Mahmoud Farouk,Alexandria,Consumer,Home & Kitchen,Cookware Set,1,2264.07,0.0,2264.07,1325.83,938.24,Cash,Online,Sara M.,0,4.0,False,False
ORD101647,2023-12-09,CUST0483,Adel Hassan,Tanta,Consumer,Groceries,Honey Jar,1,329.64,0.0,329.64,196.15,133.49,Mobile Wallet,Online,,2,3.0,False,False
ORD100111,2023-01-26,CUST0511,Hassan Hassan,Mansoura,Consumer,Home & Kitchen,Coffee Maker,2,1475.49,0.0,2950.98,1755.68,1195.3,Card,Online,,3,5.0,False,False
ORD100309,2023-03-10,CUST0210,Dina Sherif,alexandria,Consumer,Electronics,Phone Case,2,258.8,0.0,517.6,172.56,345.04,Card,Online,,1,4.0,False,False
ORD100544,2023-04-12,CUST0536,Karim El-Sayed,Giza,Consumer,Clothing,Jeans,2,787.08,0.0,1574.16,623.7,950.46,Cash,In-store,Omar F.,0,5.0,False,False
ORD104562,2025-04-17,CUST0540,Omar Hassan,Giza,Consumer,Groceries,Honey Jar,1,324.36,0.0,324.36,196.63,127.73,Mobile Wallet,Online,Khaled T.,2,5.0,False,False
ORD105849,2025-11-28,CUST0190,Hassan Farouk,Mansoura,SMB,Electronics,Bluetooth Speaker,1,875.49,10.0,787.94,556.55,231.39,Cash,Online,,7,,True,False
ORD101202,2023-09-11,CUST0033,Yasmin El-Sayed,Tanta,Consumer,Sports,Dumbbell Set,1,1851.17,0.0,1851.17,1081.1,770.07,Mobile Wallet,Phone,Nourhan S.,0,4.0,False,False
ORD100249,2023-02-28,CUST0479,Nada Khalil,Aswan,SMB,Clothing,Men's T-Shirt,2,370.07,0.0,740.14,310.34,429.8,Mobile Wallet,Online,Sara M.,3,,False,False
ORD102241,2024-03-23,CUST0498,Dina Ibrahim,Alexandria,Consumer,SPORTS,Football,2,406.2,0.0,812.4,362.06,450.34,Card,In-store,Youssef A.,0,5.0,False,False
ORD104038,2025-02-11,CUST0359,Rania Abdel Rahman,Tanta,SMB,Groceries,Rice 5kg,1,211.88,0.0,211.88,148.27,63.61,Cash,In-store,Nourhan S.,0,5.0,False,False
ORD105539,2025-10-18,CUST0234,Salma Khalil,Cairo,Consumer,Home & Kitchen,Coffee Maker,1,1557.33,0.0,1557.33,819.07,738.26,Mobile Wallet,Online,,1,5.0,False,False
ORD103149,2024-09-22,CUST0534,Amr El-Sayed,Aswan,Consumer,Groceries,Rice 5kg,1,232.67,0.0,232.67,151.27,81.4,Mobile Wallet,Online,Mona K.,2,4.0,False,False
ORD100138,2023-02-01,CUST0311,Amr Aziz,Cairo,Consumer,Electronics,Power Bank,2,585.27,0.0,1170.54,693.54,477.0,Card,In-store,Khaled T.,0,5.0,False,False
ORD104312,2025-03-15,CUST0160,Mona Sherif,Alexandria,Consumer,Clothing,Hoodie,1,692.41,0.0,692.41,308.15,384.26,Mobile Wallet,Phone,Youssef A.,0,5.0,False,False
ORD100235,2023-02-24,CUST0007,Youssef Abdel Rahman,Mansoura,SMB,Electronics,Phone Case,1,267.6,0.0,267.6,88.59,179.01,Cash,Online,Nourhan S.,2,5.0,False,False
ORD103851,2025-01-16,CUST0330,Heba Ibrahim,Cairo,SMB,Home & Kitchen,Air Fryer,1,2756.33,0.0,2756.33,1707.15,1049.18,Mobile Wallet,In-store,Khaled T.,0,4.0,False,False
ORD104546,2025-04-14,CUST0299,Rania Khalil,Cairo,Enterprise,Home & Kitchen,Cookware Set,2,2157.89,0.0,4315.78,2614.66,1701.12,Card,Online,Omar F.,1,5.0,False,False
ORD103235,2024-10-09,CUST0080,Amr Abdel Rahman,Alexandria,SMB,Clothing,Men's T-Shirt,1,357.99,0.0,357.99,145.76,212.23,Card,In-store,Youssef A.,0,4.0,False,False
ORD104261,2025-03-09,CUST0538,Sara Ibrahim,Giza,SMB,Clothing,Women's Dress,1,881.93,0.0,881.93,412.61,469.32,Card,In-store,Khaled T.,0,5.0,False,False
ORD100091,2023-01-21,CUST0207,Dina Abdel Rahman,alexandria,SMB,Groceries,Coffee 250g,5,188.26,0.0,941.3,513.7,427.6,Card,Online,Nourhan S.,1,5.0,False,False
ORD105285,2025-09-04,CUST0395,Sara Sherif,Aswan,Consumer,Home & Kitchen,Cookware Set,1,2229.37,0.0,2229.37,1338.94,890.43,Card,Online,,0,5.0,False,False
ORD103228,2024-10-08,CUST0142,Laila El-Sayed,Mansoura,Consumer,Sports,Dumbbell Set,1,1776.94,10.0,1599.25,1145.86,453.39,Card,Online,,2,,True,False
ORD105889,2025-12-01,CUST0475,Khaled Sherif,Tanta,SMB,Sports,Running Shoes,1,1499.17,0.0,1499.17,810.66,688.51,Card,In-store,Mona K.,0,4.0,False,False
ORD101939,2024-02-06,CUST0558,Omar Ibrahim,Cairo,Consumer,Clothing,Sneakers,2,1374.77,0.0,2749.54,1412.6,1336.94,Card,Online,,1,5.0,False,False
ORD102169,2024-03-14,CUST0295,Salma Aziz,Cairo,SMB,Beauty,Hair Dryer,2,957.35,0.0,1914.7,869.44,1045.26,Card,In-store,Mona K.,0,,False,False
ORD102828,2024-07-11,CUST0393,Yasmin Aziz,Cairo,Consumer,Clothing,Men's T-Shirt,1,341.27,0.0,341.27,152.01,189.26,Card,Phone,Nourhan S.,0,5.0,False,False
ORD101989,2024-02-16,CUST0068,Mona Sherif,Cairo,SMB,Clothing,Men's T-Shirt,1,346.68,15.0,294.68,156.63,138.05,Mobile Wallet,Online,Sara M.,7,,True,False
ORD102005,2024-02-20,CUST0037,Laila Farouk,Aswan,Consumer,Home & Kitchen,Blender,1,1159.58,0.0,1159.58,612.12,547.46,Mobile Wallet,Online,Khaled T.,3,5.0,False,False
ORD105635,2025-11-02,CUST0427,Nada Ibrahim,Cairo,Consumer,Electronics,Smart Watch,1,3713.73,0.0,3713.73,2108.99,1604.74,Mobile Wallet,Online,,2,3.0,False,False
ORD101219,2023-09-17,CUST0418,Nada Mostafa,Cairo,Consumer,Electronics,Bluetooth Speaker,1,910.9,0.0,910.9,527.19,383.71,Mobile Wallet,In-store,Nourhan S.,0,5.0,False,False
ORD102926,2024-08-03,CUST0226,Adel El-Sayed,Alexandria,SMB,CLOTHING,Women's Dress,1,960.12,0.0,960.12,406.69,553.43,Cash,Online,,1,4.0,False,False
ORD100887,2023-06-15,CUST0212,Ahmed Khalil,cairo,Consumer,Beauty,Perfume,1,1338.14,0.0,1338.14,613.45,724.69,Mobile Wallet,Online,,7,5.0,False,False
ORD102064,2024-03-02,CUST0493,Ahmed Khalil,Cairo,SMB,Home & Kitchen,Air Fryer,1,2649.91,0.0,2649.91,1634.74,1015.17,Mobile Wallet,Phone,Mona K.,0,1.0,False,False
ORD104960,2025-06-26,CUST0353,Karim Sherif,Cairo,Consumer,Electronics,Wireless Earbuds,1,1252.52,0.0,1252.52,728.22,524.3,Cash,In-store,Youssef A.,0,3.0,False,False
ORD103933,2025-01-31,CUST0440,Hassan Khalil,Giza,SMB,Sports,Yoga Mat,2,479.78,20.0,767.65,422.46,345.19,Mobile Wallet,Online,,4,4.0,True,False
ORD103912,2025-01-27,CUST0280,Omar Sherif,Alexandria,Consumer,Home & Kitchen,Cookware Set,1,2279.65,0.0,2279.65,1260.28,1019.37,Cash,Phone,,0,3.0,False,False
ORD103737,2024-12-30,CUST0384,Heba Khalil,Cairo,Consumer,Groceries,Olive Oil 1L,1,300.05,0.0,300.05,180.38,119.67,Card,Online,Khaled T.,3,3.0,False,False
ORD100821,2023-05-28,CUST0181,Omar Mostafa,Mansoura,Consumer,Groceries,Rice 5kg,1,236.16,0.0,236.16,152.08,84.08,Cash,Online,Nourhan S.,3,2.0,False,False
ORD101707,2023-12-25,CUST0270,Salma Sherif,Giza,SMB,Beauty,Hair Dryer,2,877.19,0.0,1754.38,944.96,809.42,Card,Online,,2,2.0,False,False
ORD100652,2023-04-26,CUST0350,Dina Hassan,Alexandria,SMB,Clothing,Sneakers,2,1465.89,0.0,2931.78,1358.34,1573.44,Cash,Phone,Nourhan S.,0,3.0,False,False
ORD105278,2025-09-02,CUST0540,Omar Hassan,Giza,Consumer,Groceries,Olive Oil 1L,1,298.57,0.0,298.57,183.08,115.49,Card,Online,Youssef A.,4,,False,False
ORD104396,2025-03-25,CUST0164,Rania Mahmoud,Cairo,Consumer,Electronics,Smart Watch,1,3749.82,0.0,3749.82,2186.36,1563.46,Card,Online,Youssef A.,4,4.0,False,False
ORD101418,2023-10-30,CUST0199,Khaled Abdel Rahman,Cairo,Consumer,Groceries,Honey Jar,1,331.25,0.0,331.25,201.16,130.09,Installment,In-store,Youssef A.,0,5.0,False,False
ORD105818,2025-11-26,CUST0285,Ahmed Hassan,Mansoura,Consumer,Groceries,Olive Oil 1L,3,295.44,25.0,664.74,531.72,133.02,Card,Online,,3,1.0,True,False
ORD105251,2025-08-28,CUST0095,Mahmoud Khalil,Aswan,Consumer,Electronics,Smart Watch,2,3498.71,0.0,6997.42,4164.08,2833.34,Card,In-store,Sara M.,0,4.0,False,False
ORD103389,2024-11-11,CUST0333,Laila El-Sayed,alexandria,Consumer,Clothing,Men's T-Shirt,1,334.73,0.0,334.73,144.84,189.89,Card,In-store,Mona K.,0,2.0,False,False
ORD104318,2025-03-16,CUST0236,Sara Sherif,Cairo,SMB,Beauty,Skincare Set,2,804.08,0.0,1608.16,696.58,911.58,Card,Phone,Mona K.,0,5.0,False,False
ORD103637,2024-12-13,CUST0440,Hassan Khalil,Giza,SMB,Home & Kitchen,Blender,1,1136.05,0.0,1136.05,607.76,528.29,Cash,Online,Youssef A.,4,4.0,False,False
ORD100083,2023-01-19,CUST0193,Rania Aziz,Aswan,Consumer,Electronics,Wireless Earbuds,2,1233.26,0.0,2466.52,1486.22,980.3,Card,In-store,Omar F.,0,3.0,False,False
ORD101378,2023-10-23,CUST0278,Sara Abdel Rahman,Aswan,Consumer,Clothing,Hoodie,1,689.84,0.0,689.84,309.73,380.11,Card,In-store,Sara M.,0,3.0,False,False
ORD102405,2024-04-19,CUST0439,Hassan Ibrahim,Alexandria,Consumer,Sports,Dumbbell Set,1,1811.55,0.0,1811.55,1116.18,695.37,Mobile Wallet,In-store,Mona K.,0,5.0,False,False
ORD101701,2023-12-24,CUST0501,Hassan Abdel Rahman,Tanta,Consumer,Electronics,Phone Case,1,265.16,0.0,265.16,93.55,171.61,Cash,In-store,Sara M.,0,,False,False
ORD101534,2023-11-24,CUST0563,Nada Sherif,Mansoura,SMB,Sports,Yoga Mat,5,455.34,25.0,1707.52,1121.3,586.22,Cash,In-store,Sara M.,0,5.0,True,False
ORD105552,2025-10-21,CUST0376,Mahmoud Ibrahim,Giza,Consumer,Clothing,Sneakers,2,1457.3,0.0,2914.6,1381.84,1532.76,Cash,Online,,5,4.0,False,False
ORD100327,2023-03-12,CUST0396,Youssef Aziz,Cairo,Consumer,Electronics,Wireless Earbuds,1,1189.19,0.0,1189.19,779.35,409.84,Card,In-store,Omar F.,0,4.0,False,False
ORD104744,2025-05-19,CUST0348,Nourhan Ibrahim,Mansoura,Consumer,Clothing,Jeans,1,696.67,0.0,696.67,334.08,362.59,Installment,In-store,Nourhan S.,0,5.0,False,False
ORD100921,2023-06-25,CUST0018,Adel Mahmoud,Cairo,Consumer,Home & Kitchen,Cookware Set,1,2305.95,0.0,2305.95,1268.72,1037.23,Cash,Online,Sara M.,7,3.0,False,False
ORD101124,2023-08-25,CUST0431,Tarek Hassan,Giza,Enterprise,Beauty,Makeup Kit,1,569.4,0.0,569.4,239.78,329.62,Card,In-store,Mona K.,0,,False,False
ORD100853,2023-06-06,CUST0469,Nada Ibrahim,Cairo,Consumer,Clothing,Men's T-Shirt,1,349.53,0.0,-349.53,146.93,-202.6,Cash,In-store,Youssef A.,0,4.0,False,True
ORD105336,2025-09-13,CUST0283,Nada Khalil,Tanta,SMB,Sports,Yoga Mat,1,467.25,0.0,467.25,212.96,254.29,Cash,In-store,Youssef A.,0,,False,False
ORD101788,2024-01-08,CUST0067,Adel Abdel Rahman,,SMB,Beauty,Perfume,2,1365.81,0.0,2731.62,1145.52,1586.1,Mobile Wallet,Online,Mona K.,0,3.0,False,False
ORD103771,2025-01-04,CUST0180,Yasmin Farouk,Aswan,Consumer,Sports,Yoga Mat,1,448.35,0.0,448.35,213.22,235.13,Mobile Wallet,Phone,Sara M.,0,3.0,False,False
ORD102520,2024-05-12,CUST0369,Khaled Aziz,Tanta,SMB,Electronics,Power Bank,1,577.55,0.0,577.55,360.11,217.44,Mobile Wallet,Online,,5,3.0,False,False
ORD100220,2023-02-20,CUST0298,Mahmoud Sherif,Giza,Consumer,Electronics,Wireless Earbuds,2,1115.89,0.0,2231.78,1511.52,720.26,Card,Online,,1,5.0,False,False
ORD102030,2024-02-27,CUST0281,Adel Mahmoud,Cairo,Consumer,Clothing,Sneakers,1,1410.5,0.0,1410.5,720.92,689.58,Mobile Wallet,Online,Youssef A.,2,3.0,False,False
ORD104876,2025-06-11,CUST0246,Nada Aziz,Giza,SMB,Home & Kitchen,Air Fryer,1,2589.05,0.0,2589.05,1685.65,903.4,Cash,Online,Youssef A.,2,2.0,False,False
ORD102565,2024-05-21,CUST0417,Nourhan El-Sayed,Tanta,Consumer,Electronics,Wireless Earbuds,2,1106.43,0.0,2212.86,1426.06,786.8,Installment,In-store,Youssef A.,0,5.0,False,False
ORD104626,2025-04-28,CUST0255,Yasmin Aziz,Tanta,Consumer,Beauty,Skincare Set,1,741.25,0.0,741.25,353.16,388.09,Mobile Wallet,Online,,1,4.0,False,False
ORD101066,2023-08-04,CUST0203,Khaled Sherif,Cairo,Consumer,Sports,Dumbbell Set,1,1740.0,0.0,1740.0,1132.07,607.93,Cash,Online,Nourhan S.,4,,False,False
ORD101807,2024-01-12,CUST0521,Salma Farouk,Giza,Consumer,Groceries,Coffee 250g,1,189.89,0.0,189.89,98.55,91.34,Mobile Wallet,Online,Khaled T.,3,4.0,False,False
ORD100857,2023-06-07,CUST0478,Tarek Khalil,Giza,Consumer,Home & Kitchen,Cookware Set,1,2178.03,0.0,2178.03,1346.29,831.74,Card,Online,,0,4.0,False,False
ORD104904,2025-06-16,CUST0295,Salma Aziz,Cairo,SMB,Clothing,Hoodie,1,604.92,0.0,604.92,305.14,299.78,Mobile Wallet,Phone,Omar F.,0,5.0,False,False
ORD103031,2024-09-01,CUST0242,Khaled Ibrahim,Giza,Consumer,Beauty,Makeup Kit,1,553.59,0.0,553.59,245.56,308.03,Cash,In-store,Khaled T.,0,5.0,False,False
ORD102559,2024-05-20,CUST0215,Rania Mahmoud,Tanta,Consumer,Clothing,Jeans,1,765.88,0.0,765.88,313.93,451.95,Mobile Wallet,In-store,Nourhan S.,0,5.0,False,False
ORD100941,2023-06-29,CUST0190,Hassan Farouk,Mansoura,SMB,Groceries,Coffee 250g,1,169.05,0.0,169.05,103.79,65.26,Card,In-store,Khaled T.,0,5.0,False,False
ORD104109,2025-02-20,CUST0595,Heba El-Sayed,Giza,SMB,Sports,Running Shoes,1,1670.77,0.0,1670.77,850.22,820.55,Mobile Wallet,In-store,,0,4.0,False,False
ORD100701,2023-05-05,CUST0251,Omar Mostafa,Cairo,Consumer,Electronics,Phone Case,1,243.2,0.0,243.2,92.77,150.43,Installment,In-store,Omar F.,0,4.0,False,False
ORD102641,2024-06-03,CUST0205,Omar Mostafa,Alexandria,Consumer,Beauty,Perfume,1,1389.33,0.0,-1389.33,607.07,-782.26,Mobile Wallet,Online,Mona K.,4,4.0,False,True
ORD103607,2024-12-07,CUST0061,Dina Hassan,Aswan,Consumer,Clothing,Jeans,1,804.45,0.0,804.45,308.95,495.5,Installment,Online,,2,5.0,False,False
ORD100221,2023-02-20,CUST0213,Khaled Mostafa,Mansoura,Consumer,Clothing,Men's T-Shirt,1,356.54,0.0,356.54,155.41,201.13,Mobile Wallet,Online,,1,4.0,False,False
ORD104142,2025-02-23,CUST0031,Dina Mostafa,Aswan,Consumer,Groceries,Rice 5kg,1,220.94,0.0,220.94,143.66,77.28,Installment,Online,,3,,False,False
ORD104934,2025-06-21,CUST0448,Laila Abdel Rahman,Cairo,Consumer,Sports,Football,2,396.12,0.0,792.24,342.16,450.08,Cash,In-store,Youssef A.,0,2.0,False,False
ORD102063,2024-03-02,CUST0496,Khaled Khalil,Alexandria,Consumer,Electronics,Bluetooth Speaker,1,960.77,0.0,960.77,525.77,435.0,Card,Online,Nourhan S.,2,5.0,False,False
ORD101651,2023-12-10,CUST0322,Nourhan Ibrahim,Giza,Consumer,CLOTHING,Sneakers,1,1351.23,0.0,1351.23,684.26,666.97,Installment,Online,Nourhan S.,3,3.0,False,False
ORD104703,2025-05-11,CUST0187,Karim Khalil,Alexandria,Consumer,Clothing,Hoodie,1,678.4,0.0,678.4,285.47,392.93,Mobile Wallet,Online,,2,5.0,False,False
ORD101050,2023-07-30,CUST0371,Heba El-Sayed,Cairo,Consumer,Clothing,Jeans,1,764.49,0.0,764.49,332.23,432.26,Cash,In-store,Sara M.,0,1.0,False,False
ORD100638,2023-04-23,CUST0465,Adel Abdel Rahman,Giza,Consumer,Clothing,Jeans,2,706.74,0.0,1413.48,657.72,755.76,Cash,Online,Omar F.,0,5.0,False,False
ORD105550,2025-10-20,CUST0475,Khaled Sherif,Tanta,SMB,Home & Kitchen,Coffee Maker,1,1425.07,0.0,1425.07,833.95,591.12,Mobile Wallet,Online,,4,2.0,False,False
ORD100894,2023-06-17,CUST0216,Mona Ibrahim,Giza,SMB,Electronics,Smart Watch,1,3602.25,0.0,3602.25,2171.74,1430.51,Mobile Wallet,In-store,Mona K.,0,5.0,False,False
ORD102878,2024-07-23,CUST0038,Rania El-Sayed,Mansoura,Consumer,Groceries,Rice 5kg,2,206.75,0.0,413.5,304.42,109.08,Installment,Online,,4,1.0,False,False
ORD103141,2024-09-20,CUST0091,Mona Farouk,mansoura,Consumer,Home & Kitchen,Coffee Maker,2,1503.67,0.0,3007.34,1760.34,1247.0,Card,Online,Youssef A.,7,4.0,False,False
ORD100048,2023-01-11,CUST0154,Salma Aziz,Cairo,Consumer,Electronics,Power Bank,2,639.16,0.0,1278.32,731.06,547.26,Cash,Phone,Nourhan S.,0,5.0,False,False
ORD104311,2025-03-15,CUST0133,Sara Ibrahim,Mansoura,Enterprise,Clothing,Women's Dress,1,860.52,0.0,860.52,415.19,445.33,Mobile Wallet,In-store,Khaled T.,0,5.0,False,False
ORD105943,2025-12-09,CUST0449,Laila Aziz,Alexandria,Consumer,Electronics,Phone Case,2,241.46,0.0,482.92,172.36,310.56,Installment,Online,Sara M.,4,1.0,False,False
ORD101852,2024-01-22,CUST0035,Heba Khalil,Cairo,Consumer,Beauty,Perfume,1,1334.24,0.0,1334.24,588.61,745.63,Mobile Wallet,In-store,Sara M.,0,4.0,False,False
ORD103970,2025-02-05,CUST0018,Adel Mahmoud,Cairo,Consumer,Home & Kitchen,Air Fryer,2,140153.5,0.0,280307.0,3500.12,2106.02,Cash,Online,Khaled T.,2,5.0,False,False
ORD105855,2025-11-29,CUST0358,Amr Aziz,Cairo,Consumer,Electronics,Wireless Earbuds,1,1212.16,10.0,1090.94,742.35,348.59,Mobile Wallet,Online,,1,4.0,True,False
ORD102129,2024-03-09,CUST0242,Khaled Ibrahim,Giza,Consumer,Clothing,Men's T-Shirt,1,327.53,0.0,327.53,144.01,183.52,Card,In-store,Khaled T.,0,3.0,False,False
ORD104099,2025-02-19,CUST0233,Sara Sherif,Mansoura,Consumer,Sports,Football,1,355.31,0.0,355.31,175.0,180.31,Installment,In-store,Omar F.,0,3.0,False,False
ORD105955,2025-12-12,CUST0365,Adel Hassan,Alexandria,Consumer,Electronics,Power Bank,1,587.96,0.0,587.96,345.86,242.1,Installment,In-store,Mona K.,0,,False,False
ORD102305,2024-03-31,CUST0209,Mona Mostafa,Alexandria,SMB,Clothing,Jeans,1,696.9,0.0,696.9,319.84,377.06,Card,Online,Omar F.,3,4.0,False,False
ORD101635,2023-12-07,CUST0517,Omar Mostafa,Alexandria,Consumer,Home & Kitchen,Coffee Maker,1,1441.78,0.0,1441.78,882.99,558.79,Cash,Online,,1,2.0,False,False
ORD103165,2024-09-25,CUST0078,Ahmed Hassan,Alexandria,Consumer,Beauty,Hair Dryer,1,893.05,0.0,893.05,435.05,458.0,Card,In-store,Nourhan S.,0,,False,False
ORD101243,2023-09-22,CUST0285,Ahmed Hassan,Mansoura,Consumer,Groceries,Olive Oil 1L,2,261.8,0.0,523.6,376.14,147.46,Card,In-store,Mona K.,0,4.0,False,False
ORD101227,2023-09-18,CUST0003,Omar Sherif,Alexandria,Consumer,Electronics,Wireless Earbuds,1,1114.63,0.0,1114.63,716.3,398.33,Mobile Wallet,Online,Khaled T.,3,5.0,False,False
ORD100432,2023-03-27,CUST0395,Sara Sherif,Aswan,Consumer,Electronics,Power Bank,1,599.44,0.0,599.44,358.12,241.32,Installment,Online,Mona K.,2,2.0,False,False
ORD104988,2025-06-30,CUST0576,Heba Aziz,Cairo,Consumer,Electronics,Phone Case,2,261.16,0.0,522.32,185.22,337.1,Mobile Wallet,In-store,Youssef A.,0,4.0,False,False
ORD102267,2024-03-26,CUST0059,Heba Mahmoud,Tanta,Consumer,BEAUTY,Skincare Set,2,826.63,0.0,1653.26,666.32,986.94,Card,Phone,Khaled T.,0,5.0,False,False
ORD100614,2023-04-21,CUST0028,Sara El-Sayed,Alexandria,Consumer,Home & Kitchen,Vacuum Cleaner,1,3253.11,0.0,3253.11,1957.08,1296.03,Installment,Online,,4,5.0,False,False
ORD104425,2025-03-28,CUST0570,Nada Sherif,cairo,SMB,Clothing,Sneakers,1,1335.89,0.0,1335.89,683.75,652.14,Card,Phone,Youssef A.,0,5.0,False,False
ORD105893,2025-12-01,CUST0365,Adel Hassan,Alexandria,Consumer,Clothing,Men's T-Shirt,1,376.46,0.0,376.46,148.81,227.65,Mobile Wallet,Online,,4,2.0,False,False
ORD101042,2023-07-28,CUST0253,Amr Farouk,Alexandria,Consumer,Beauty,Skincare Set,2,769.89,0.0,1539.78,686.76,853.02,Card,In-store,Sara M.,0,5.0,False,False
ORD102929,2024-08-04,CUST0565,Yasmin Mostafa,Cairo,Consumer,Groceries,Olive Oil 1L,1,265.16,0.0,265.16,187.32,77.84,Cash,In-store,Khaled T.,0,,False,False
ORD105169,2025-08-09,CUST0480,Amr Khalil,Cairo,SMB,Sports,Dumbbell Set,2,1670.96,0.0,3341.92,2182.26,1159.66,Cash,Online,Youssef A.,2,3.0,False,False
ORD104167,2025-02-26,CUST0307,Ahmed Farouk,Mansoura,Consumer,Sports,Running Shoes,1,1488.87,0.0,1488.87,828.82,660.05,Installment,In-store,Nourhan S.,0,3.0,False,False
ORD100421,2023-03-25,CUST0456,Laila Mahmoud,Alexandria,Consumer,Clothing,Women's Dress,1,919.27,0.0,919.27,416.58,502.69,Mobile Wallet,Online,Nourhan S.,1,2.0,False,False
ORD100654,2023-04-26,CUST0316,Amr Ibrahim,Alexandria,SMB,Groceries,Olive Oil 1L,1,276.0,0.0,276.0,180.46,95.54,Cash,In-store,Mona K.,0,5.0,False,False
ORD101168,2023-09-05,CUST0165,Dina Mahmoud,Mansoura,Consumer,Home & Kitchen,Blender,1,1027.98,0.0,1027.98,572.95,455.03,Card,In-store,Mona K.,0,5.0,False,False
ORD102529,2024-05-14,CUST0135,Heba Farouk,Cairo,Enterprise,Electronics,Wireless Earbuds,3,1121.5,0.0,3364.5,2271.15,1093.35,Installment,In-store,Omar F.,0,3.0,False,False
ORD105470,2025-10-06,CUST0414,Youssef Hassan,Alexandria,SMB,Groceries,Coffee 250g,1,190.21,0.0,190.21,100.86,89.35,Cash,In-store,Omar F.,0,5.0,False,False
ORD103070,2024-09-08,CUST0302,Sara Sherif,Giza,Consumer,Electronics,Smart Watch,5,3479.45,0.0,17397.25,10733.3,6663.95,Card,Online,Omar F.,2,4.0,False,False
ORD102238,2024-03-23,CUST0043,Ahmed Khalil,Cairo,Consumer,Sports,Dumbbell Set,1,1818.02,0.0,1818.02,1096.63,721.39,Card,Online,,3,3.0,False,False
ORD100675,2023-04-28,CUST0277,Tarek Mostafa,Mansoura,Consumer,SPORTS,Running Shoes,3,1585.59,15.0,4043.25,2625.24,1418.01,Card,Online,Sara M.,2,4.0,True,False
ORD104702,2025-05-11,CUST0236,Sara Sherif,Cairo,SMB,Clothing,Men's T-Shirt,1,335.76,0.0,335.76,155.77,179.99,Mobile Wallet,In-store,Youssef A.,0,3.0,False,False
ORD103555,2024-11-29,CUST0464,Adel Mahmoud,Aswan,SMB,Clothing,Women's Dress,1,953.34,10.0,858.01,386.82,471.19,Card,Online,Omar F.,3,5.0,True,False
ORD101611,2023-12-02,CUST0449,Laila Aziz,Alexandria,Consumer,Home & Kitchen,Vacuum Cleaner,1,3352.22,0.0,3352.22,1865.68,1486.54,Card,Online,,5,4.0,False,False
ORD101407,2023-10-28,CUST0509,Hassan Sherif,Giza,SMB,Electronics,Power Bank,1,632.89,0.0,632.89,367.25,265.64,Cash,In-store,Omar F.,0,1.0,False,False
ORD101739,2023-12-30,CUST0494,Mahmoud Mostafa,Alexandria,Consumer,Beauty,Skincare Set,1,851.65,0.0,851.65,354.11,497.54,Card,Phone,Khaled T.,0,5.0,False,False
ORD102153,2024-03-12,CUST0351,Karim Farouk,,SMB,Clothing,Women's Dress,1,852.16,0.0,852.16,410.85,441.31,Card,In-store,Omar F.,0,5.0,False,False
ORD102802,2024-07-04,CUST0372,Karim Sherif,Alexandria,SMB,Clothing,Sneakers,1,1426.74,0.0,1426.74,680.65,746.09,Mobile Wallet,Online,,3,5.0,False,False
ORD104232,2025-03-06,CUST0334,Laila Mahmoud,Alexandria,SMB,Groceries,Olive Oil 1L,1,265.1,0.0,265.1,173.83,91.27,Card,Phone,Omar F.,0,,False,False
ORD103124,2024-09-17,CUST0195,Ahmed Mahmoud,Mansoura,Consumer,Groceries,Olive Oil 1L,1,276.49,0.0,276.49,172.48,104.01,Cash,Online,Youssef A.,2,4.0,False,False
ORD105323,2025-09-11,CUST0037,Laila Farouk,Aswan,Consumer,Groceries,Coffee 250g,1,168.85,0.0,168.85,97.38,71.47,Cash,Phone,Mona K.,0,4.0,False,False
ORD101648,2023-12-09,CUST0393,Yasmin Aziz,Cairo,Consumer,Clothing,Hoodie,2,676.41,0.0,1352.82,625.84,726.98,Mobile Wallet,Online,Khaled T.,0,5.0,False,False
ORD101849,2024-01-21,CUST0510,Nada Aziz,Alexandria,SMB,Home & Kitchen,Coffee Maker,3,1564.64,0.0,4693.92,2634.51,2059.41,Mobile Wallet,Online,Khaled T.,7,5.0,False,False
ORD101593,2023-11-30,CUST0320,Youssef Ibrahim,alexandria,Consumer,Home & Kitchen,Vacuum Cleaner,1,3026.94,10.0,2724.25,1838.83,885.42,Cash,In-store,Khaled T.,0,4.0,True,False
ORD103631,2024-12-11,CUST0307,Ahmed Farouk,Mansoura,Consumer,Groceries,Coffee 250g,1,192.31,0.0,192.31,100.34,91.97,Cash,Online,Omar F.,4,4.0,False,False
ORD101999,2024-02-18,CUST0539,Laila Mahmoud,Giza,SMB,Electronics,Phone Case,2,253.7,0.0,507.4,178.22,329.18,Cash,In-store,Nourhan S.,0,1.0,False,False
ORD105781,2025-11-23,CUST0557,Omar Sherif,Giza,Enterprise,Beauty,Skincare Set,1,804.08,10.0,723.67,337.0,386.67,Mobile Wallet,Online,,1,4.0,True,False
ORD103752,2025-01-02,CUST0521,Salma Farouk,Giza,Consumer,Clothing,Women's Dress,1,834.88,0.0,834.88,408.09,426.79,Mobile Wallet,Online,,2,1.0,False,False
ORD100642,2023-04-24,CUST0169,Sara Mostafa,Alexandria,Consumer,Groceries,Coffee 250g,1,191.36,0.0,191.36,99.75,91.61,Card,Online,,2,4.0,False,False
ORD101316,2023-10-07,CUST0256,Nada Farouk,Cairo,Consumer,Electronics,Smart Watch,2,3494.45,0.0,6988.9,4305.44,2683.46,Card,In-store,Nourhan S.,0,1.0,False,False
ORD104710,2025-05-14,CUST0245,Karim Ibrahim,Giza,SMB,Groceries,Honey Jar,1,307.1,0.0,307.1,199.28,107.82,Card,In-store,Khaled T.,0,4.0,False,False
ORD102944,2024-08-08,CUST0426,Nada Ibrahim,cairo,Consumer,Electronics,Smart Watch,1,3504.06,0.0,3504.06,2128.17,1375.89,Card,Online,,2,5.0,False,False
ORD100798,2023-05-23,CUST0142,Laila El-Sayed,Mansoura,Consumer,Beauty,Hair Dryer,1,845.58,5.0,-803.3,432.57,-370.73,Cash,Online,,3,5.0,True,True
ORD100688,2023-04-30,CUST0454,Tarek Sherif,Tanta,SMB,Home & Kitchen,Cookware Set,2,2339.76,0.0,4679.52,2704.46,1975.06,Installment,Online,,2,5.0,False,False
ORD100858,2023-06-07,CUST0533,Ahmed Hassan,Giza,SMB,Sports,Running Shoes,1,1640.04,10.0,1476.04,821.46,654.58,Cash,In-store,Omar F.,0,3.0,True,False
ORD104790,2025-05-26,CUST0484,Sara Mostafa,Alexandria,Consumer,Groceries,Honey Jar,1,297.62,0.0,297.62,201.27,96.35,Cash,Online,Sara M.,5,5.0,False,False
ORD101091,2023-08-13,CUST0355,Khaled El-Sayed,Cairo,SMB,Home & Kitchen,Vacuum Cleaner,1,3236.77,0.0,3236.77,1937.5,1299.27,Card,In-store,Youssef A.,0,5.0,False,False
ORD101427,2023-11-01,CUST0363,Youssef Hassan,Alexandria,Consumer,Electronics,Phone Case,1,263.76,5.0,250.57,87.46,163.11,Card,In-store,Mona K.,0,,True,False
ORD102475,2024-05-04,CUST0588,Nourhan Sherif,Aswan,SMB,Clothing,Sneakers,1,1289.52,0.0,1289.52,674.34,615.18,Cash,Online,,3,3.0,False,False
ORD100504,2023-04-07,CUST0027,Heba Ibrahim,Cairo,Consumer,Electronics,Smart Watch,3,3243.45,0.0,-9730.35,6301.92,-3428.43,Installment,Online,Khaled T.,1,4.0,False,True
ORD105871,2025-11-29,CUST0283,Nada Khalil,tanta,SMB,Electronics,Power Bank,2,582.17,15.0,989.69,724.22,265.47,Card,Online,Sara M.,1,3.0,True,False
ORD101578,2023-11-28,CUST0227,Youssef Mahmoud,Giza,Consumer,Electronics,Phone Case,1,243.8,15.0,207.23,93.97,113.26,Card,Online,Khaled T.,0,2.0,True,False
ORD104219,2025-03-05,CUST0592,Mona Aziz,Giza,Consumer,Beauty,Skincare Set,2,767.54,10.0,1381.57,675.54,706.03,Mobile Wallet,In-store,Omar F.,0,5.0,True,False
ORD100078,2023-01-18,CUST0137,Laila Mahmoud,Aswan,Consumer,Electronics,Phone Case,1,237.75,0.0,237.75,93.23,144.52,Mobile Wallet,In-store,Nourhan S.,0,4.0,False,False
ORD103859,2025-01-17,CUST0387,Heba El-Sayed,Giza,Consumer,Groceries,Honey Jar,1,327.86,0.0,327.86,195.76,132.1,Cash,Online,Mona K.,1,5.0,False,False
ORD105806,2025-11-25,CUST0393,Yasmin Aziz,Cairo,Consumer,Electronics,Smart Watch,1,3380.14,20.0,2704.11,2020.03,684.08,Card,In-store,Khaled T.,0,3.0,True,False
ORD103474,2024-11-23,CUST0020,Salma Mostafa,Giza,Consumer,Electronics,Power Bank,1,554.26,15.0,471.12,349.29,121.83,Mobile Wallet,Phone,Khaled T.,0,2.0,True,False
ORD100961,2023-07-05,CUST0352,Sara Sherif,Mansoura,Consumer,Electronics,Power Bank,1,567.37,0.0,567.37,332.77,234.6,Card,Online,Khaled T.,1,3.0,False,False
ORD104058,2025-02-15,CUST0131,Mona Abdel Rahman,Cairo,Consumer,Beauty,Makeup Kit,1,572.73,0.0,572.73,249.3,323.43,Card,In-store,Mona K.,0,5.0,False,False
ORD104074,2025-02-16,CUST0386,Youssef Mahmoud,Alexandria,Consumer,Groceries,Honey Jar,3,319.96,0.0,959.88,599.88,360.0,Mobile Wallet,In-store,Mona K.,0,,False,False
ORD105018,2025-07-07,CUST0239,Youssef Mostafa,Giza,Consumer,Electronics,Phone Case,1,230.1,0.0,230.1,89.69,140.41,Card,In-store,Mona K.,0,2.0,False,False
ORD102886,2024-07-26,CUST0215,Rania Mahmoud,Tanta,Consumer,Electronics,Phone Case,3,232.03,0.0,696.09,261.21,434.88,Card,Online,Nourhan S.,7,,False,False
ORD102827,2024-07-11,CUST0567,Nourhan Aziz,Alexandria,Consumer,Sports,Football,1,384.78,0.0,384.78,178.81,205.97,Cash,Online,,7,4.0,False,False
ORD100458,2023-03-31,CUST0365,Adel Hassan,Alexandria,Consumer,Sports,Yoga Mat,1,455.88,0.0,455.88,230.46,225.42,Cash,Online,,2,3.0,False,False
ORD105341,2025-09-14,CUST0317,Mahmoud Farouk,Alexandria,Consumer,Sports,Running Shoes,1,1475.09,0.0,1475.09,847.67,627.42,Cash,In-store,Sara M.,0,3.0,False,False
ORD105970,2025-12-14,CUST0202,Heba Mostafa,Alexandria,Consumer,Home & Kitchen,Coffee Maker,1,1456.11,0.0,1456.11,811.78,644.33,Card,Online,Nourhan S.,1,3.0,False,False
ORD105095,2025-07-26,CUST0208,Khaled Mostafa,Cairo,Enterprise,Sports,Dumbbell Set,1,1686.11,0.0,1686.11,1072.6,613.51,Cash,Online,Mona K.,3,4.0,False,False
ORD100146,2023-02-04,CUST0128,Rania Aziz,Alexandria,Consumer,Groceries,Rice 5kg,1,227.56,0.0,227.56,146.9,80.66,Mobile Wallet,Phone,Nourhan S.,0,3.0,False,False
ORD101000,2023-07-16,CUST0021,Heba El-Sayed,Alexandria,SMB,Home & Kitchen,Cookware Set,1,2039.32,0.0,2039.32,1287.06,752.26,Card,In-store,Khaled T.,0,4.0,False,False
ORD103266,2024-10-16,CUST0021,Heba El-Sayed,Alexandria,SMB,Home & Kitchen,Vacuum Cleaner,1,3123.68,20.0,2498.94,1956.43,542.51,Cash,Online,,1,2.0,True,False
ORD101059,2023-08-02,CUST0502,Mahmoud Mahmoud,Giza,Consumer,Clothing,Men's T-Shirt,1,337.01,0.0,337.01,144.35,192.66,Mobile Wallet,Online,,1,,False,False
ORD105645,2025-11-03,CUST0275,Nada Ibrahim,Aswan,Consumer,Beauty,Makeup Kit,1,578.66,0.0,578.66,240.02,338.64,Card,Online,Sara M.,4,4.0,False,False
ORD101962,2024-02-11,CUST0323,Khaled Farouk,Cairo,SMB,Sports,Dumbbell Set,2,1887.05,0.0,3774.1,2143.56,1630.54,Cash,Phone,,0,3.0,False,False
ORD104860,2025-06-07,CUST0176,Dina Abdel Rahman,Giza,SMB,Groceries,Rice 5kg,1,225.62,0.0,225.62,150.12,75.5,Cash,In-store,Nourhan S.,0,5.0,False,False
ORD100244,2023-02-27,CUST0393,Yasmin Aziz,Cairo,Consumer,GROCERIES,Rice 5kg,1,223.51,0.0,223.51,150.76,72.75,Mobile Wallet,In-store,Youssef A.,0,1.0,False,False
ORD104020,2025-02-10,CUST0146,Karim Ibrahim,Cairo,Consumer,Clothing,Sneakers,1,1413.79,0.0,1413.79,666.06,747.73,Mobile Wallet,In-store,Omar F.,0,3.0,False,False
ORD101473,2023-11-14,CUST0291,Rania Abdel Rahman,Cairo,SMB,Beauty,Perfume,1,1397.79,0.0,1397.79,605.84,791.95,Cash,Online,Omar F.,2,5.0,False,False
ORD100739,2023-05-11,CUST0217,Nada Khalil,Alexandria,Consumer,Home & Kitchen,Coffee Maker,1,1424.54,0.0,1424.54,874.84,549.7,Card,Online,Omar F.,1,5.0,False,False
ORD101006,2023-07-19,CUST0255,Yasmin Aziz,Tanta,Consumer,Beauty,Skincare Set,2,858.96,0.0,1717.92,713.18,1004.74,Installment,In-store,Nourhan S.,0,3.0,False,False
ORD101715,2023-12-26,CUST0293,Sara Hassan,Cairo,SMB,Groceries,Coffee 250g,1,171.35,0.0,171.35,97.69,73.66,Cash,In-store,Sara M.,0,5.0,False,False
ORD104849,2025-06-06,CUST0477,Nourhan Mostafa,Alexandria,Consumer,Groceries,Rice 5kg,5,208.22,0.0,1041.1,716.7,324.4,Card,In-store,Youssef A.,0,5.0,False,False
ORD104493,2025-04-05,CUST0496,Khaled Khalil,Alexandria,Consumer,Electronics,Phone Case,3,241.66,0.0,724.98,267.12,457.86,Card,Phone,Sara M.,0,5.0,False,False
ORD105102,2025-07-27,CUST0215,Rania Mahmoud,Tanta,Consumer,Beauty,Makeup Kit,2,595.46,0.0,1190.92,478.96,711.96,Card,Online,,4,5.0,False,False
ORD104171,2025-02-27,CUST0028,Sara El-Sayed,Alexandria,Consumer,Groceries,Coffee 250g,1,190.31,0.0,190.31,102.58,87.73,Card,Online,Nourhan S.,4,5.0,False,False
ORD100506,2023-04-07,CUST0531,Tarek Khalil,Alexandria,Consumer,Beauty,Perfume,1,1301.19,0.0,1301.19,619.03,682.16,Cash,Online,Nourhan S.,2,4.0,False,False
ORD105834,2025-11-27,CUST0585,Hassan Abdel Rahman,Tanta,Consumer,Electronics,Bluetooth Speaker,1,902.78,15.0,767.36,558.25,209.11,Mobile Wallet,In-store,Nourhan S.,0,4.0,True,False
ORD101326,2023-10-10,CUST0540,Omar Hassan,Giza,Consumer,Electronics,Smart Watch,1,3774.14,0.0,3774.14,2152.43,1621.71,Cash,Online,Youssef A.,1,4.0,False,False
ORD102657,2024-06-05,CUST0329,Heba Aziz,Mansoura,Consumer,Sports,Running Shoes,3,1480.51,0.0,4441.53,2657.79,1783.74,Card,In-store,Sara M.,0,5.0,False,False
ORD103040,2024-09-03,CUST0448,Laila Abdel Rahman,Cairo,Consumer,Clothing,Women's Dress,1,970.12,10.0,873.11,382.68,490.43,Card,Online,Mona K.,2,5.0,True,False
ORD105022,2025-07-09,CUST0282,Youssef El-Sayed,Cairo,Consumer,Sports,Football,3,400.65,0.0,1201.95,515.94,686.01,Installment,Online,,3,2.0,False,False
ORD104486,2025-04-04,CUST0202,Heba Mostafa,Alexandria,Consumer,Groceries,Rice 5kg,2,237.54,0.0,475.08,313.0,162.08,Cash,In-store,Sara M.,0,3.0,False,False
ORD105733,2025-11-19,CUST0130,Salma El-Sayed,cairo,Consumer,Beauty,Perfume,1,1294.72,0.0,1294.72,570.5,724.22,Card,In-store,Sara M.,0,5.0,False,False
ORD105854,2025-11-28,CUST0193,Rania Aziz,Aswan,Consumer,Home & Kitchen,Cookware Set,1,2312.45,5.0,2196.83,1284.21,912.62,Cash,In-store,Mona K.,0,5.0,True,False
ORD104433,2025-03-28,CUST0387,Heba El-Sayed,Giza,Consumer,Electronics,Bluetooth Speaker,1,904.37,0.0,904.37,524.58,379.79,Mobile Wallet,Phone,Khaled T.,0,4.0,False,False
ORD105681,2025-11-10,CUST0550,Ahmed Khalil,Cairo,Consumer,Electronics,Bluetooth Speaker,3,913.2,0.0,2739.6,1670.01,1069.59,Cash,Online,,0,5.0,False,False
ORD101717,2023-12-26,CUST0522,Karim Mahmoud,Alexandria,SMB,Beauty,Hair Dryer,1,940.21,0.0,940.21,451.93,488.28,Cash,In-store,Mona K.,0,4.0,False,False
ORD100478,2023-04-03,CUST0327,Dina Hassan,Alexandria,SMB,Groceries,Olive Oil 1L,1,265.72,0.0,265.72,185.59,80.13,Cash,Phone,Youssef A.,0,,False,False
ORD100056,2023-01-13,CUST0391,Omar Aziz,Aswan,Consumer,Electronics,Phone Case,1,239.22,0.0,239.22,85.51,153.71,Installment,Online,Khaled T.,3,2.0,False,False
ORD105226,2025-08-23,CUST0336,Youssef El-Sayed,Tanta,Consumer,Beauty,Perfume,1,1356.25,0.0,1356.25,600.59,755.66,Card,Online,Nourhan S.,4,3.0,False,False
ORD104895,2025-06-14,CUST0454,Tarek Sherif,Tanta,SMB,Home & Kitchen,Air Fryer,2,2841.94,0.0,5683.88,3237.66,2446.22,Mobile Wallet,In-store,Mona K.,0,4.0,False,False
ORD102481,2024-05-05,CUST0176,Dina Abdel Rahman,Giza,SMB,Groceries,Coffee 250g,5,186.73,0.0,933.65,494.45,439.2,Cash,In-store,Youssef A.,0,5.0,False,False
ORD101732,2023-12-29,CUST0339,Karim Mahmoud,Alexandria,SMB,Sports,Running Shoes,2,1621.24,0.0,3242.48,1684.68,1557.8,Card,Online,,2,3.0,False,False
ORD100081,2023-01-19,CUST0509,Hassan Sherif,Giza,SMB,Clothing,Men's T-Shirt,1,352.29,0.0,352.29,152.95,199.34,Card,In-store,Sara M.,0,2.0,False,False
ORD105984,2025-12-17,CUST0192,Ahmed El-Sayed,Aswan,Consumer,Home & Kitchen,Coffee Maker,1,1453.34,0.0,1453.34,891.59,561.75,Mobile Wallet,In-store,Youssef A.,0,4.0,False,False
ORD100711,2023-05-06,CUST0567,Nourhan Aziz,Alexandria,Consumer,Home & Kitchen,Coffee Maker,2,1577.2,0.0,3154.4,1635.78,1518.62,Cash,Online,,0,5.0,False,False
ORD103791,2025-01-06,CUST0085,Karim Farouk,Aswan,Consumer,Home & Kitchen,Coffee Maker,1,1574.82,0.0,1574.82,886.42,688.4,Card,In-store,Nourhan S.,0,5.0,False,False
ORD101719,2023-12-27,CUST0525,Nada Abdel Rahman,Cairo,SMB,Clothing,Women's Dress,1,922.71,0.0,-922.71,410.65,-512.06,Mobile Wallet,Online,,5,4.0,False,True
ORD100200,2023-02-15,CUST0327,Dina Hassan,Alexandria,SMB,Home & Kitchen,Blender,1,1081.22,0.0,1081.22,602.67,478.55,Mobile Wallet,Online,Mona K.,2,3.0,False,False
ORD104325,2025-03-16,CUST0317,Mahmoud Farouk,Alexandria,Consumer,Groceries,Olive Oil 1L,2,265.15,0.0,-530.3,355.32,-174.98,Mobile Wallet,Online,Omar F.,5,1.0,False,True
ORD102582,2024-05-24,CUST0143,Ahmed Ibrahim,Alexandria,Consumer,Electronics,Power Bank,5,559.52,0.0,2797.6,1794.2,1003.4,Installment,Online,Khaled T.,5,4.0,False,False
ORD100194,2023-02-14,CUST0283,Nada Khalil,Tanta,SMB,Clothing,Men's T-Shirt,2,328.19,0.0,656.38,286.06,370.32,Card,Online,,1,4.0,False,False
ORD100522,2023-04-09,CUST0427,Nada Ibrahim,Cairo,Consumer,Home & Kitchen,Blender,2,1146.34,0.0,2292.68,1226.72,1065.96,Card,Online,Youssef A.,3,4.0,False,False
ORD102146,2024-03-12,CUST0364,Salma Sherif,Giza,Consumer,Home & Kitchen,Vacuum Cleaner,1,3455.38,0.0,3455.38,1932.49,1522.89,Card,In-store,Khaled T.,0,2.0,False,False
ORD101702,2023-12-24,CUST0297,Youssef Mahmoud,Cairo,Consumer,Home & Kitchen,Air Fryer,1,2949.25,0.0,2949.25,1708.17,1241.08,Cash,Phone,Youssef A.,0,4.0,False,False
ORD100069,2023-01-16,CUST0595,Heba El-Sayed,Giza,SMB,Electronics,Smart Watch,1,3339.33,20.0,2671.46,2192.2,479.26,Mobile Wallet,In-store,Sara M.,0,5.0,True,False
ORD102051,2024-03-01,CUST0089,Khaled Ibrahim,Tanta,Consumer,Groceries,Olive Oil 1L,2,297.95,0.0,595.9,353.74,242.16,Card,Online,Youssef A.,2,3.0,False,False
ORD100318,2023-03-11,CUST0023,Mona Mostafa,Cairo,Consumer,Sports,Football,1,381.57,0.0,381.57,183.93,197.64,Installment,Online,Omar F.,3,4.0,False,False
ORD104918,2025-06-19,CUST0006,Sara Khalil,Tanta,Consumer,Home & Kitchen,Cookware Set,1,2289.73,20.0,1831.78,1335.53,496.25,Cash,Online,Sara M.,0,3.0,True,False
ORD104402,2025-03-26,CUST0600,Mahmoud Mostafa,Giza,Enterprise,Electronics,Power Bank,1,607.14,0.0,607.14,359.07,248.07,Mobile Wallet,Online,,0,4.0,False,False
ORD103175,2024-09-27,CUST0086,Karim Khalil,Alexandria,Consumer,Home & Kitchen,Blender,1,1080.64,0.0,1080.64,614.71,465.93,Cash,Online,,2,2.0,False,False
ORD101481,2023-11-16,CUST0271,Mona Farouk,Aswan,Consumer,Clothing,Hoodie,1,664.18,0.0,664.18,307.24,356.94,Cash,Phone,Khaled T.,0,4.0,False,False
ORD102084,2024-03-04,CUST0206,Ahmed Farouk,Tanta,SMB,Home & Kitchen,Cookware Set,1,2270.57,0.0,2270.57,1242.25,1028.32,Mobile Wallet,Online,Nourhan S.,1,5.0,False,False
ORD104888,2025-06-14,CUST0413,Hassan Mahmoud,Giza,SMB,Beauty,Hair Dryer,5,935.58,0.0,4677.9,2203.95,2473.95,Cash,In-store,Khaled T.,0,5.0,False,False
ORD100354,2023-03-16,CUST0201,Amr Ibrahim,Mansoura,SMB,CLOTHING,Women's Dress,1,901.08,0.0,901.08,396.05,505.03,Cash,Online,Sara M.,4,5.0,False,False
ORD101049,2023-07-29,CUST0208,Khaled Mostafa,Cairo,Enterprise,Sports,Football,2,395.92,0.0,791.84,354.74,437.1,Cash,Online,Mona K.,2,2.0,False,False
ORD101080,2023-08-08,CUST0231,Mona Hassan,Tanta,SMB,Electronics,Phone Case,1,250.98,0.0,250.98,92.85,158.13,Cash,Online,Youssef A.,2,2.0,False,False
ORD103976,2025-02-05,CUST0162,Ahmed Aziz,Giza,Enterprise,Electronics,Phone Case,1,242.14,0.0,242.14,90.27,151.87,Card,Online,,1,4.0,False,False
ORD101117,2023-08-22,CUST0583,Salma Farouk,Cairo,Consumer,Sports,Dumbbell Set,5,1937.73,0.0,9688.65,5484.15,4204.5,Card,In-store,Omar F.,0,4.0,False,False
ORD103220,2024-10-06,CUST0184,Laila Mostafa,Aswan,Consumer,Clothing,Men's T-Shirt,1,359.61,0.0,359.61,145.04,214.57,Cash,Online,Nourhan S.,2,5.0,False,False
ORD104603,2025-04-24,CUST0394,Karim Mostafa,Alexandria,SMB,Groceries,Coffee 250g,2,169.88,0.0,339.76,209.98,129.78,Cash,Online,,2,1.0,False,False
ORD102061,2024-03-01,CUST0311,Amr Aziz,Cairo,Consumer,Electronics,Wireless Earbuds,1,1173.73,0.0,1173.73,731.18,442.55,Mobile Wallet,In-store,Khaled T.,0,4.0,False,False
ORD100173,2023-02-09,CUST0168,Omar Aziz,Cairo,Consumer,Home & Kitchen,Coffee Maker,1,1516.45,0.0,1516.45,812.53,703.92,Mobile Wallet,Phone,Mona K.,0,3.0,False,False
ORD105810,2025-11-25,CUST0093,Nourhan Mahmoud,Giza,Consumer,Electronics,Bluetooth Speaker,2,911.64,25.0,1367.46,1114.7,252.76,Cash,In-store,Sara M.,0,5.0,True,False
ORD105000,2025-07-04,CUST0345,Salma El-Sayed,Cairo,Consumer,Beauty,Hair Dryer,1,831.83,0.0,831.83,459.32,372.51,Mobile Wallet,Online,Omar F.,1,5.0,False,False
ORD102752,2024-06-23,CUST0424,Nourhan Sherif,Giza,SMB,Clothing,Women's Dress,1,857.58,0.0,857.58,412.98,444.6,Installment,In-store,Mona K.,0,4.0,False,False
ORD100580,2023-04-16,CUST0530,Adel Ibrahim,Alexandria,SMB,Home & Kitchen,Air Fryer,2,2872.25,0.0,5744.5,3369.18,2375.32,Card,Phone,Mona K.,0,5.0,False,False
ORD100016,2023-01-04,CUST0420,Karim Khalil,Giza,Consumer,Beauty,Hair Dryer,1,952.09,0.0,952.09,454.06,498.03,Cash,Online,,2,5.0,False,False
ORD104430,2025-03-28,CUST0243,Tarek Mahmoud,Cairo,Consumer,Home & Kitchen,Cookware Set,1,2180.49,0.0,2180.49,1300.08,880.41,Mobile Wallet,In-store,Omar F.,0,4.0,False,False
ORD104290,2025-03-13,CUST0594,Tarek Ibrahim,Aswan,SMB,Beauty,Skincare Set,1,762.75,0.0,762.75,363.1,399.65,Mobile Wallet,Online,Khaled T.,4,3.0,False,False
ORD100236,2023-02-24,CUST0128,Rania Aziz,alexandria,Consumer,Electronics,Wireless Earbuds,2,1158.11,5.0,2200.41,1452.64,747.77,Card,Online,Khaled T.,3,4.0,True,False
ORD103195,2024-09-29,CUST0056,Youssef Farouk,Cairo,Consumer,Groceries,Olive Oil 1L,1,266.95,0.0,266.95,178.86,88.09,Card,Online,Youssef A.,2,4.0,False,False
ORD102649,2024-06-04,CUST0342,Mahmoud Hassan,Mansoura,Consumer,Beauty,Skincare Set,2,773.35,0.0,1546.7,703.48,843.22,Card,In-store,Nourhan S.,0,4.0,False,False
ORD103039,2024-09-03,CUST0323,Khaled Farouk,Cairo,SMB,Sports,Football,1,388.93,0.0,388.93,178.62,210.31,Installment,In-store,Mona K.,0,5.0,False,False
ORD102586,2024-05-25,CUST0105,Nada Mahmoud,Cairo,Consumer,Clothing,Men's T-Shirt,1,369.46,0.0,369.46,142.91,226.55,Mobile Wallet,Online,Nourhan S.,2,5.0,False,False
ORD101283,2023-09-30,CUST0183,Amr Hassan,Aswan,SMB,Electronics,Smart Watch,3,3527.63,0.0,10582.89,6366.45,4216.44,Card,In-store,Sara M.,0,3.0,False,False
ORD104271,2025-03-10,CUST0030,Mona Abdel Rahman,Cairo,Consumer,Electronics,Power Bank,1,599.4,0.0,599.4,345.96,253.44,Mobile Wallet,Online,Nourhan S.,1,5.0,False,False
ORD102609,2024-05-28,CUST0116,Mona Ibrahim,Cairo,Enterprise,HOME & KITCHEN,Cookware Set,1,2065.99,0.0,2065.99,1276.84,789.15,Card,Online,,1,3.0,False,False
ORD100846,2023-06-04,CUST0360,Rania Khalil,Giza,Consumer,Home & Kitchen,Cookware Set,1,2093.59,0.0,2093.59,1282.33,811.26,Cash,Phone,Omar F.,0,5.0,False,False
ORD105708,2025-11-15,CUST0085,Karim Farouk,Aswan,Consumer,Electronics,Smart Watch,1,3465.11,0.0,3465.11,2164.35,1300.76,Mobile Wallet,Online,Youssef A.,1,4.0,False,False
ORD102073,2024-03-03,CUST0049,Hassan Mahmoud,Alexandria,Consumer,Electronics,Wireless Earbuds,1,1200.32,0.0,1200.32,724.92,475.4,Card,Online,,2,5.0,False,False
ORD104252,2025-03-08,CUST0426,Nada Ibrahim,Cairo,Consumer,Clothing,Women's Dress,1,928.75,0.0,928.75,390.63,538.12,Installment,Online,Khaled T.,2,2.0,False,False
ORD101624,2023-12-05,CUST0251,Omar Mostafa,Cairo,Consumer,Sports,Dumbbell Set,1,1910.93,0.0,1910.93,1053.83,857.1,Mobile Wallet,Phone,Mona K.,0,4.0,False,False
ORD101568,2023-11-27,CUST0150,Karim Farouk,Alexandria,Enterprise,Clothing,Women's Dress,2,853.02,25.0,1279.53,768.78,510.75,Card,Online,,1,5.0,True,False
ORD101318,2023-10-07,CUST0459,Amr Ibrahim,Tanta,Consumer,Groceries,Honey Jar,1,330.26,0.0,330.26,209.97,120.29,Mobile Wallet,Online,Khaled T.,1,5.0,False,False
ORD102299,2024-03-30,CUST0359,Rania Abdel Rahman,Tanta,SMB,Clothing,Hoodie,1,659.42,0.0,659.42,303.67,355.75,Card,Online,Khaled T.,2,3.0,False,False
ORD101527,2023-11-23,CUST0273,Adel Khalil,Tanta,Enterprise,Beauty,Makeup Kit,2,588.19,10.0,1058.74,494.72,564.02,Mobile Wallet,Online,Omar F.,0,1.0,True,False
ORD100632,2023-04-22,CUST0567,Nourhan Aziz,Alexandria,Consumer,Beauty,Hair Dryer,1,845.51,0.0,845.51,452.52,392.99,Cash,In-store,Sara M.,0,4.0,False,False
ORD104106,2025-02-20,CUST0152,Nada Farouk,Aswan,SMB,Groceries,Honey Jar,1,302.17,0.0,302.17,200.69,101.48,Cash,Online,Youssef A.,5,4.0,False,False
ORD100425,2023-03-26,CUST0302,Sara Sherif,giza,Consumer,Sports,Yoga Mat,1,442.22,0.0,442.22,214.8,227.42,Cash,Phone,Youssef A.,0,5.0,False,False
ORD105759,2025-11-21,CUST0271,Mona Farouk,Aswan,Consumer,Beauty,Skincare Set,1,755.19,10.0,679.67,344.5,335.17,Mobile Wallet,In-store,Sara M.,0,5.0,True,False
ORD102223,2024-03-21,CUST0110,Mahmoud Aziz,Giza,Consumer,Sports,Football,2,390.67,0.0,781.34,356.18,425.16,Cash,In-store,Sara M.,0,5.0,False,False
ORD103118,2024-09-15,CUST0459,Amr Ibrahim,Tanta,Consumer,Sports,Dumbbell Set,1,1690.87,0.0,1690.87,1100.78,590.09,Mobile Wallet,Online,Khaled T.,5,4.0,False,False
ORD102436,2024-04-25,CUST0195,Ahmed Mahmoud,Mansoura,Consumer,Beauty,Hair Dryer,1,940.36,0.0,940.36,469.2,471.16,Card,In-store,Nourhan S.,0,5.0,False,False
ORD102557,2024-05-19,CUST0560,Sara El-Sayed,Cairo,SMB,Sports,Running Shoes,1,1594.12,0.0,1594.12,892.38,701.74,Installment,Online,,3,5.0,False,False
ORD103951,2025-02-02,CUST0511,Hassan Hassan,Mansoura,Consumer,Sports,Dumbbell Set,1,1914.37,0.0,1914.37,1058.78,855.59,Card,Online,Sara M.,0,4.0,False,False
ORD103405,2024-11-13,CUST0241,Omar Khalil,Alexandria,SMB,Home & Kitchen,Coffee Maker,5,1603.86,0.0,8019.3,4330.1,3689.2,Cash,Phone,Youssef A.,0,4.0,False,False
ORD105631,2025-11-01,CUST0379,Youssef Mostafa,Mansoura,SMB,Home & Kitchen,Vacuum Cleaner,1,3268.83,0.0,3268.83,1902.82,1366.01,Card,Online,Youssef A.,2,4.0,False,False
ORD100628,2023-04-22,CUST0333,Laila El-Sayed,Alexandria,Consumer,Electronics,Wireless Earbuds,1,1185.53,15.0,1007.7,747.07,260.63,Cash,Online,Mona K.,1,5.0,True,False
ORD102034,2024-02-28,CUST0592,Mona Aziz,Giza,Consumer,Electronics,Wireless Earbuds,1,1279.29,0.0,1279.29,721.44,557.85,Card,In-store,Youssef A.,0,4.0,False,False
ORD103884,2025-01-22,CUST0402,Yasmin Hassan,Aswan,Consumer,Home & Kitchen,Vacuum Cleaner,1,3285.68,0.0,3285.68,1820.91,1464.77,Installment,Online,Sara M.,5,1.0,False,False
ORD104277,2025-03-11,CUST0110,Mahmoud Aziz,Giza,Consumer,Sports,Running Shoes,2,1674.97,0.0,3349.94,1626.38,1723.56,Cash,Phone,Omar F.,0,3.0,False,False
ORD101254,2023-09-24,CUST0029,Laila Mostafa,Giza,SMB,Home & Kitchen,Coffee Maker,1,1483.43,0.0,1483.43,835.72,647.71,Mobile Wallet,In-store,Youssef A.,0,3.0,False,False
ORD100103,2023-01-24,CUST0039,Amr Farouk,Mansoura,Consumer,Clothing,Hoodie,1,604.51,0.0,604.51,291.32,313.19,Card,Online,,1,5.0,False,False
ORD105301,2025-09-07,CUST0427,Nada Ibrahim,Cairo,Consumer,Electronics,Smart Watch,1,3321.26,0.0,3321.26,2168.13,1153.13,Card,Online,Sara M.,1,4.0,False,False
ORD105430,2025-09-29,CUST0061,Dina Hassan,Aswan,Consumer,Electronics,Smart Watch,1,3377.01,0.0,3377.01,2171.37,1205.64,Mobile Wallet,Online,,1,5.0,False,False
ORD105788,2025-11-23,CUST0532,Adel El-Sayed,Giza,Consumer,Electronics,Bluetooth Speaker,1,970.27,10.0,873.24,564.97,308.27,Mobile Wallet,Online,,4,5.0,True,False
ORD104284,2025-03-12,CUST0346,Salma Hassan,Aswan,SMB,Clothing,Men's T-Shirt,1,339.7,0.0,339.7,155.18,184.52,Cash,Phone,Sara M.,0,1.0,False,False
ORD104730,2025-05-16,CUST0517,Omar Mostafa,alexandria,Consumer,Clothing,Women's Dress,1,938.63,0.0,938.63,380.01,558.62,Mobile Wallet,Phone,Mona K.,0,4.0,False,False
ORD103465,2024-11-23,CUST0264,Amr Aziz,Giza,Consumer,Sports,Yoga Mat,1,430.2,25.0,322.65,217.87,104.78,Mobile Wallet,In-store,Youssef A.,0,5.0,True,False
ORD100033,2023-01-07,CUST0441,Nourhan Mahmoud,aswan,Consumer,Electronics,Smart Watch,2,3620.42,0.0,7240.84,4239.26,3001.58,Cash,Online,Omar F.,1,3.0,False,False
ORD104536,2025-04-13,CUST0492,Salma Aziz,Alexandria,Consumer,Home & Kitchen,Air Fryer,1,2584.02,0.0,2584.02,1724.82,859.2,Card,Online,Omar F.,4,3.0,False,False
ORD100450,2023-03-30,CUST0414,Youssef Hassan,Alexandria,SMB,Electronics,Smart Watch,2,3238.1,0.0,6476.2,4208.48,2267.72,Cash,Online,Khaled T.,3,5.0,False,False
ORD101835,2024-01-19,CUST0492,Salma Aziz,Alexandria,Consumer,Sports,Running Shoes,1,1600.85,0.0,1600.85,871.92,728.93,Card,In-store,Nourhan S.,0,5.0,False,False
ORD101518,2023-11-22,CUST0425,Sara Hassan,Cairo,SMB,Beauty,Perfume,2,1316.14,20.0,2105.82,1170.18,935.64,Cash,Online,Omar F.,2,5.0,True,False
ORD104126,2025-02-22,CUST0558,Omar Ibrahim,Cairo,Consumer,Electronics,Smart Watch,1,3326.51,0.0,3326.51,2096.06,1230.45,Cash,In-store,Nourhan S.,0,,False,False
ORD103653,2024-12-16,CUST0317,Mahmoud Farouk,Alexandria,Consumer,Home & Kitchen,Blender,1,1029.19,0.0,1029.19,589.97,439.22,Card,Phone,Mona K.,0,3.0,False,False
ORD105465,2025-10-05,CUST0260,Dina Sherif,Alexandria,Consumer,Sports,Yoga Mat,1,451.0,0.0,451.0,211.43,239.57,Cash,In-store,Sara M.,0,3.0,False,False
ORD100527,2023-04-09,CUST0430,Khaled Mostafa,Mansoura,SMB,Clothing,Hoodie,1,666.74,0.0,666.74,294.69,372.05,Cash,Online,,3,5.0,False,False
ORD101677,2023-12-17,CUST0156,Youssef Khalil,Tanta,Consumer,Beauty,Hair Dryer,1,896.64,25.0,672.48,429.63,242.85,Card,Online,,2,3.0,True,False
ORD104693,2025-05-10,CUST0420,Karim Khalil,Giza,Consumer,Groceries,Honey Jar,2,317.46,0.0,634.92,401.22,233.7,Installment,In-store,Mona K.,0,5.0,False,False
ORD103543,2024-11-29,CUST0590,Dina Abdel Rahman,Cairo,Consumer,Clothing,Hoodie,1,694.35,20.0,555.48,306.43,249.05,Card,Online,,7,,True,False
ORD100484,2023-04-04,CUST0260,Dina Sherif,Alexandria,Consumer,Sports,Running Shoes,1,1715.88,0.0,1715.88,845.24,870.64,Card,Online,Youssef A.,0,3.0,False,False
ORD105418,2025-09-27,CUST0556,Rania El-Sayed,Tanta,Consumer,Beauty,Skincare Set,3,862.29,0.0,2586.87,1100.91,1485.96,Installment,Online,,3,1.0,False,False
ORD104688,2025-05-09,CUST0375,Amr Khalil,Cairo,Consumer,Clothing,Women's Dress,1,838.18,0.0,838.18,389.24,448.94,Card,Phone,Sara M.,0,5.0,False,False
ORD101883,2024-01-27,CUST0226,Adel El-Sayed,Alexandria,SMB,Electronics,Smart Watch,2,3635.53,10.0,6543.95,4267.54,2276.41,Cash,Phone,Khaled T.,0,5.0,True,False
ORD104211,2025-03-04,CUST0387,Heba El-Sayed,Giza,Consumer,Clothing,Jeans,1,760.22,5.0,722.21,334.98,387.23,Cash,Online,Mona K.,3,3.0,True,False
ORD103393,2024-11-12,CUST0468,Laila Sherif,Alexandria,Enterprise,Groceries,Coffee 250g,2,183.7,10.0,330.66,198.36,132.3,Card,In-store,Nourhan S.,0,4.0,True,False
ORD105474,2025-10-06,CUST0459,Amr Ibrahim,Tanta,Consumer,Electronics,Bluetooth Speaker,1,1017.24,0.0,1017.24,535.06,482.18,Mobile Wallet,Online,,2,5.0,False,False
ORD104445,2025-03-29,CUST0508,Amr Aziz,Giza,SMB,SPORTS,Running Shoes,1,1602.62,0.0,1602.62,856.34,746.28,Cash,Online,,5,5.0,False,False
ORD104916,2025-06-19,CUST0029,Laila Mostafa,Giza,SMB,Beauty,Perfume,1,1321.23,0.0,1321.23,574.22,747.01,Cash,Online,Nourhan S.,0,1.0,False,False
ORD101462,2023-11-10,CUST0548,Amr Farouk,Cairo,SMB,Home & Kitchen,Coffee Maker,3,1423.09,0.0,4269.27,2653.26,1616.01,Card,In-store,Mona K.,0,2.0,False,False
ORD103617,2024-12-09,CUST0045,Karim Khalil,Cairo,SMB,Sports,Running Shoes,2,1482.29,0.0,2964.58,1735.6,1228.98,Cash,In-store,Khaled T.,0,5.0,False,False
ORD100410,2023-03-24,CUST0592,Mona Aziz,Giza,Consumer,Sports,Dumbbell Set,2,1889.41,0.0,3778.82,2172.34,1606.48,Mobile Wallet,Online,Sara M.,1,4.0,False,False
ORD104530,2025-04-11,CUST0094,Sara Mahmoud,Alexandria,Consumer,Groceries,Coffee 250g,1,175.62,20.0,140.5,100.27,40.23,Card,In-store,Youssef A.,0,4.0,True,False
ORD101998,2024-02-18,CUST0372,Karim Sherif,Alexandria,SMB,Beauty,Makeup Kit,1,634.09,0.0,634.09,254.78,379.31,Mobile Wallet,Online,,4,5.0,False,False
ORD103416,2024-11-15,CUST0146,Karim Ibrahim,Cairo,Consumer,Home & Kitchen,Cookware Set,2,2166.92,0.0,4333.84,2632.42,1701.42,Mobile Wallet,Online,Omar F.,0,4.0,False,False
ORD105241,2025-08-26,CUST0010,Mona Farouk,Cairo,Consumer,Beauty,Skincare Set,1,794.37,0.0,794.37,333.69,460.68,Cash,Online,Sara M.,1,5.0,False,False
ORD101713,2023-12-26,CUST0161,Karim Khalil,Cairo,Consumer,Electronics,Wireless Earbuds,1,1163.15,0.0,1163.15,753.29,409.86,Mobile Wallet,Online,Omar F.,5,5.0,False,False
ORD104208,2025-03-04,CUST0008,Mona Khalil,Cairo,SMB,Home & Kitchen,Air Fryer,1,2628.35,0.0,2628.35,1726.65,901.7,Card,Online,Nourhan S.,1,4.0,False,False
ORD101668,2023-12-15,CUST0382,Heba Khalil,giza,Consumer,Electronics,Wireless Earbuds,2,1290.69,0.0,2581.38,1516.26,1065.12,Cash,Online,Youssef A.,7,5.0,False,False
ORD102994,2024-08-20,CUST0088,Mona El-Sayed,Mansoura,Consumer,Electronics,Wireless Earbuds,2,1178.64,0.0,2357.28,1466.8,890.48,Cash,Online,Youssef A.,1,1.0,False,False
ORD100262,2023-03-02,CUST0394,Karim Mostafa,Alexandria,SMB,Home & Kitchen,Vacuum Cleaner,1,3038.34,0.0,3038.34,1815.83,1222.51,Mobile Wallet,Online,Omar F.,1,,False,False
ORD105922,2025-12-05,CUST0299,Rania Khalil,Cairo,Enterprise,Home & Kitchen,Cookware Set,1,2070.77,0.0,2070.77,1320.95,749.82,Mobile Wallet,Online,Youssef A.,0,5.0,False,False
ORD104150,2025-02-25,CUST0516,Karim Hassan,Cairo,Consumer,Sports,Football,1,372.37,0.0,372.37,182.51,189.86,Mobile Wallet,Online,Khaled T.,4,5.0,False,False
ORD103090,2024-09-11,CUST0054,Yasmin Khalil,Cairo,SMB,Electronics,Smart Watch,1,3498.81,0.0,3498.81,1999.03,1499.78,Cash,Online,Khaled T.,1,4.0,False,False
ORD103940,2025-02-01,CUST0146,Karim Ibrahim,Cairo,Consumer,Electronics,Power Bank,1,579.25,0.0,579.25,342.76,236.49,Cash,In-store,Sara M.,0,4.0,False,False
ORD102180,2024-03-16,CUST0580,Mahmoud Mostafa,Giza,SMB,Electronics,Phone Case,1,266.12,0.0,266.12,92.4,173.72,Installment,In-store,Youssef A.,0,5.0,False,False
ORD101324,2023-10-09,CUST0001,Omar Mostafa,Alexandria,SMB,Beauty,Skincare Set,1,852.34,0.0,852.34,333.53,518.81,Mobile Wallet,In-store,,0,,False,False
ORD102833,2024-07-12,CUST0093,Nourhan Mahmoud,Giza,Consumer,Sports,Football,1,369.02,0.0,369.02,171.07,197.95,Cash,In-store,Khaled T.,0,3.0,False,False
ORD104662,2025-05-04,CUST0380,Amr Khalil,Giza,Consumer,Clothing,Jeans,1,737.69,0.0,737.69,333.43,404.26,Mobile Wallet,Online,Omar F.,2,3.0,False,False
ORD102785,2024-06-29,CUST0422,Mona Khalil,Cairo,Consumer,Sports,Running Shoes,1,1605.42,0.0,1605.42,837.78,767.64,Card,Online,,3,3.0,False,False
ORD101831,2024-01-19,CUST0076,Nourhan Khalil,Mansoura,SMB,Beauty,Makeup Kit,3,585.02,0.0,1755.06,742.65,1012.41,Cash,In-store,Sara M.,0,3.0,False,False
ORD103677,2024-12-21,CUST0469,Nada Ibrahim,Cairo,Consumer,Clothing,Sneakers,1,1494.3,25.0,1120.72,708.95,411.77,Card,In-store,Nourhan S.,0,5.0,True,False
ORD102202,2024-03-19,CUST0273,Adel Khalil,Tanta,Enterprise,Clothing,Men's T-Shirt,1,323.89,0.0,323.89,148.13,175.76,Mobile Wallet,Online,Youssef A.,2,5.0,False,False
ORD100965,2023-07-07,CUST0597,Adel Farouk,mansoura,Consumer,Sports,Running Shoes,2,1685.96,0.0,3371.92,1718.42,1653.5,Cash,In-store,Omar F.,0,5.0,False,False
ORD103468,2024-11-23,CUST0298,Mahmoud Sherif,Giza,Consumer,Clothing,Hoodie,2,663.32,10.0,1193.98,582.32,611.66,Cash,In-store,Nourhan S.,0,4.0,True,False
ORD100362,2023-03-17,CUST0303,Laila Sherif,Alexandria,Consumer,Electronics,Smart Watch,1,3728.68,0.0,3728.68,2014.55,1714.13,Mobile Wallet,In-store,Sara M.,0,5.0,False,False
ORD104052,2025-02-14,CUST0417,Nourhan El-Sayed,Tanta,Consumer,Home & Kitchen,Blender,1,1148.87,0.0,1148.87,608.92,539.95,Card,In-store,Mona K.,0,2.0,False,False
ORD104176,2025-02-28,CUST0483,Adel Hassan,Tanta,Consumer,Electronics,Wireless Earbuds,1,1215.17,0.0,1215.17,718.72,496.45,Cash,In-store,Omar F.,0,5.0,False,False
ORD102266,2024-03-26,CUST0334,Laila Mahmoud,Alexandria,SMB,Home & Kitchen,Blender,2,1146.27,0.0,2292.54,1154.24,1138.3,Card,Online,Khaled T.,3,5.0,False,False
ORD100169,2023-02-08,CUST0141,Nourhan Hassan,Giza,Consumer,Electronics,Power Bank,1,552.4,0.0,-552.4,355.97,-196.43,Cash,Online,,3,4.0,False,True
ORD106026,2025-12-26,CUST0592,Mona Aziz,Giza,Consumer,Sports,Running Shoes,1,1514.85,0.0,1514.85,835.0,679.85,Cash,Online,Youssef A.,2,5.0,False,False
ORD102585,2024-05-24,CUST0479,Nada Khalil,Aswan,SMB,Home & Kitchen,Vacuum Cleaner,1,3201.27,0.0,3201.27,1950.87,1250.4,Card,Online,Sara M.,3,5.0,False,False
ORD104750,2025-05-20,CUST0356,Nourhan Farouk,Cairo,Consumer,Groceries,Honey Jar,1,316.18,0.0,-316.18,195.22,-120.96,Card,Online,,1,3.0,False,True
ORD105460,2025-10-04,CUST0322,Nourhan Ibrahim,Giza,Consumer,Electronics,Power Bank,2,599.4,0.0,1198.8,669.66,529.14,Cash,Online,Mona K.,1,5.0,False,False
ORD101520,2023-11-23,CUST0573,Heba Mahmoud,Cairo,Consumer,Clothing,Men's T-Shirt,2,369.55,25.0,554.33,302.62,251.71,Card,In-store,Khaled T.,0,3.0,True,False
ORD102222,2024-03-21,CUST0082,Karim Ibrahim,Cairo,SMB,Sports,Yoga Mat,1,483.62,0.0,483.62,215.79,267.83,Cash,Online,Nourhan S.,5,5.0,False,False
ORD104751,2025-05-20,CUST0410,Nourhan Abdel Rahman,Aswan,Enterprise,Sports,Football,3,382.47,0.0,1147.41,565.44,581.97,Mobile Wallet,Online,Nourhan S.,3,5.0,False,False
ORD101426,2023-11-01,CUST0557,Omar Sherif,Giza,Enterprise,Beauty,Makeup Kit,3,620.79,25.0,1396.78,785.46,611.32,Card,In-store,Nourhan S.,0,4.0,True,False
ORD102778,2024-06-28,CUST0421,Nourhan Hassan,Mansoura,SMB,Home & Kitchen,Air Fryer,5,2817.13,0.0,14085.65,8683.35,5402.3,Cash,In-store,,0,5.0,False,False
ORD101597,2023-11-30,CUST0499,Hassan Abdel Rahman,Tanta,Consumer,Electronics,Wireless Earbuds,1,1257.79,5.0,1194.9,745.47,449.43,Card,In-store,Youssef A.,0,4.0,True,False
ORD102756,2024-06-24,CUST0589,Yasmin Mahmoud,Cairo,Consumer,Clothing,Sneakers,1,1392.89,0.0,1392.89,724.37,668.52,Cash,Online,,2,3.0,False,False
ORD104737,2025-05-18,CUST0497,Khaled Khalil,Cairo,SMB,Electronics,Smart Watch,1,3380.72,0.0,3380.72,2012.54,1368.18,Cash,Phone,Nourhan S.,0,3.0,False,False
ORD103744,2025-01-01,CUST0543,Ahmed Mahmoud,Alexandria,Consumer,Groceries,Honey Jar,1,323.98,0.0,323.98,193.77,130.21,Card,In-store,Khaled T.,0,4.0,False,False
ORD101628,2023-12-06,CUST0229,Laila Sherif,Cairo,Consumer,Clothing,Hoodie,1,613.66,0.0,613.66,298.84,314.82,Installment,Online,Sara M.,4,2.0,False,False
ORD101447,2023-11-07,CUST0288,Ahmed Abdel Rahman,Cairo,SMB,Clothing,Sneakers,1,1470.45,0.0,1470.45,722.35,748.1,Card,In-store,Mona K.,0,5.0,False,False
ORD103415,2024-11-15,CUST0073,Ahmed Aziz,Cairo,Enterprise,Electronics,Bluetooth Speaker,1,944.98,0.0,944.98,540.68,404.3,Mobile Wallet,In-store,Youssef A.,0,4.0,False,False
ORD103180,2024-09-27,CUST0389,Adel Aziz,Giza,Enterprise,SPORTS,Football,2,360.63,0.0,721.26,351.88,369.38,Mobile Wallet,Phone,Khaled T.,0,4.0,False,False
ORD102402,2024-04-18,CUST0510,Nada Aziz,Alexandria,SMB,Home & Kitchen,Vacuum Cleaner,1,3288.47,0.0,3288.47,1836.54,1451.93,Installment,Online,Khaled T.,3,,False,False
ORD100006,2023-01-02,CUST0598,Sara Hassan,Cairo,SMB,Sports,Running Shoes,1,1608.02,0.0,1608.02,878.74,729.28,Cash,Online,Youssef A.,3,3.0,False,False
ORD103497,2024-11-25,CUST0221,Mahmoud Farouk,Alexandria,Consumer,Clothing,Women's Dress,1,914.92,10.0,823.43,412.43,411.0,Card,Phone,Youssef A.,0,3.0,True,False
ORD102150,2024-03-12,CUST0198,Rania Hassan,Mansoura,Consumer,Sports,Dumbbell Set,1,1813.1,0.0,1813.1,1130.0,683.1,Mobile Wallet,Online,,4,1.0,False,False
ORD101959,2024-02-10,CUST0573,Heba Mahmoud,Cairo,Consumer,Clothing,Men's T-Shirt,1,343.32,0.0,343.32,154.38,188.94,Card,In-store,Khaled T.,0,2.0,False,False
ORD105718,2025-11-16,CUST0132,Youssef Aziz,cairo,Consumer,Groceries,Coffee 250g,1,181.31,0.0,181.31,97.81,83.5,Card,In-store,Khaled T.,0,5.0,False,False
ORD101353,2023-10-16,CUST0528,Tarek Mahmoud,Cairo,Consumer,Home & Kitchen,Blender,1,1032.38,0.0,1032.38,627.0,405.38,Mobile Wallet,In-store,Mona K.,0,4.0,False,False
ORD100248,2023-02-28,CUST0325,Khaled Farouk,,Consumer,BEAUTY,Skincare Set,1,782.93,0.0,782.93,346.18,436.75,Installment,In-store,Youssef A.,0,5.0,False,False
ORD105412,2025-09-26,CUST0049,Hassan Mahmoud,Alexandria,Consumer,Electronics,Phone Case,2,249.41,0.0,498.82,179.2,319.62,Cash,Phone,Nourhan S.,0,4.0,False,False
ORD102236,2024-03-22,CUST0464,Adel Mahmoud,Aswan,SMB,Electronics,Bluetooth Speaker,2,1007.36,0.0,-2014.72,1145.42,-869.3,Cash,Online,,3,4.0,False,True
ORD100914,2023-06-23,CUST0227,Youssef Mahmoud,Giza,Consumer,Groceries,Olive Oil 1L,1,300.4,0.0,300.4,176.39,124.01,Mobile Wallet,Online,,0,4.0,False,False
ORD105099,2025-07-26,CUST0215,Rania Mahmoud,Tanta,Consumer,Clothing,Jeans,1,738.17,0.0,738.17,311.73,426.44,Mobile Wallet,Online,,1,5.0,False,False
ORD103138,2024-09-20,CUST0441,Nourhan Mahmoud,aswan,Consumer,Electronics,Bluetooth Speaker,1,931.3,0.0,931.3,545.45,385.85,Card,Phone,Nourhan S.,0,3.0,False,False
ORD104461,2025-03-31,CUST0167,Tarek Sherif,Cairo,Consumer,Electronics,Smart Watch,1,3770.98,0.0,3770.98,2120.93,1650.05,Mobile Wallet,In-store,Mona K.,0,5.0,False,False
ORD102382,2024-04-14,CUST0241,Omar Khalil,Alexandria,SMB,Electronics,Phone Case,2,243.51,0.0,487.02,175.0,312.02,Mobile Wallet,Online,Mona K.,7,4.0,False,False
ORD102179,2024-03-16,CUST0560,Sara El-Sayed,Cairo,SMB,Electronics,Power Bank,1,617.25,0.0,617.25,343.57,273.68,Card,In-store,Youssef A.,0,3.0,False,False
ORD104043,2025-02-13,CUST0281,Adel Mahmoud,Cairo,Consumer,Home & Kitchen,Cookware Set,1,2300.67,0.0,2300.67,1261.02,1039.65,Cash,Phone,Omar F.,0,5.0,False,False
ORD105220,2025-08-21,CUST0353,Karim Sherif,Cairo,Consumer,Sports,Football,1,357.17,0.0,357.17,184.3,172.87,Cash,In-store,Omar F.,0,2.0,False,False
ORD100279,2023-03-05,CUST0328,Karim Farouk,Alexandria,Consumer,Beauty,Hair Dryer,1,912.47,0.0,912.47,447.99,464.48,Card,Online,,1,2.0,False,False
ORD101023,2023-07-21,CUST0597,Adel Farouk,Mansoura,Consumer,Groceries,Honey Jar,1,339.57,0.0,339.57,190.39,149.18,Cash,In-store,Sara M.,0,5.0,False,False
ORD102537,2024-05-16,CUST0512,Nada Aziz,Mansoura,Consumer,Clothing,Men's T-Shirt,1,336.51,0.0,336.51,145.14,191.37,Mobile Wallet,Online,,2,3.0,False,False
ORD102516,2024-05-11,CUST0482,Yasmin El-Sayed,Mansoura,SMB,Clothing,Sneakers,1,1308.03,0.0,1308.03,734.87,573.16,Cash,In-store,Sara M.,0,5.0,False,False
ORD102394,2024-04-17,CUST0350,Dina Hassan,Alexandria,SMB,Electronics,Power Bank,1,562.14,0.0,562.14,353.04,209.1,Card,In-store,Nourhan S.,0,2.0,False,False
ORD100130,2023-01-30,CUST0173,Mona Mahmoud,Giza,Consumer,Beauty,Perfume,1,1371.69,0.0,1371.69,595.88,775.81,Installment,Online,Youssef A.,1,4.0,False,False
ORD104585,2025-04-21,CUST0091,Mona Farouk,,Consumer,Home & Kitchen,Blender,1,1179.24,0.0,1179.24,619.34,559.9,Cash,In-store,Mona K.,0,4.0,False,False
ORD100112,2023-01-26,CUST0180,Yasmin Farouk,Aswan,Consumer,Home & Kitchen,Coffee Maker,1,1388.38,0.0,1388.38,854.35,534.03,Mobile Wallet,Online,Sara M.,4,5.0,False,False
ORD105973,2025-12-15,CUST0308,Nada Hassan,Cairo,SMB,Clothing,Sneakers,1,1309.15,0.0,1309.15,692.06,617.09,Cash,In-store,Nourhan S.,0,,False,False
ORD105348,2025-09-15,CUST0199,Khaled Abdel Rahman,Cairo,Consumer,Electronics,Wireless Earbuds,1,1203.9,0.0,1203.9,783.93,419.97,Card,Online,,1,2.0,False,False
ORD104474,2025-04-01,CUST0409,Ahmed Farouk,Cairo,Consumer,Clothing,Jeans,1,690.36,0.0,690.36,310.14,380.22,Card,In-store,Sara M.,0,3.0,False,False
ORD103446,2024-11-21,CUST0017,Youssef Farouk,Cairo,Consumer,Electronics,Bluetooth Speaker,1,1001.82,10.0,901.64,540.52,361.12,Mobile Wallet,Online,Khaled T.,5,4.0,True,False
ORD101414,2023-10-29,CUST0114,Rania Aziz,Tanta,SMB,Groceries,Honey Jar,1,343.52,0.0,343.52,193.51,150.01,Mobile Wallet,In-store,Omar F.,0,4.0,False,False
ORD102552,2024-05-18,CUST0288,Ahmed Abdel Rahman,Cairo,SMB,Sports,Running Shoes,1,1679.95,0.0,1679.95,847.01,832.94,Mobile Wallet,In-store,Khaled T.,0,,False,False
ORD102713,2024-06-15,CUST0092,Yasmin Sherif,Giza,Consumer,Home & Kitchen,Blender,2,1035.1,0.0,2070.2,1228.06,842.14,Card,Online,Khaled T.,3,4.0,False,False
ORD100365,2023-03-17,CUST0073,Ahmed Aziz,Cairo,Enterprise,Groceries,Coffee 250g,2,166.76,0.0,333.52,206.1,127.42,Mobile Wallet,In-store,Youssef A.,0,3.0,False,False
ORD103986,2025-02-07,CUST0411,Rania Mostafa,Giza,Consumer,Beauty,Makeup Kit,1,566.34,0.0,566.34,258.7,307.64,Card,In-store,Khaled T.,0,3.0,False,False
ORD101072,2023-08-06,CUST0255,Yasmin Aziz,,Consumer,Groceries,Coffee 250g,2,166.56,0.0,-333.12,197.18,-135.94,Installment,Online,Youssef A.,2,5.0,False,True
ORD105382,2025-09-20,CUST0030,Mona Abdel Rahman,Cairo,Consumer,Clothing,Sneakers,1,1479.22,0.0,1479.22,699.98,779.24,Card,In-store,Youssef A.,0,2.0,False,False
ORD106024,2025-12-26,CUST0542,Adel El-Sayed,Alexandria,SMB,Electronics,Phone Case,1,252.09,10.0,226.88,94.0,132.88,Card,In-store,Omar F.,0,,True,False
ORD103532,2024-11-28,CUST0058,Ahmed Farouk,Tanta,Enterprise,Home & Kitchen,Vacuum Cleaner,1,2999.82,15.0,2549.85,1832.22,717.63,Card,Online,Nourhan S.,7,4.0,True,False
ORD106019,2025-12-25,CUST0409,Ahmed Farouk,Cairo,Consumer,Sports,Running Shoes,1,1526.53,0.0,1526.53,888.95,637.58,Card,Phone,Youssef A.,0,5.0,False,False
ORD104514,2025-04-08,CUST0320,Youssef Ibrahim,Alexandria,Consumer,Clothing,Sneakers,1,1315.97,0.0,1315.97,714.6,601.37,Cash,Online,,2,5.0,False,False
ORD105626,2025-11-01,CUST0230,Dina Sherif,Aswan,Consumer,Clothing,Jeans,1,736.44,0.0,736.44,325.82,410.62,Card,Online,,1,4.0,False,False
ORD105113,2025-07-29,CUST0454,Tarek Sherif,Tanta,SMB,Home & Kitchen,Coffee Maker,1,1545.41,0.0,1545.41,842.36,703.05,Card,Online,,7,4.0,False,False
ORD103551,2024-11-29,CUST0162,Ahmed Aziz,,Enterprise,Groceries,Honey Jar,1,345.01,15.0,293.26,196.59,96.67,Cash,Online,Omar F.,0,2.0,True,False
ORD100092,2023-01-21,CUST0591,Nourhan Khalil,Alexandria,Consumer,Home & Kitchen,Blender,2,1087.5,0.0,2175.0,1164.12,1010.88,Mobile Wallet,Online,Omar F.,0,3.0,False,False
ORD100730,2023-05-10,CUST0302,Sara Sherif,Giza,Consumer,Electronics,Power Bank,1,601.49,0.0,601.49,352.44,249.05,Mobile Wallet,Online,Khaled T.,3,4.0,False,False
ORD105092,2025-07-25,CUST0335,Mona Abdel Rahman,cairo,Consumer,Electronics,Smart Watch,2,3691.72,0.0,7383.44,4128.6,3254.84,Mobile Wallet,Online,,4,3.0,False,False
ORD100190,2023-02-13,CUST0361,Sara Khalil,Cairo,Consumer,Electronics,Phone Case,1,230.43,0.0,230.43,90.4,140.03,Cash,Online,,1,5.0,False,False
ORD103203,2024-10-01,CUST0271,Mona Farouk,Aswan,Consumer,Groceries,Rice 5kg,1,218.47,0.0,218.47,144.45,74.02,Cash,In-store,Sara M.,0,5.0,False,False
ORD105279,2025-09-02,CUST0105,Nada Mahmoud,Cairo,Consumer,Groceries,Coffee 250g,1,194.04,0.0,194.04,100.62,93.42,Cash,Online,,1,3.0,False,False
ORD100971,2023-07-08,CUST0042,Omar Aziz,Aswan,SMB,Beauty,Makeup Kit,1,639.97,0.0,639.97,247.65,392.32,Mobile Wallet,In-store,Omar F.,0,5.0,False,False
ORD100760,2023-05-16,CUST0513,Mahmoud Abdel Rahman,Mansoura,Enterprise,Home & Kitchen,Air Fryer,1,2620.93,0.0,2620.93,1672.14,948.79,Cash,Online,,3,5.0,False,False
ORD105422,2025-09-28,CUST0354,Karim Mostafa,Cairo,Consumer,Clothing,Hoodie,1,625.51,0.0,625.51,309.43,316.08,Card,Online,,0,,False,False
ORD103004,2024-08-23,CUST0289,Nourhan Sherif,Alexandria,SMB,Electronics,Bluetooth Speaker,2,877.19,0.0,1754.38,1148.34,606.04,Cash,Online,,2,5.0,False,False
ORD101632,2023-12-07,CUST0352,Sara Sherif,mansoura,Consumer,Groceries,Olive Oil 1L,1,267.59,20.0,214.07,175.98,38.09,Cash,Online,Khaled T.,1,4.0,True,False
ORD103485,2024-11-24,CUST0151,Youssef Ibrahim,Cairo,Consumer,Home & Kitchen,Cookware Set,2,2322.86,5.0,4413.43,2522.78,1890.65,Card,Online,,2,2.0,True,False
ORD104949,2025-06-23,CUST0513,Mahmoud Abdel Rahman,Mansoura,Enterprise,Home & Kitchen,Coffee Maker,2,1581.13,20.0,2529.81,1747.12,782.69,Card,Phone,Khaled T.,0,5.0,True,False
ORD104903,2025-06-16,CUST0448,Laila Abdel Rahman,Cairo,Consumer,Electronics,Smart Watch,1,3618.25,0.0,3618.25,2085.17,1533.08,Mobile Wallet,Online,Youssef A.,2,4.0,False,False
ORD105959,2025-12-12,CUST0035,Heba Khalil,Cairo,Consumer,Electronics,Phone Case,1,268.33,0.0,268.33,87.36,180.97,Cash,Online,Sara M.,7,4.0,False,False
ORD100983,2023-07-12,CUST0066,Tarek Mahmoud,Alexandria,Consumer,Electronics,Phone Case,2,258.75,0.0,517.5,171.82,345.68,Cash,Online,,2,2.0,False,False
ORD104961,2025-06-26,CUST0420,Karim Khalil,giza,Consumer,Groceries,Rice 5kg,2,233.4,0.0,-466.8,286.08,-180.72,Mobile Wallet,Online,Mona K.,2,4.0,False,True
ORD103034,2024-09-02,CUST0261,Omar Sherif,Giza,Consumer,Home & Kitchen,Blender,1,1061.51,0.0,1061.51,625.52,435.99,Mobile Wallet,Online,,0,5.0,False,False
ORD101422,2023-11-01,CUST0355,Khaled El-Sayed,Cairo,SMB,Clothing,Women's Dress,1,888.42,0.0,888.42,385.66,502.76,Cash,In-store,Sara M.,0,5.0,False,False
ORD101224,2023-09-18,CUST0398,Amr Mostafa,Alexandria,Consumer,Groceries,Coffee 250g,1,189.79,0.0,189.79,101.48,88.31,Cash,Phone,Youssef A.,0,,False,False
ORD101763,2024-01-02,CUST0587,Khaled Aziz,mansoura,SMB,Electronics,Phone Case,1,246.66,0.0,-246.66,93.85,-152.81,Installment,Phone,Omar F.,0,1.0,False,True
ORD103975,2025-02-05,CUST0318,Karim Ibrahim,Cairo,SMB,Clothing,Men's T-Shirt,1,333.01,0.0,333.01,144.54,188.47,Card,In-store,Nourhan S.,0,5.0,False,False
ORD101560,2023-11-26,CUST0319,Mona Aziz,giza,Consumer,Sports,Yoga Mat,1,478.22,20.0,382.58,230.31,152.27,Mobile Wallet,In-store,,0,3.0,True,False
ORD100577,2023-04-16,CUST0301,Laila Sherif,Giza,Consumer,Home & Kitchen,Coffee Maker,1,1550.89,0.0,1550.89,881.36,669.53,Card,Online,Mona K.,4,5.0,False,False
ORD100748,2023-05-13,CUST0138,Youssef Ibrahim,tanta,Consumer,Beauty,Perfume,1,1364.65,0.0,1364.65,596.22,768.43,Cash,Phone,Nourhan S.,0,4.0,False,False
ORD100184,2023-02-12,CUST0519,Ahmed Ibrahim,Giza,Consumer,Electronics,Wireless Earbuds,1,1197.35,0.0,1197.35,720.68,476.67,Card,In-store,Omar F.,0,5.0,False,False
ORD101850,2024-01-21,CUST0331,Adel Mostafa,Cairo,Consumer,Groceries,Honey Jar,2,340.94,0.0,681.88,404.18,277.7,Card,Online,,2,2.0,False,False
ORD104722,2025-05-15,CUST0089,Khaled Ibrahim,Tanta,Consumer,Beauty,Skincare Set,1,824.27,0.0,824.27,334.84,489.43,Card,In-store,Khaled T.,0,3.0,False,False
ORD102647,2024-06-03,CUST0058,Ahmed Farouk,Tanta,Enterprise,Sports,Football,2,385.39,0.0,770.78,373.86,396.92,Card,In-store,Nourhan S.,0,5.0,False,False
ORD105400,2025-09-24,CUST0321,Rania Mahmoud,Cairo,Consumer,ELECTRONICS,Phone Case,2,246.01,0.0,492.02,183.26,308.76,Installment,Phone,Youssef A.,0,4.0,False,False
ORD105284,2025-09-03,CUST0530,Adel Ibrahim,Alexandria,SMB,Sports,Running Shoes,2,1697.82,0.0,3395.64,1712.52,1683.12,Card,Phone,Mona K.,0,4.0,False,False
ORD100786,2023-05-20,CUST0405,Nada Sherif,Tanta,Consumer,Clothing,Sneakers,5,1355.75,0.0,6778.75,3547.25,3231.5,Mobile Wallet,Online,Sara M.,4,5.0,False,False
ORD104059,2025-02-15,CUST0527,Omar Ibrahim,Cairo,Consumer,Home & Kitchen,Air Fryer,2,2729.52,0.0,-5459.04,3535.8,-1923.24,Mobile Wallet,In-store,Mona K.,0,4.0,False,True
ORD100757,2023-05-15,CUST0434,Dina Farouk,Alexandria,Consumer,Clothing,Men's T-Shirt,1,360.14,0.0,360.14,143.07,217.07,Cash,Online,Khaled T.,4,4.0,False,False
ORD103962,2025-02-05,CUST0456,Laila Mahmoud,Alexandria,Consumer,Home & Kitchen,Cookware Set,1,2192.16,0.0,2192.16,1321.39,870.77,Installment,In-store,Mona K.,0,1.0,False,False
ORD101949,2024-02-09,CUST0285,Ahmed Hassan,Mansoura,Consumer,Sports,Running Shoes,1,1575.51,0.0,1575.51,877.76,697.75,Card,Phone,Omar F.,0,,False,False
ORD105766,2025-11-21,CUST0313,Salma Farouk,Cairo,Consumer,Groceries,Rice 5kg,1,224.56,10.0,202.1,152.97,49.13,Mobile Wallet,Online,,4,1.0,True,False
ORD103540,2024-11-29,CUST0498,Dina Ibrahim,Alexandria,Consumer,Beauty,Makeup Kit,3,585.99,5.0,1670.07,778.98,891.09,Card,In-store,,0,4.0,True,False
ORD105969,2025-12-14,CUST0163,Mahmoud Abdel Rahman,Giza,SMB,Beauty,Perfume,1,1295.02,0.0,1295.02,617.38,677.64,Cash,Online,Nourhan S.,1,2.0,False,False
ORD101940,2024-02-06,CUST0090,Ahmed Hassan,Giza,Enterprise,Clothing,Women's Dress,1,875.01,0.0,875.01,401.86,473.15,Card,Phone,Khaled T.,0,1.0,False,False
ORD102002,2024-02-19,CUST0071,Mahmoud Sherif,Giza,Consumer,Home & Kitchen,Vacuum Cleaner,3,3236.45,0.0,9709.35,5687.31,4022.04,Installment,Online,,2,4.0,False,False
ORD103166,2024-09-25,CUST0324,Nourhan Hassan,Cairo,Enterprise,Home & Kitchen,Blender,1,1109.8,0.0,1109.8,592.75,517.05,Card,In-store,,0,5.0,False,False
ORD102018,2024-02-23,CUST0278,Sara Abdel Rahman,Aswan,Consumer,Clothing,Sneakers,1,1389.6,0.0,1389.6,720.73,668.87,Installment,In-store,Youssef A.,0,5.0,False,False
ORD103854,2025-01-16,CUST0121,Rania Hassan,Alexandria,Enterprise,Sports,Football,2,371.87,15.0,632.18,371.82,260.36,Card,Online,Omar F.,3,3.0,True,False
ORD101085,2023-08-12,CUST0327,Dina Hassan,Alexandria,SMB,Home & Kitchen,Vacuum Cleaner,1,3174.72,0.0,3174.72,1949.13,1225.59,Mobile Wallet,In-store,,0,5.0,False,False
ORD101126,2023-08-26,CUST0093,Nourhan Mahmoud,Giza,Consumer,Clothing,Sneakers,2,1408.91,0.0,2817.82,1372.6,1445.22,Card,Phone,Khaled T.,0,3.0,False,False
ORD101832,2024-01-19,CUST0586,Mona Ibrahim,Alexandria,Consumer,Clothing,Sneakers,2,1474.06,0.0,2948.12,1441.68,1506.44,Mobile Wallet,In-store,,0,4.0,False,False
ORD105385,2025-09-20,CUST0539,Laila Mahmoud,Giza,SMB,Electronics,Bluetooth Speaker,5,976.63,0.0,4883.15,2810.25,2072.9,Card,In-store,Sara M.,0,2.0,False,False
ORD105745,2025-11-20,CUST0104,Youssef Hassan,Cairo,SMB,Sports,Running Shoes,1,1664.56,20.0,1331.65,885.18,446.47,Card,Online,,3,5.0,True,False
ORD105442,2025-10-02,CUST0188,Adel Sherif,Alexandria,Consumer,Clothing,Men's T-Shirt,1,367.05,0.0,367.05,151.41,215.64,Cash,In-store,Nourhan S.,0,4.0,False,False
ORD102040,2024-02-29,CUST0241,Omar Khalil,Alexandria,SMB,Clothing,Jeans,1,727.26,0.0,727.26,329.79,397.47,Card,Online,Nourhan S.,2,5.0,False,False
ORD105287,2025-09-04,CUST0161,Karim Khalil,Cairo,Consumer,Sports,Running Shoes,2,1704.75,15.0,2898.08,1759.56,1138.52,Mobile Wallet,Online,,3,2.0,True,False
ORD105199,2025-08-16,CUST0372,Karim Sherif,Alexandria,SMB,Electronics,Power Bank,3,642.24,0.0,1926.72,1015.77,910.95,Card,Online,,2,2.0,False,False
ORD104101,2025-02-19,CUST0513,Mahmoud Abdel Rahman,mansoura,Enterprise,Clothing,Sneakers,1,1345.91,0.0,1345.91,676.78,669.13,Mobile Wallet,Online,,4,4.0,False,False
ORD105992,2025-12-18,CUST0230,Dina Sherif,Aswan,Consumer,Sports,Dumbbell Set,2,1803.14,0.0,3606.28,2172.84,1433.44,Cash,Online,,3,2.0,False,False
ORD102380,2024-04-14,CUST0378,Laila Ibrahim,Mansoura,SMB,Electronics,Wireless Earbuds,2,1170.03,0.0,2340.06,1489.54,850.52,Card,In-store,Sara M.,0,,False,False
ORD103285,2024-10-18,CUST0263,Mahmoud El-Sayed,Tanta,SMB,Beauty,Skincare Set,1,851.39,0.0,851.39,367.0,484.39,Installment,Online,,4,5.0,False,False
ORD105497,2025-10-11,CUST0578,Tarek Aziz,Cairo,Consumer,Sports,Football,1,371.65,0.0,371.65,178.1,193.55,Card,In-store,Khaled T.,0,,False,False
ORD103337,2024-10-30,CUST0016,Nada Aziz,,Consumer,Sports,Football,1,396.66,0.0,396.66,179.04,217.62,Cash,In-store,Mona K.,0,2.0,False,False
ORD102111,2024-03-07,CUST0379,Youssef Mostafa,Mansoura,SMB,Clothing,Men's T-Shirt,2,363.38,0.0,726.76,289.64,437.12,Cash,Online,Mona K.,3,2.0,False,False
ORD104081,2025-02-17,CUST0024,Amr Mahmoud,mansoura,SMB,Clothing,Hoodie,1,631.57,0.0,631.57,314.01,317.56,Cash,In-store,Sara M.,0,4.0,False,False
ORD104890,2025-06-14,CUST0181,Omar Mostafa,Mansoura,Consumer,Electronics,Wireless Earbuds,1,1232.52,0.0,1232.52,766.53,465.99,Mobile Wallet,Phone,Youssef A.,0,5.0,False,False
ORD102118,2024-03-08,CUST0106,Nada Aziz,Cairo,SMB,Clothing,Hoodie,1,639.72,0.0,639.72,294.98,344.74,Installment,In-store,Sara M.,0,4.0,False,False
ORD104624,2025-04-28,CUST0091,Mona Farouk,Mansoura,Consumer,Sports,Running Shoes,2,1548.42,0.0,3096.84,1703.74,1393.1,Cash,Online,Khaled T.,5,4.0,False,False
ORD103037,2024-09-02,CUST0052,Ahmed Mahmoud,Alexandria,SMB,Groceries,Olive Oil 1L,1,302.31,0.0,302.31,172.45,129.86,Cash,Online,Nourhan S.,3,4.0,False,False
ORD102809,2024-07-05,CUST0496,Khaled Khalil,Alexandria,Consumer,Sports,Dumbbell Set,1,1738.04,0.0,1738.04,1050.35,687.69,Mobile Wallet,Online,,7,2.0,False,False
ORD103699,2024-12-25,CUST0272,Khaled Abdel Rahman,Giza,Consumer,Beauty,Hair Dryer,1,875.61,20.0,700.49,443.16,257.33,Mobile Wallet,Online,Youssef A.,7,4.0,True,False
ORD104647,2025-05-02,CUST0158,Salma Abdel Rahman,mansoura,Consumer,Sports,Dumbbell Set,3,90248.5,0.0,270745.5,3400.44,2014.47,Mobile Wallet,Online,,1,5.0,False,False
ORD104981,2025-06-29,CUST0464,Adel Mahmoud,Aswan,SMB,Sports,Running Shoes,1,1578.63,0.0,1578.63,847.01,731.62,Card,In-store,Omar F.,0,5.0,False,False
ORD100998,2023-07-16,CUST0381,Heba Sherif,Giza,Consumer,Clothing,Sneakers,1,1404.98,0.0,1404.98,687.35,717.63,Cash,Online,,4,4.0,False,False
ORD104416,2025-03-27,CUST0304,Salma Farouk,Cairo,SMB,Beauty,Perfume,1,1282.98,0.0,1282.98,572.42,710.56,Installment,Online,Youssef A.,2,5.0,False,False
ORD101996,2024-02-18,CUST0270,Salma Sherif,Giza,SMB,Electronics,Power Bank,1,600.82,0.0,600.82,358.05,242.77,Mobile Wallet,Online,Omar F.,3,4.0,False,False
ORD102613,2024-05-29,CUST0475,Khaled Sherif,Tanta,SMB,Clothing,Men's T-Shirt,2,350.06,0.0,700.12,308.48,391.64,Card,Online,,4,5.0,False,False
ORD101729,2023-12-29,CUST0279,Adel Abdel Rahman,Mansoura,Enterprise,Electronics,Power Bank,1,576.37,0.0,576.37,334.24,242.13,Card,In-store,Mona K.,0,5.0,False,False
ORD100449,2023-03-30,CUST0278,Sara Abdel Rahman,Aswan,Consumer,Clothing,Women's Dress,2,862.87,0.0,1725.74,773.74,952.0,Card,In-store,Mona K.,0,3.0,False,False
ORD101092,2023-08-13,CUST0430,Khaled Mostafa,Mansoura,SMB,Home & Kitchen,Air Fryer,1,2962.65,0.0,2962.65,1664.83,1297.82,Card,Online,,0,4.0,False,False
ORD101075,2023-08-07,CUST0598,Sara Hassan,Cairo,SMB,Beauty,Perfume,1,1290.4,0.0,1290.4,622.76,667.64,Card,Online,,3,5.0,False,False
ORD101563,2023-11-26,CUST0502,Mahmoud Mahmoud,Giza,Consumer,Clothing,Women's Dress,1,919.83,5.0,873.84,418.18,455.66,Mobile Wallet,Online,Youssef A.,3,4.0,True,False
ORD105374,2025-09-19,CUST0415,Laila Farouk,Cairo,Consumer,Clothing,Jeans,1,704.08,0.0,704.08,332.45,371.63,Installment,Online,Khaled T.,7,4.0,False,False
ORD100238,2023-02-25,CUST0530,Adel Ibrahim,Alexandria,SMB,Clothing,Men's T-Shirt,1,344.68,25.0,258.51,157.48,101.03,Cash,Online,,2,4.0,True,False
ORD101612,2023-12-02,CUST0260,Dina Sherif,Alexandria,Consumer,Beauty,Skincare Set,1,807.88,15.0,686.7,347.05,339.65,Cash,Online,,5,5.0,True,False
ORD100643,2023-04-24,CUST0167,Tarek Sherif,Cairo,Consumer,Groceries,Coffee 250g,2,179.91,0.0,359.82,202.0,157.82,Cash,Online,,4,3.0,False,False
ORD105556,2025-10-22,CUST0482,Yasmin El-Sayed,Mansoura,SMB,Sports,Running Shoes,1,1512.45,0.0,1512.45,886.55,625.9,Mobile Wallet,In-store,Sara M.,0,5.0,False,False
ORD101633,2023-12-07,CUST0383,Mona Sherif,Tanta,Consumer,Home & Kitchen,Blender,2,1168.95,0.0,2337.9,1164.56,1173.34,Card,Phone,Youssef A.,0,1.0,False,False
ORD100874,2023-06-11,CUST0158,Salma Abdel Rahman,Mansoura,Consumer,Clothing,Hoodie,1,630.4,0.0,630.4,291.84,338.56,Card,Phone,Omar F.,0,5.0,False,False
ORD101335,2023-10-12,CUST0372,Karim Sherif,Alexandria,SMB,Groceries,Coffee 250g,1,170.22,0.0,170.22,100.11,70.11,Card,In-store,,0,4.0,False,False
ORD102327,2024-04-05,CUST0036,Heba Mahmoud,Alexandria,Consumer,Clothing,Hoodie,1,661.85,0.0,661.85,295.1,366.75,Cash,In-store,Khaled T.,0,5.0,False,False
ORD105360,2025-09-16,CUST0580,Mahmoud Mostafa,Giza,SMB,Clothing,Jeans,1,809.09,20.0,647.27,324.58,322.69,Cash,Online,Nourhan S.,2,5.0,True,False
ORD103763,2025-01-03,CUST0205,Omar Mostafa,Alexandria,Consumer,Beauty,Perfume,1,1208.04,0.0,1208.04,599.24,608.8,Card,Phone,Omar F.,0,5.0,False,False
ORD103349,2024-11-02,CUST0586,Mona Ibrahim,Alexandria,Consumer,Groceries,Rice 5kg,2,214.38,0.0,428.76,313.92,114.84,Cash,In-store,,0,4.0,False,False
ORD102888,2024-07-26,CUST0112,Dina Hassan,Alexandria,Consumer,Clothing,Hoodie,1,616.23,0.0,616.23,294.18,322.05,Cash,In-store,Sara M.,0,5.0,False,False
ORD105024,2025-07-10,CUST0226,Adel El-Sayed,Alexandria,SMB,Clothing,Sneakers,1,1300.53,0.0,1300.53,676.66,623.87,Cash,Online,,1,4.0,False,False
ORD105246,2025-08-27,CUST0294,Adel Mostafa,Alexandria,SMB,Groceries,Coffee 250g,1,173.89,0.0,173.89,98.08,75.81,Cash,Phone,Nourhan S.,0,3.0,False,False
ORD104803,2025-05-30,CUST0117,Rania Farouk,Giza,Consumer,Home & Kitchen,Air Fryer,1,2959.4,15.0,2515.49,1756.47,759.02,Cash,In-store,Khaled T.,0,5.0,True,False
ORD101379,2023-10-23,CUST0488,Nourhan Khalil,Alexandria,Enterprise,Electronics,Power Bank,2,607.33,0.0,1214.66,714.44,500.22,Card,In-store,Khaled T.,0,4.0,False,False
ORD100172,2023-02-09,CUST0440,Hassan Khalil,Giza,SMB,Groceries,Rice 5kg,2,212.0,0.0,424.0,306.94,117.06,Cash,Online,Mona K.,7,1.0,False,False
ORD105421,2025-09-28,CUST0024,Amr Mahmoud,Mansoura,SMB,Home & Kitchen,Blender,1,1184.97,0.0,1184.97,573.18,611.79,Mobile Wallet,In-store,Khaled T.,0,3.0,False,False
ORD102109,2024-03-07,CUST0030,Mona Abdel Rahman,Cairo,Consumer,Electronics,Bluetooth Speaker,1,1012.43,0.0,1012.43,534.36,478.07,Card,Online,Sara M.,3,4.0,False,False
ORD101069,2023-08-05,CUST0121,Rania Hassan,Alexandria,Enterprise,Clothing,Jeans,3,785.6,0.0,2356.8,930.42,1426.38,Installment,Online,Omar F.,1,5.0,False,False
ORD102814,2024-07-06,CUST0166,Youssef El-Sayed,Giza,Consumer,Home & Kitchen,Coffee Maker,2,1449.96,0.0,2899.92,1669.96,1229.96,Cash,In-store,Omar F.,0,5.0,False,False
ORD100752,2023-05-14,CUST0129,Youssef Aziz,Cairo,Consumer,Home & Kitchen,Blender,1,1031.55,0.0,1031.55,613.37,418.18,Mobile Wallet,Phone,Mona K.,0,4.0,False,False
ORD105028,2025-07-11,CUST0009,Yasmin Abdel Rahman,Cairo,Consumer,Home & Kitchen,Coffee Maker,5,1484.74,0.0,7423.7,4438.3,2985.4,Installment,In-store,Omar F.,0,5.0,False,False
ORD100515,2023-04-08,CUST0173,Mona Mahmoud,Giza,Consumer,Groceries,Olive Oil 1L,2,278.01,0.0,556.02,364.02,192.0,Mobile Wallet,In-store,Khaled T.,0,4.0,False,False
ORD104495,2025-04-05,CUST0390,Khaled Sherif,Aswan,Enterprise,Clothing,Men's T-Shirt,1,364.73,0.0,364.73,152.24,212.49,Cash,In-store,Sara M.,0,4.0,False,False
ORD104399,2025-03-26,CUST0409,Ahmed Farouk,cairo,Consumer,Clothing,Men's T-Shirt,1,332.85,0.0,332.85,143.52,189.33,Cash,In-store,,0,2.0,False,False
ORD103675,2024-12-21,CUST0214,Rania Khalil,Alexandria,SMB,Clothing,Women's Dress,1,831.67,0.0,831.67,396.72,434.95,Cash,Phone,Youssef A.,0,5.0,False,False
ORD104053,2025-02-14,CUST0021,Heba El-Sayed,alexandria,SMB,Home & Kitchen,Cookware Set,2,2078.55,0.0,4157.1,2705.68,1451.42,Installment,In-store,Mona K.,0,5.0,False,False
ORD104429,2025-03-28,CUST0275,Nada Ibrahim,Aswan,Consumer,Beauty,Skincare Set,1,740.75,0.0,740.75,356.32,384.43,Cash,Online,Khaled T.,5,1.0,False,False
ORD104857,2025-06-07,CUST0064,Khaled Mahmoud,Mansoura,Consumer,Groceries,Honey Jar,1,341.37,0.0,341.37,198.38,142.99,Cash,In-store,Youssef A.,0,5.0,False,False
ORD102546,2024-05-17,CUST0007,Youssef Abdel Rahman,Mansoura,SMB,Clothing,Hoodie,1,598.33,0.0,598.33,294.31,304.02,Card,Online,,1,,False,False
ORD100076,2023-01-17,CUST0385,Adel Mahmoud,Aswan,Consumer,Sports,Yoga Mat,1,419.08,0.0,419.08,213.08,206.0,Mobile Wallet,In-store,Khaled T.,0,5.0,False,False
ORD104573,2025-04-18,CUST0147,Yasmin Farouk,Cairo,SMB,Electronics,Smart Watch,1,3566.76,0.0,3566.76,2192.18,1374.58,Card,Online,Omar F.,2,5.0,False,False
ORD103718,2024-12-28,CUST0359,Rania Abdel Rahman,Tanta,SMB,Groceries,Rice 5kg,2,218.96,0.0,437.92,295.0,142.92,Installment,In-store,Youssef A.,0,3.0,False,False
ORD103390,2024-11-11,CUST0050,Hassan Khalil,tanta,SMB,Sports,Football,1,400.96,0.0,400.96,185.17,215.79,Card,Online,,3,3.0,False,False
ORD100047,2023-01-11,CUST0492,Salma Aziz,Alexandria,Consumer,Sports,Football,1,379.89,0.0,379.89,178.32,201.57,Cash,Online,Nourhan S.,2,4.0,False,False
ORD100250,2023-02-28,CUST0066,Tarek Mahmoud,Alexandria,Consumer,Clothing,Jeans,2,743.3,0.0,1486.6,616.78,869.82,Mobile Wallet,Phone,Omar F.,0,2.0,False,False
ORD105045,2025-07-14,CUST0514,Mona Mahmoud,Giza,SMB,Home & Kitchen,Blender,1,1104.24,0.0,1104.24,582.89,521.35,Card,Online,Mona K.,0,4.0,False,False
ORD100044,2023-01-10,CUST0441,Nourhan Mahmoud,Aswan,Consumer,Beauty,Perfume,1,1253.46,0.0,1253.46,628.9,624.56,Installment,Online,Mona K.,2,1.0,False,False
ORD105284,2025-09-03,CUST0530,Adel Ibrahim,Alexandria,SMB,Sports,Running Shoes,2,1697.82,0.0,3395.64,1712.52,1683.12,Card,Phone,Mona K.,0,4.0,False,False
ORD105463,2025-10-05,CUST0203,Khaled Sherif,Cairo,Consumer,Electronics,Power Bank,1,607.89,0.0,607.89,336.15,271.74,Cash,Online,Mona K.,3,5.0,False,False
ORD105993,2025-12-19,CUST0038,Rania El-Sayed,Mansoura,Consumer,Clothing,Hoodie,1,642.17,0.0,642.17,314.1,328.07,Mobile Wallet,Online,Sara M.,0,4.0,False,False
ORD105977,2025-12-16,CUST0514,Mona Mahmoud,Giza,SMB,Home & Kitchen,Coffee Maker,1,1601.19,0.0,1601.19,887.41,713.78,Card,Online,Khaled T.,1,5.0,False,False
ORD101008,2023-07-19,CUST0107,Ahmed Khalil,Cairo,SMB,Electronics,Power Bank,2,557.89,0.0,1115.78,728.3,387.48,Card,Online,Sara M.,7,2.0,False,False
ORD103385,2024-11-09,CUST0377,Sara Ibrahim,Aswan,SMB,Sports,Running Shoes,2,1607.74,0.0,3215.48,1705.82,1509.66,Cash,Online,Mona K.,0,5.0,False,False
ORD101779,2024-01-05,CUST0469,Nada Ibrahim,Cairo,Consumer,Groceries,Rice 5kg,2,231.75,0.0,463.5,301.38,162.12,Cash,Online,Khaled T.,0,4.0,False,False
ORD100340,2023-03-14,CUST0133,Sara Ibrahim,mansoura,Enterprise,Clothing,Women's Dress,1,944.4,0.0,944.4,395.52,548.88,Card,Online,Omar F.,2,3.0,False,False
ORD104373,2025-03-22,CUST0010,Mona Farouk,Cairo,Consumer,Electronics,Smart Watch,3,3379.06,0.0,10137.18,6484.14,3653.04,Card,In-store,Khaled T.,0,4.0,False,False
ORD101022,2023-07-21,CUST0418,Nada Mostafa,Cairo,Consumer,Electronics,Smart Watch,1,3338.19,0.0,3338.19,2085.82,1252.37,Card,In-store,Khaled T.,0,5.0,False,False
ORD100169,2023-02-08,CUST0141,Nourhan Hassan,Giza,Consumer,Electronics,Power Bank,1,552.4,0.0,-552.4,355.97,-196.43,Cash,Online,,3,4.0,False,True
ORD103648,2024-12-14,CUST0401,Laila Ibrahim,Alexandria,Consumer,Electronics,Smart Watch,1,3573.69,0.0,3573.69,2073.45,1500.24,Installment,Online,,3,5.0,False,False
ORD101451,2023-11-08,CUST0160,Mona Sherif,,Consumer,Electronics,Phone Case,1,232.51,0.0,232.51,93.37,139.14,Card,Online,,2,1.0,False,False
ORD103816,2025-01-11,CUST0137,Laila Mahmoud,Aswan,Consumer,Sports,Dumbbell Set,2,1700.7,0.0,3401.4,2235.44,1165.96,Mobile Wallet,In-store,Khaled T.,0,4.0,False,False
ORD101459,2023-11-10,CUST0305,Hassan Mostafa,Alexandria,SMB,Home & Kitchen,Air Fryer,2,2898.67,0.0,5797.34,3454.24,2343.1,Cash,Online,Khaled T.,1,2.0,False,False
ORD101036,2023-07-26,CUST0449,Laila Aziz,Alexandria,Consumer,Electronics,Phone Case,1,249.74,0.0,249.74,89.25,160.49,Card,Online,Sara M.,2,2.0,False,False
ORD101966,2024-02-11,CUST0054,Yasmin Khalil,Cairo,SMB,Home & Kitchen,Vacuum Cleaner,1,3333.39,10.0,3000.05,1904.72,1095.33,Card,Phone,Youssef A.,0,4.0,True,False
ORD104775,2025-05-25,CUST0567,Nourhan Aziz,Alexandria,Consumer,Electronics,Bluetooth Speaker,1,1002.8,0.0,1002.8,548.51,454.29,Mobile Wallet,Phone,Youssef A.,0,1.0,False,False
ORD105844,2025-11-28,CUST0018,Adel Mahmoud,Cairo,Consumer,Electronics,Power Bank,2,603.61,25.0,905.42,704.0,201.42,Cash,Online,Nourhan S.,4,5.0,True,False
ORD104025,2025-02-10,CUST0091,Mona Farouk,Mansoura,Consumer,Home & Kitchen,Blender,1,1033.46,10.0,930.11,595.43,334.68,Cash,In-store,Youssef A.,0,5.0,True,False
ORD104182,2025-02-28,CUST0386,Youssef Mahmoud,Alexandria,Consumer,Sports,Football,1,380.04,0.0,380.04,183.85,196.19,Mobile Wallet,Phone,Khaled T.,0,5.0,False,False
ORD101827,2024-01-18,CUST0525,Nada Abdel Rahman,Cairo,SMB,Clothing,Hoodie,1,663.56,0.0,663.56,305.88,357.68,Cash,In-store,Sara M.,0,4.0,False,False
ORD105573,2025-10-24,CUST0229,Laila Sherif,Cairo,Consumer,Beauty,Makeup Kit,1,620.44,0.0,620.44,262.15,358.29,Cash,In-store,Khaled T.,0,5.0,False,False
ORD102666,2024-06-07,CUST0136,Rania Mostafa,Tanta,Consumer,HOME & KITCHEN,Blender,3,1152.96,0.0,3458.88,1778.61,1680.27,Mobile Wallet,Phone,Youssef A.,0,1.0,False,False
ORD105753,2025-11-20,CUST0027,Heba Ibrahim,Cairo,Consumer,Electronics,Phone Case,1,231.17,15.0,196.49,92.73,103.76,Installment,Online,Mona K.,2,5.0,True,False
ORD101234,2023-09-21,CUST0354,Karim Mostafa,Cairo,Consumer,Sports,Football,1,372.26,0.0,372.26,184.2,188.06,Cash,In-store,Khaled T.,0,4.0,False,False
ORD100061,2023-01-14,CUST0544,Salma Mahmoud,Mansoura,Enterprise,Clothing,Hoodie,1,600.62,10.0,540.56,310.17,230.39,Cash,In-store,Mona K.,0,4.0,True,False
ORD100075,2023-01-17,CUST0063,Nada Mostafa,Cairo,Consumer,Clothing,Jeans,1,714.13,0.0,714.13,322.89,391.24,Cash,Online,Mona K.,4,4.0,False,False
ORD103689,2024-12-24,CUST0481,Khaled Mostafa,Alexandria,Consumer,Electronics,Bluetooth Speaker,1,942.47,0.0,942.47,525.42,417.05,Mobile Wallet,In-store,Nourhan S.,0,,False,False
ORD105436,2025-09-30,CUST0095,Mahmoud Khalil,Aswan,Consumer,Electronics,Bluetooth Speaker,3,937.27,0.0,2811.81,1675.02,1136.79,Card,Phone,Youssef A.,0,1.0,False,False
ORD105642,2025-11-03,CUST0035,Heba Khalil,Cairo,Consumer,Electronics,Bluetooth Speaker,1,974.99,0.0,974.99,542.29,432.7,Cash,In-store,Omar F.,0,3.0,False,False
ORD101620,2023-12-04,CUST0107,Ahmed Khalil,Cairo,SMB,Sports,Running Shoes,1,1618.31,0.0,1618.31,852.09,766.22,Cash,In-store,Omar F.,0,,False,False
ORD106027,2025-12-27,CUST0249,Yasmin Aziz,Alexandria,Consumer,Beauty,Skincare Set,1,863.28,0.0,863.28,360.14,503.14,Card,In-store,Khaled T.,0,5.0,False,False
ORD100472,2023-04-02,CUST0492,Salma Aziz,Alexandria,Consumer,Clothing,Men's T-Shirt,1,377.84,0.0,377.84,154.09,223.75,Installment,In-store,Youssef A.,0,5.0,False,False
ORD102798,2024-07-03,CUST0559,Adel Hassan,Giza,Enterprise,Clothing,Sneakers,2,1442.49,0.0,2884.98,1377.8,1507.18,Cash,Phone,Mona K.,0,3.0,False,False
ORD104040,2025-02-12,CUST0282,Youssef El-Sayed,Cairo,Consumer,Clothing,Jeans,1,807.83,0.0,807.83,310.21,497.62,Installment,Online,Omar F.,0,2.0,False,False
ORD101606,2023-12-01,CUST0491,Tarek Khalil,Alexandria,Consumer,Home & Kitchen,Blender,1,1081.49,0.0,1081.49,601.11,480.38,Cash,In-store,Nourhan S.,0,4.0,False,False
ORD103376,2024-11-08,CUST0280,Omar Sherif,Alexandria,Consumer,Beauty,Makeup Kit,2,619.48,0.0,1238.96,509.38,729.58,Cash,In-store,Youssef A.,0,3.0,False,False
ORD102387,2024-04-15,CUST0029,Laila Mostafa,Giza,SMB,Home & Kitchen,Blender,1,1141.89,0.0,1141.89,574.88,567.01,Cash,Online,,2,5.0,False,False
ORD103471,2024-11-23,CUST0497,Khaled Khalil,Cairo,SMB,Groceries,Honey Jar,2,302.25,20.0,483.6,380.7,102.9,Card,Online,,2,5.0,True,False
ORD101304,2023-10-05,CUST0054,Yasmin Khalil,Cairo,SMB,Clothing,Hoodie,1,695.59,0.0,695.59,287.57,408.02,Cash,Online,,2,2.0,False,False
ORD103345,2024-11-02,CUST0394,Karim Mostafa,Alexandria,SMB,Home & Kitchen,Air Fryer,1,2725.98,20.0,2180.78,1724.91,455.87,Mobile Wallet,Online,Mona K.,3,4.0,True,False
ORD101257,2023-09-25,CUST0530,Adel Ibrahim,Alexandria,SMB,Sports,Dumbbell Set,1,1735.56,10.0,1562.0,1115.98,446.02,Cash,Online,,3,3.0,True,False
ORD103075,2024-09-09,CUST0088,Mona El-Sayed,Mansoura,Consumer,Home & Kitchen,Cookware Set,1,2371.6,0.0,2371.6,1239.07,1132.53,Installment,Phone,Youssef A.,0,5.0,False,False
ORD105691,2025-11-12,CUST0533,Ahmed Hassan,Giza,SMB,Sports,Football,1,400.13,0.0,400.13,188.28,211.85,Card,Phone,Mona K.,0,5.0,False,False
ORD104538,2025-04-13,CUST0590,Dina Abdel Rahman,Cairo,Consumer,Electronics,Smart Watch,1,3424.34,0.0,3424.34,2003.03,1421.31,Mobile Wallet,Online,,1,5.0,False,False
ORD100088,2023-01-21,CUST0576,Heba Aziz,Cairo,Consumer,GROCERIES,Rice 5kg,1,224.66,0.0,224.66,144.85,79.81,Mobile Wallet,Online,,3,5.0,False,False
ORD101903,2024-01-31,CUST0257,Sara Farouk,Giza,Consumer,Groceries,Honey Jar,1,306.51,0.0,306.51,193.2,113.31,Card,Online,,2,5.0,False,False
ORD103924,2025-01-30,CUST0527,Omar Ibrahim,Cairo,Consumer,Groceries,Olive Oil 1L,1,288.47,0.0,288.47,172.9,115.57,Cash,Online,Youssef A.,3,4.0,False,False
ORD105329,2025-09-12,CUST0072,Omar Ibrahim,Mansoura,Consumer,Beauty,Skincare Set,1,807.14,10.0,726.43,343.66,382.77,Card,In-store,Sara M.,0,4.0,True,False
ORD102504,2024-05-09,CUST0502,Mahmoud Mahmoud,Giza,Consumer,Home & Kitchen,Cookware Set,1,2218.63,0.0,2218.63,1270.68,947.95,Card,Online,,2,3.0,False,False
ORD104344,2025-03-18,CUST0084,Mona Hassan,Cairo,SMB,Electronics,Wireless Earbuds,1,1278.92,0.0,1278.92,772.89,506.03,Card,In-store,Khaled T.,0,5.0,False,False
ORD105881,2025-11-30,CUST0572,Karim Sherif,Alexandria,SMB,Groceries,Olive Oil 1L,1,269.04,15.0,228.68,184.28,44.4,Mobile Wallet,Phone,Omar F.,0,4.0,True,False
ORD100270,2023-03-03,CUST0559,Adel Hassan,Giza,Enterprise,Clothing,Women's Dress,1,956.3,0.0,956.3,402.78,553.52,Installment,Online,Khaled T.,0,4.0,False,False
ORD103788,2025-01-05,CUST0559,Adel Hassan,Giza,Enterprise,Beauty,Perfume,2,1365.45,0.0,2730.9,1234.64,1496.26,Installment,Online,Mona K.,1,4.0,False,False
ORD103192,2024-09-29,CUST0091,Mona Farouk,Mansoura,Consumer,Clothing,Hoodie,1,688.63,0.0,688.63,314.62,374.01,Card,In-store,,0,4.0,False,False
ORD102246,2024-03-23,CUST0439,Hassan Ibrahim,Alexandria,Consumer,Groceries,Coffee 250g,3,170.54,0.0,511.62,310.47,201.15,Card,In-store,Omar F.,0,5.0,False,False
ORD102048,2024-03-01,CUST0010,Mona Farouk,Cairo,Consumer,Groceries,Rice 5kg,1,225.91,0.0,225.91,147.86,78.05,Cash,In-store,Youssef A.,0,4.0,False,False
ORD100641,2023-04-24,CUST0512,Nada Aziz,Mansoura,Consumer,Beauty,Perfume,1,1305.14,0.0,1305.14,603.3,701.84,Card,Online,Khaled T.,7,4.0,False,False
ORD101472,2023-11-13,CUST0069,Tarek Aziz,Cairo,Enterprise,Electronics,Wireless Earbuds,2,1270.65,0.0,2541.3,1503.5,1037.8,Mobile Wallet,In-store,Nourhan S.,0,5.0,False,False
ORD104300,2025-03-14,CUST0499,Hassan Abdel Rahman,Tanta,Consumer,Beauty,Skincare Set,2,745.08,0.0,1490.16,688.44,801.72,Mobile Wallet,Online,Omar F.,2,4.0,False,False
ORD101397,2023-10-27,CUST0244,Youssef Aziz,,Consumer,GROCERIES,Rice 5kg,1,204.22,0.0,204.22,144.29,59.93,Mobile Wallet,Online,Omar F.,3,4.0,False,False
ORD104975,2025-06-28,CUST0313,Salma Farouk,Cairo,Consumer,Electronics,Phone Case,2,230.48,0.0,460.96,174.3,286.66,Cash,Online,,0,5.0,False,False
ORD102900,2024-07-28,CUST0095,Mahmoud Khalil,Aswan,Consumer,Groceries,Olive Oil 1L,1,284.71,0.0,284.71,178.91,105.8,Cash,Online,Sara M.,7,2.0,False,False
ORD104701,2025-05-11,CUST0555,Heba Mahmoud,Cairo,SMB,Sports,Running Shoes,1,1526.86,0.0,1526.86,841.98,684.88,Mobile Wallet,In-store,Sara M.,0,5.0,False,False
ORD104874,2025-06-11,CUST0413,Hassan Mahmoud,Giza,SMB,Electronics,Smart Watch,1,3655.67,0.0,3655.67,2009.16,1646.51,Card,In-store,Omar F.,0,4.0,False,False
ORD104195,2025-03-02,CUST0191,Ahmed Sherif,Cairo,Enterprise,Home & Kitchen,Vacuum Cleaner,1,3070.62,0.0,3070.62,1926.07,1144.55,Card,In-store,Youssef A.,0,2.0,False,False
ORD103605,2024-12-07,CUST0123,Ahmed Khalil,Tanta,Consumer,Beauty,Skincare Set,2,766.84,0.0,1533.68,708.04,825.64,Card,In-store,Youssef A.,0,3.0,False,False
ORD100565,2023-04-14,CUST0163,Mahmoud Abdel Rahman,Giza,SMB,Groceries,Honey Jar,2,296.84,0.0,593.68,395.42,198.26,Mobile Wallet,Online,,1,2.0,False,False
ORD104511,2025-04-08,CUST0478,Tarek Khalil,Giza,Consumer,Electronics,Wireless Earbuds,1,1230.77,0.0,1230.77,762.81,467.96,Installment,Online,Sara M.,5,3.0,False,False
ORD100159,2023-02-06,CUST0516,Karim Hassan,Cairo,Consumer,Beauty,Hair Dryer,1,858.95,0.0,858.95,429.39,429.56,Card,Online,,4,4.0,False,False
ORD100922,2023-06-25,CUST0548,Amr Farouk,Cairo,SMB,Sports,Running Shoes,1,1725.25,0.0,1725.25,872.92,852.33,Mobile Wallet,In-store,Nourhan S.,0,3.0,False,False
ORD103459,2024-11-22,CUST0234,Salma Khalil,Cairo,Consumer,Groceries,Coffee 250g,1,193.71,5.0,184.02,102.5,81.52,Installment,Online,Sara M.,1,2.0,True,False
ORD101264,2023-09-26,CUST0334,Laila Mahmoud,Alexandria,SMB,Beauty,Makeup Kit,1,625.09,0.0,625.09,258.04,367.05,Cash,In-store,Sara M.,0,5.0,False,False
ORD105501,2025-10-11,CUST0186,Dina Hassan,Mansoura,Consumer,Clothing,Hoodie,1,630.44,0.0,630.44,290.7,339.74,Cash,Online,,3,5.0,False,False
ORD104728,2025-05-16,CUST0016,Nada Aziz,Mansoura,Consumer,Groceries,Coffee 250g,1,175.38,0.0,175.38,96.81,78.57,Card,In-store,Omar F.,0,2.0,False,False
ORD102373,2024-04-12,CUST0247,Tarek Hassan,Cairo,Consumer,Clothing,Women's Dress,1,887.86,0.0,887.86,395.13,492.73,Card,Phone,Omar F.,0,,False,False
ORD102796,2024-07-03,CUST0215,Rania Mahmoud,tanta,Consumer,Groceries,Honey Jar,1,343.64,0.0,343.64,193.1,150.54,Installment,Online,,2,4.0,False,False
ORD104654,2025-05-03,CUST0333,Laila El-Sayed,Alexandria,Consumer,Home & Kitchen,Cookware Set,1,2093.66,0.0,2093.66,1300.24,793.42,Card,In-store,Mona K.,0,,False,False
ORD100015,2023-01-04,CUST0235,Sara Aziz,Mansoura,Enterprise,Home & Kitchen,Coffee Maker,1,1598.43,0.0,1598.43,876.18,722.25,Cash,In-store,Mona K.,0,4.0,False,False
ORD104492,2025-04-05,CUST0489,Amr Sherif,Cairo,SMB,Electronics,Wireless Earbuds,2,1111.86,0.0,2223.72,1461.9,761.82,Card,Phone,Mona K.,0,1.0,False,False
ORD104506,2025-04-07,CUST0011,Ahmed Sherif,Alexandria,Consumer,Sports,Dumbbell Set,1,1943.25,0.0,1943.25,1140.71,802.54,Cash,Phone,Khaled T.,0,2.0,False,False
ORD101018,2023-07-21,CUST0238,Youssef Ibrahim,Giza,Consumer,Clothing,Sneakers,5,1468.81,0.0,7344.05,3451.25,3892.8,Card,In-store,Nourhan S.,0,4.0,False,False
ORD101408,2023-10-28,CUST0574,Karim El-Sayed,Alexandria,SMB,Electronics,Phone Case,1,235.33,0.0,235.33,90.02,145.31,Card,In-store,Mona K.,0,3.0,False,False
ORD103120,2024-09-16,CUST0262,Khaled Hassan,,Enterprise,Clothing,Hoodie,1,651.38,0.0,651.38,311.45,339.93,Card,Online,,0,,False,False
ORD106018,2025-12-25,CUST0162,Ahmed Aziz,Giza,Enterprise,Sports,Football,1,370.43,0.0,370.43,179.25,191.18,Mobile Wallet,In-store,,0,5.0,False,False
ORD103080,2024-09-09,CUST0330,Heba Ibrahim,Cairo,SMB,Beauty,Makeup Kit,2,562.31,0.0,1124.62,483.42,641.2,Card,Phone,,0,3.0,False,False
ORD102901,2024-07-28,CUST0109,Laila Ibrahim,Tanta,SMB,Groceries,Honey Jar,1,310.52,0.0,310.52,196.17,114.35,Card,Online,Mona K.,3,5.0,False,False
ORD103553,2024-11-29,CUST0069,Tarek Aziz,Cairo,Enterprise,Beauty,Hair Dryer,1,833.21,10.0,749.89,465.72,284.17,Mobile Wallet,Phone,Sara M.,0,5.0,True,False
ORD100002,2023-01-01,CUST0302,Sara Sherif,Giza,Consumer,GROCERIES,Honey Jar,2,333.62,0.0,667.24,411.54,255.7,Card,Phone,Khaled T.,0,4.0,False,False
ORD104555,2025-04-17,CUST0333,Laila El-Sayed,Alexandria,Consumer,Electronics,Bluetooth Speaker,1,1014.43,0.0,1014.43,561.15,453.28,Card,Online,,3,2.0,False,False
ORD104709,2025-05-13,CUST0446,Mona Hassan,Cairo,Consumer,Home & Kitchen,Cookware Set,1,2069.17,0.0,2069.17,1254.08,815.09,Card,Online,,0,4.0,False,False
ORD102821,2024-07-09,CUST0205,Omar Mostafa,Alexandria,Consumer,Groceries,Honey Jar,3,302.7,0.0,908.1,598.26,309.84,Card,Phone,Omar F.,0,5.0,False,False
ORD100287,2023-03-07,CUST0076,Nourhan Khalil,Mansoura,SMB,Groceries,Rice 5kg,1,230.74,0.0,230.74,155.25,75.49,Installment,Online,Mona K.,2,,False,False
ORD105368,2025-09-18,CUST0260,Dina Sherif,Alexandria,Consumer,Groceries,Coffee 250g,2,178.87,0.0,357.74,208.78,148.96,Mobile Wallet,In-store,Nourhan S.,0,3.0,False,False
ORD105100,2025-07-27,CUST0286,Tarek Aziz,Giza,SMB,Groceries,Honey Jar,1,308.48,0.0,308.48,208.62,99.86,Card,Online,,1,5.0,False,False
ORD102249,2024-03-23,CUST0234,Salma Khalil,Cairo,Consumer,Clothing,Men's T-Shirt,1,332.47,0.0,332.47,152.45,180.02,Mobile Wallet,Online,,0,3.0,False,False
ORD102126,2024-03-09,CUST0532,Adel El-Sayed,Giza,Consumer,Beauty,Skincare Set,2,766.93,0.0,1533.86,667.8,866.06,Card,Online,,2,5.0,False,False
ORD101401,2023-10-28,CUST0254,Khaled Hassan,Cairo,Consumer,Sports,Running Shoes,1,1561.73,0.0,1561.73,874.84,686.89,Cash,Online,,2,4.0,False,False
ORD103891,2025-01-24,CUST0393,Yasmin Aziz,Cairo,Consumer,Clothing,Jeans,1,782.34,0.0,782.34,320.94,461.4,Card,In-store,Sara M.,0,5.0,False,False
ORD104936,2025-06-21,CUST0226,Adel El-Sayed,Alexandria,SMB,Groceries,Olive Oil 1L,2,262.91,0.0,525.82,361.18,164.64,Card,Online,Sara M.,7,5.0,False,False
ORD105340,2025-09-14,CUST0281,Adel Mahmoud,Cairo,Consumer,Clothing,Women's Dress,1,942.83,0.0,942.83,380.22,562.61,Mobile Wallet,In-store,Youssef A.,0,4.0,False,False
ORD105356,2025-09-16,CUST0152,Nada Farouk,Aswan,SMB,Sports,Football,2,398.95,0.0,797.9,351.62,446.28,Mobile Wallet,Online,Mona K.,3,5.0,False,False
ORD103686,2024-12-23,CUST0180,Yasmin Farouk,Aswan,Consumer,Beauty,Hair Dryer,2,894.53,0.0,1789.06,884.1,904.96,Cash,In-store,Nourhan S.,0,3.0,False,False
ORD102275,2024-03-27,CUST0188,Adel Sherif,Alexandria,Consumer,Electronics,Smart Watch,1,3497.66,0.0,3497.66,2017.29,1480.37,Cash,Online,,2,2.0,False,False
ORD101477,2023-11-15,CUST0198,Rania Hassan,Mansoura,Consumer,Groceries,Honey Jar,1,304.61,0.0,304.61,209.42,95.19,Mobile Wallet,Online,Omar F.,0,,False,False
ORD100024,2023-01-05,CUST0582,Khaled Abdel Rahman,alexandria,Consumer,Electronics,Bluetooth Speaker,1,888.24,0.0,888.24,564.0,324.24,Card,Online,Mona K.,3,4.0,False,False
ORD105768,2025-11-22,CUST0219,Youssef Ibrahim,Cairo,SMB,Electronics,Phone Case,2,252.05,25.0,378.08,178.26,199.82,Mobile Wallet,In-store,Omar F.,0,4.0,True,False
ORD103624,2024-12-10,CUST0065,Omar Mostafa,Cairo,SMB,Electronics,Power Bank,2,581.45,0.0,1162.9,723.2,439.7,Card,Online,,0,5.0,False,False
ORD101913,2024-02-01,CUST0249,Yasmin Aziz,Alexandria,Consumer,Clothing,Women's Dress,1,840.58,0.0,840.58,384.63,455.95,Mobile Wallet,In-store,Khaled T.,0,4.0,False,False
ORD102057,2024-03-01,CUST0548,Amr Farouk,Cairo,SMB,Home & Kitchen,Vacuum Cleaner,1,3307.7,0.0,3307.7,1904.74,1402.96,Card,Phone,Mona K.,0,4.0,False,False
ORD101366,2023-10-21,CUST0011,Ahmed Sherif,Alexandria,Consumer,Sports,Football,2,367.55,0.0,735.1,352.26,382.84,Installment,In-store,Khaled T.,0,5.0,False,False
ORD103012,2024-08-26,CUST0444,Heba Farouk,Aswan,Consumer,Home & Kitchen,Vacuum Cleaner,1,3350.24,0.0,3350.24,1936.27,1413.97,Cash,Online,Sara M.,1,5.0,False,False
ORD104971,2025-06-28,CUST0128,Rania Aziz,Alexandria,Consumer,Electronics,Smart Watch,1,3613.09,0.0,3613.09,2006.82,1606.27,Card,Online,Mona K.,0,5.0,False,False
ORD100396,2023-03-22,CUST0566,Khaled Farouk,Alexandria,Consumer,Clothing,Sneakers,1,1402.95,0.0,1402.95,699.7,703.25,Card,Online,Khaled T.,2,5.0,False,False
ORD105612,2025-10-30,CUST0051,Yasmin El-Sayed,Cairo,Enterprise,Beauty,Skincare Set,2,854.89,0.0,1709.78,668.08,1041.7,Mobile Wallet,Online,,3,1.0,False,False
ORD104296,2025-03-14,CUST0186,Dina Hassan,Mansoura,Consumer,Sports,Dumbbell Set,1,1710.94,10.0,1539.85,1050.96,488.89,Cash,In-store,Khaled T.,0,4.0,True,False
ORD103837,2025-01-14,CUST0209,Mona Mostafa,Alexandria,SMB,Sports,Running Shoes,1,1684.79,0.0,1684.79,879.63,805.16,Cash,Online,Omar F.,0,4.0,False,False
ORD101490,2023-11-20,CUST0461,Amr Mahmoud,Cairo,SMB,Clothing,Jeans,1,773.18,25.0,579.88,318.99,260.89,Card,In-store,Khaled T.,0,,True,False
ORD103968,2025-02-05,CUST0133,Sara Ibrahim,Mansoura,Enterprise,Home & Kitchen,Cookware Set,1,2324.07,0.0,2324.07,1330.82,993.25,Card,Online,,3,5.0,False,False
ORD103800,2025-01-08,CUST0285,Ahmed Hassan,Mansoura,Consumer,Groceries,Olive Oil 1L,1,281.5,0.0,281.5,182.44,99.06,Card,Online,,7,4.0,False,False
ORD105917,2025-12-05,CUST0435,Dina El-Sayed,cairo,Consumer,Electronics,Phone Case,5,241.19,0.0,1205.95,450.8,755.15,Cash,Online,Mona K.,2,2.0,False,False
ORD100542,2023-04-12,CUST0427,Nada Ibrahim,Cairo,Consumer,Beauty,Skincare Set,2,796.43,0.0,1592.86,691.8,901.06,Cash,In-store,Youssef A.,0,4.0,False,False
ORD104299,2025-03-14,CUST0212,Ahmed Khalil,Cairo,Consumer,Home & Kitchen,Blender,1,1185.36,0.0,1185.36,583.63,601.73,Card,Online,Sara M.,3,5.0,False,False
ORD105050,2025-07-15,CUST0228,Karim Sherif,Alexandria,SMB,Groceries,Olive Oil 1L,1,299.14,0.0,299.14,183.7,115.44,Card,In-store,Sara M.,0,3.0,False,False
ORD103731,2024-12-30,CUST0460,Karim Ibrahim,tanta,Consumer,Clothing,Men's T-Shirt,1,367.66,0.0,367.66,150.94,216.72,Installment,Phone,Khaled T.,0,3.0,False,False
ORD104454,2025-03-30,CUST0133,Sara Ibrahim,Mansoura,Enterprise,Clothing,Men's T-Shirt,2,340.75,0.0,681.5,314.1,367.4,Card,Phone,Nourhan S.,0,3.0,False,False
ORD100257,2023-03-02,CUST0111,Salma Mahmoud,Giza,Consumer,Beauty,Skincare Set,1,805.02,0.0,805.02,341.43,463.59,Mobile Wallet,In-store,Youssef A.,0,5.0,False,False
ORD101364,2023-10-21,CUST0362,Sara Khalil,Mansoura,Consumer,Groceries,Coffee 250g,1,170.84,0.0,170.84,100.83,70.01,Card,Online,Sara M.,3,2.0,False,False
ORD104845,2025-06-06,CUST0554,Nada Farouk,Tanta,SMB,Groceries,Rice 5kg,2,220.36,0.0,440.72,311.18,129.54,Installment,Online,,2,2.0,False,False
ORD102508,2024-05-11,CUST0343,Omar Abdel Rahman,Giza,Consumer,Home & Kitchen,Cookware Set,1,2182.51,0.0,2182.51,1290.02,892.49,Cash,In-store,Omar F.,0,5.0,False,False
ORD101944,2024-02-08,CUST0489,Amr Sherif,Cairo,SMB,Electronics,Smart Watch,2,3330.94,0.0,6661.88,4031.26,2630.62,Mobile Wallet,In-store,Khaled T.,0,2.0,False,False
ORD100671,2023-04-28,CUST0252,Adel Sherif,Alexandria,SMB,Beauty,Skincare Set,1,755.12,0.0,755.12,348.92,406.2,Card,Online,,0,4.0,False,False
ORD102455,2024-04-30,CUST0299,Rania Khalil,Cairo,Enterprise,Groceries,Coffee 250g,2,184.1,0.0,368.2,208.64,159.56,Cash,Phone,Youssef A.,0,5.0,False,False
ORD103325,2024-10-28,CUST0338,Yasmin Farouk,Alexandria,Consumer,Sports,Dumbbell Set,1,1670.06,0.0,1670.06,1114.96,555.1,Mobile Wallet,Online,Omar F.,1,4.0,False,False
ORD103767,2025-01-03,CUST0573,Heba Mahmoud,Cairo,Consumer,Electronics,Power Bank,1,634.04,0.0,634.04,359.81,274.23,Mobile Wallet,Online,Mona K.,1,5.0,False,False
ORD103072,2024-09-08,CUST0088,Mona El-Sayed,Mansoura,Consumer,Sports,Football,2,354.55,0.0,709.1,359.78,349.32,Installment,Online,Khaled T.,4,5.0,False,False
ORD102457,2024-05-01,CUST0477,Nourhan Mostafa,Alexandria,Consumer,Groceries,Rice 5kg,1,223.23,0.0,223.23,147.5,75.73,Card,In-store,Khaled T.,0,5.0,False,False
ORD105886,2025-11-30,CUST0233,Sara Sherif,Mansoura,Consumer,Home & Kitchen,Air Fryer,1,2597.77,20.0,2078.22,1688.9,389.32,Cash,In-store,Khaled T.,0,1.0,True,False
ORD100606,2023-04-20,CUST0214,Rania Khalil,Alexandria,SMB,Home & Kitchen,Cookware Set,1,2191.42,0.0,2191.42,1290.17,901.25,Cash,In-store,Sara M.,0,4.0,False,False
ORD102911,2024-08-01,CUST0197,Youssef Sherif,Giza,Consumer,GROCERIES,Coffee 250g,2,190.53,0.0,381.06,193.78,187.28,Mobile Wallet,Online,Youssef A.,5,2.0,False,False
ORD100391,2023-03-21,CUST0473,Ahmed Mostafa,Cairo,Consumer,Home & Kitchen,Vacuum Cleaner,1,3299.26,0.0,3299.26,1897.97,1401.29,Card,Online,Omar F.,3,3.0,False,False
ORD103264,2024-10-16,CUST0487,Laila Abdel Rahman,Aswan,Consumer,Beauty,Makeup Kit,1,582.4,0.0,582.4,241.87,340.53,Card,Online,,4,4.0,False,False
ORD102620,2024-05-30,CUST0187,Karim Khalil,Alexandria,Consumer,Home & Kitchen,Vacuum Cleaner,1,3026.51,0.0,3026.51,1953.55,1072.96,Card,In-store,Omar F.,0,3.0,False,False
ORD100036,2023-01-08,CUST0502,Mahmoud Mahmoud,Giza,Consumer,Sports,Football,2,378.54,0.0,757.08,346.0,411.08,Mobile Wallet,Online,,4,4.0,False,False
ORD101780,2024-01-06,CUST0417,Nourhan El-Sayed,Tanta,Consumer,Home & Kitchen,Coffee Maker,1,1443.18,0.0,1443.18,845.06,598.12,Cash,Phone,Omar F.,0,5.0,False,False
ORD100807,2023-05-26,CUST0556,Rania El-Sayed,,Consumer,Home & Kitchen,Vacuum Cleaner,2,3149.1,0.0,6298.2,3683.1,2615.1,Mobile Wallet,In-store,Sara M.,0,5.0,False,False
ORD103188,2024-09-28,CUST0453,Sara Aziz,Giza,Consumer,Home & Kitchen,Coffee Maker,3,1569.87,0.0,4709.61,2656.77,2052.84,Card,Online,Youssef A.,4,5.0,False,False
ORD104162,2025-02-26,CUST0317,Mahmoud Farouk,Alexandria,Consumer,Clothing,Women's Dress,1,856.13,0.0,856.13,404.95,451.18,Card,In-store,Youssef A.,0,3.0,False,False
ORD103815,2025-01-11,CUST0515,Salma El-Sayed,Mansoura,Consumer,Sports,Running Shoes,1,1551.26,0.0,1551.26,841.67,709.59,Card,In-store,Sara M.,0,2.0,False,False
ORD100604,2023-04-19,CUST0084,Mona Hassan,Cairo,SMB,Beauty,Hair Dryer,1,832.59,0.0,832.59,448.62,383.97,Cash,In-store,Nourhan S.,0,3.0,False,False
ORD103587,2024-12-03,CUST0302,Sara Sherif,Giza,Consumer,Sports,Running Shoes,1,1668.17,0.0,1668.17,872.7,795.47,Cash,Online,,0,3.0,False,False
ORD100962,2023-07-06,CUST0500,Adel Khalil,Cairo,SMB,Electronics,Smart Watch,1,3634.15,0.0,3634.15,2122.05,1512.1,Card,In-store,Sara M.,0,3.0,False,False
ORD106007,2025-12-21,CUST0104,Youssef Hassan,Cairo,SMB,Beauty,Skincare Set,5,772.0,10.0,3474.0,1716.55,1757.45,Mobile Wallet,In-store,Khaled T.,0,5.0,True,False
ORD101758,2024-01-01,CUST0049,Hassan Mahmoud,Alexandria,Consumer,Clothing,Jeans,1,710.81,0.0,710.81,313.64,397.17,Card,Online,Mona K.,3,1.0,False,False
ORD105680,2025-11-10,CUST0098,Mona Abdel Rahman,Giza,Consumer,Beauty,Skincare Set,2,835.57,0.0,1671.14,717.82,953.32,Card,Online,Mona K.,4,4.0,False,False
ORD101582,2023-11-28,CUST0169,Sara Mostafa,Alexandria,Consumer,Electronics,Phone Case,1,244.77,25.0,183.58,88.6,94.98,Mobile Wallet,Phone,Youssef A.,0,3.0,True,False
ORD105000,2025-07-04,CUST0345,Salma El-Sayed,Cairo,Consumer,Beauty,Hair Dryer,1,831.83,0.0,831.83,459.32,372.51,Mobile Wallet,Online,Omar F.,1,5.0,False,False
ORD104404,2025-03-26,CUST0194,Laila Farouk,cairo,Consumer,Sports,Yoga Mat,2,420.4,0.0,840.8,419.74,421.06,Mobile Wallet,Online,,1,5.0,False,False
ORD100215,2023-02-18,CUST0387,Heba El-Sayed,Giza,Consumer,Electronics,Wireless Earbuds,1,1247.62,0.0,1247.62,775.24,472.38,Installment,In-store,Youssef A.,0,5.0,False,False
ORD103783,2025-01-05,CUST0462,Mona Farouk,Tanta,Enterprise,Beauty,Skincare Set,2,751.83,0.0,1503.66,711.9,791.76,Cash,In-store,Youssef A.,0,1.0,False,False
ORD102283,2024-03-28,CUST0477,Nourhan Mostafa,Alexandria,Consumer,Clothing,Jeans,5,766.21,0.0,3831.05,1659.75,2171.3,Mobile Wallet,Online,,3,4.0,False,False
ORD101337,2023-10-12,CUST0169,Sara Mostafa,Alexandria,Consumer,ELECTRONICS,Smart Watch,1,3549.15,0.0,3549.15,2019.7,1529.45,Cash,Phone,Omar F.,0,3.0,False,False
ORD104713,2025-05-14,CUST0434,Dina Farouk,Alexandria,Consumer,Home & Kitchen,Vacuum Cleaner,1,3428.36,25.0,2571.27,1983.99,587.28,Cash,In-store,Sara M.,0,4.0,True,False
ORD100196,2023-02-14,CUST0470,Nada Mahmoud,Cairo,Consumer,Groceries,Honey Jar,5,338.31,0.0,1691.55,959.75,731.8,Card,Online,,1,2.0,False,False
ORD100064,2023-01-15,CUST0097,Khaled Mostafa,Mansoura,SMB,Home & Kitchen,Vacuum Cleaner,1,2979.0,0.0,2979.0,1953.91,1025.09,Cash,In-store,Youssef A.,0,5.0,False,False
ORD100974,2023-07-09,CUST0197,Youssef Sherif,Giza,Consumer,Clothing,Women's Dress,2,936.47,0.0,1872.94,815.66,1057.28,Cash,Online,,0,3.0,False,False
ORD104919,2025-06-19,CUST0192,Ahmed El-Sayed,Aswan,Consumer,Electronics,Wireless Earbuds,1,1158.68,0.0,1158.68,773.0,385.68,Card,Online,,7,5.0,False,False
ORD102089,2024-03-04,CUST0075,Youssef Mahmoud,Alexandria,Consumer,Sports,Football,1,391.58,0.0,391.58,183.56,208.02,Mobile Wallet,Online,Omar F.,4,5.0,False,False
ORD103570,2024-11-30,CUST0576,Heba Aziz,Cairo,Consumer,Electronics,Bluetooth Speaker,1,893.23,10.0,803.91,551.42,252.49,Card,Online,Sara M.,1,2.0,True,False
ORD104956,2025-06-25,CUST0193,Rania Aziz,Aswan,Consumer,Electronics,Bluetooth Speaker,1,1017.92,0.0,1017.92,543.29,474.63,Cash,Online,,2,3.0,False,False
ORD105634,2025-11-02,CUST0342,Mahmoud Hassan,Mansoura,Consumer,Beauty,Skincare Set,1,820.25,5.0,779.24,357.04,422.2,Installment,In-store,Youssef A.,0,4.0,True,False
ORD105389,2025-09-21,CUST0449,Laila Aziz,Alexandria,Consumer,Electronics,Bluetooth Speaker,1,987.57,0.0,987.57,526.13,461.44,Card,Online,Sara M.,2,5.0,False,False
ORD100142,2023-02-03,CUST0306,Karim Aziz,Aswan,Consumer,Clothing,Men's T-Shirt,2,377.55,0.0,755.1,293.82,461.28,Mobile Wallet,Online,,2,5.0,False,False
ORD105688,2025-11-11,CUST0012,Yasmin Aziz,Cairo,Consumer,Sports,Running Shoes,2,1693.42,0.0,3386.84,1727.08,1659.76,Card,In-store,Youssef A.,0,5.0,False,False
ORD103217,2024-10-05,CUST0567,Nourhan Aziz,Alexandria,Consumer,Electronics,Bluetooth Speaker,2,964.36,20.0,1542.98,1072.24,470.74,Card,Online,Nourhan S.,3,4.0,True,False
ORD105026,2025-07-11,CUST0345,Salma El-Sayed,Cairo,Consumer,BEAUTY,Makeup Kit,2,642.75,0.0,-1285.5,495.46,-790.04,Mobile Wallet,In-store,Mona K.,0,4.0,False,True
ORD102779,2024-06-28,CUST0221,Mahmoud Farouk,Alexandria,Consumer,Beauty,Perfume,1,1285.47,0.0,1285.47,592.61,692.86,Card,In-store,Sara M.,0,4.0,False,False
ORD102149,2024-03-12,CUST0128,Rania Aziz,Alexandria,Consumer,Beauty,Hair Dryer,1,895.07,0.0,895.07,448.34,446.73,Mobile Wallet,Online,,3,5.0,False,False
ORD104931,2025-06-21,CUST0294,Adel Mostafa,Alexandria,SMB,Electronics,Wireless Earbuds,1,1225.41,5.0,1164.14,784.9,379.24,Installment,Online,Mona K.,3,5.0,True,False
ORD101393,2023-10-27,CUST0490,Heba Sherif,Tanta,SMB,Groceries,Honey Jar,1,315.1,0.0,315.1,199.9,115.2,Installment,In-store,Youssef A.,0,,False,False
ORD103059,2024-09-06,CUST0266,Yasmin Ibrahim,Cairo,Consumer,Sports,Yoga Mat,1,422.25,0.0,422.25,228.05,194.2,Card,Online,Mona K.,2,1.0,False,False
ORD105585,2025-10-26,CUST0599,Mahmoud Khalil,mansoura,Consumer,Beauty,Makeup Kit,1,618.9,0.0,618.9,252.55,366.35,Mobile Wallet,Online,Mona K.,4,3.0,False,False
ORD100176,2023-02-10,CUST0401,Laila Ibrahim,Alexandria,Consumer,Beauty,Perfume,1,1197.34,0.0,1197.34,599.77,597.57,Mobile Wallet,Online,Youssef A.,5,5.0,False,False
ORD105741,2025-11-19,CUST0325,Khaled Farouk,Giza,Consumer,Sports,Football,1,409.24,0.0,409.24,177.43,231.81,Card,Online,Nourhan S.,2,1.0,False,False
ORD102622,2024-05-31,CUST0024,Amr Mahmoud,Mansoura,SMB,Home & Kitchen,Vacuum Cleaner,1,3055.4,0.0,3055.4,1902.02,1153.38,Cash,In-store,Nourhan S.,0,3.0,False,False
ORD101815,2024-01-15,CUST0411,Rania Mostafa,Giza,Consumer,Clothing,Jeans,3,737.84,0.0,-2213.52,934.05,-1279.47,Mobile Wallet,Online,Sara M.,2,5.0,False,True
ORD104883,2025-06-13,CUST0298,Mahmoud Sherif,Giza,Consumer,Home & Kitchen,Vacuum Cleaner,1,3387.2,0.0,3387.2,1963.25,1423.95,Mobile Wallet,In-store,Sara M.,0,4.0,False,False
ORD104540,2025-04-13,CUST0485,Mahmoud Farouk,Giza,Consumer,Home & Kitchen,Vacuum Cleaner,2,3052.48,0.0,6104.96,3691.02,2413.94,Cash,In-store,Khaled T.,0,5.0,False,False
ORD105517,2025-10-14,CUST0111,Salma Mahmoud,Giza,Consumer,Clothing,Women's Dress,1,928.58,0.0,928.58,388.38,540.2,Cash,Online,Omar F.,1,2.0,False,False
ORD105554,2025-10-21,CUST0573,Heba Mahmoud,Cairo,Consumer,Beauty,Perfume,3,1315.16,0.0,3945.48,1799.88,2145.6,Cash,In-store,Youssef A.,0,4.0,False,False
ORD101550,2023-11-25,CUST0218,Yasmin El-Sayed,Tanta,Consumer,Home & Kitchen,Vacuum Cleaner,1,3148.02,15.0,2675.82,1810.35,865.47,Cash,Online,,1,5.0,True,False
ORD104691,2025-05-10,CUST0446,Mona Hassan,Cairo,Consumer,Clothing,Hoodie,1,608.29,0.0,608.29,286.31,321.98,Card,In-store,Mona K.,0,,False,False
ORD104801,2025-05-30,CUST0478,Tarek Khalil,,Consumer,Electronics,Smart Watch,1,3662.81,0.0,3662.81,2017.6,1645.21,Mobile Wallet,In-store,Khaled T.,0,1.0,False,False
ORD102551,2024-05-18,CUST0079,Dina Khalil,Aswan,Consumer,Clothing,Women's Dress,1,886.66,0.0,886.66,392.49,494.17,Card,In-store,Sara M.,0,3.0,False,False
ORD104990,2025-07-01,CUST0028,Sara El-Sayed,Alexandria,Consumer,Electronics,Bluetooth Speaker,5,912.46,0.0,4562.3,2698.65,1863.65,Mobile Wallet,Online,Omar F.,3,5.0,False,False
ORD100485,2023-04-04,CUST0453,Sara Aziz,Giza,Consumer,Clothing,Hoodie,1,677.92,0.0,677.92,311.55,366.37,Cash,Online,,4,3.0,False,False
ORD104388,2025-03-24,CUST0553,Heba Mostafa,Cairo,Consumer,Beauty,Hair Dryer,1,854.3,0.0,854.3,439.08,415.22,Card,In-store,Sara M.,0,3.0,False,False
ORD101692,2023-12-22,CUST0591,Nourhan Khalil,Alexandria,Consumer,Sports,Yoga Mat,1,450.15,0.0,450.15,221.82,228.33,Installment,In-store,Youssef A.,0,4.0,False,False
ORD104831,2025-06-03,CUST0314,Ahmed Abdel Rahman,Giza,Consumer,Groceries,Rice 5kg,1,226.59,0.0,226.59,155.66,70.93,Mobile Wallet,Phone,Mona K.,0,5.0,False,False
ORD103371,2024-11-08,CUST0182,Nourhan Mostafa,Alexandria,Consumer,Clothing,Jeans,1,751.49,0.0,751.49,320.27,431.22,Card,Online,Khaled T.,3,2.0,False,False
ORD102286,2024-03-29,CUST0063,Nada Mostafa,Cairo,Consumer,Groceries,Olive Oil 1L,1,265.31,0.0,265.31,185.96,79.35,Cash,Online,,3,,False,False
ORD100770,2023-05-17,CUST0019,Hassan Mahmoud,Mansoura,Enterprise,Electronics,Wireless Earbuds,1,1266.41,0.0,1266.41,783.4,483.01,Card,In-store,Mona K.,0,5.0,False,False
ORD102799,2024-07-03,CUST0339,Karim Mahmoud,Alexandria,SMB,Clothing,Jeans,1,787.02,0.0,787.02,323.87,463.15,Mobile Wallet,Phone,Sara M.,0,,False,False
ORD100702,2023-05-05,CUST0037,Laila Farouk,Aswan,Consumer,Electronics,Bluetooth Speaker,1,1019.89,0.0,1019.89,557.32,462.57,Mobile Wallet,Online,,0,2.0,False,False
ORD104664,2025-05-04,CUST0394,Karim Mostafa,Alexandria,SMB,Clothing,Jeans,2,767.01,0.0,1534.02,639.56,894.46,Mobile Wallet,In-store,Mona K.,0,4.0,False,False
ORD103785,2025-01-05,CUST0262,Khaled Hassan,Cairo,Enterprise,Electronics,Phone Case,2,266.85,0.0,533.7,178.42,355.28,Card,Online,,0,4.0,False,False
ORD104752,2025-05-21,CUST0247,Tarek Hassan,Cairo,Consumer,Electronics,Wireless Earbuds,5,1205.83,15.0,5124.78,3567.1,1557.68,Cash,Online,Mona K.,3,,True,False
ORD105999,2025-12-20,CUST0032,Salma Sherif,Cairo,Consumer,Beauty,Hair Dryer,1,945.07,0.0,945.07,437.51,507.56,Installment,In-store,Khaled T.,0,3.0,False,False
ORD100219,2023-02-20,CUST0242,Khaled Ibrahim,Giza,Consumer,Electronics,Bluetooth Speaker,1,1021.81,0.0,1021.81,550.99,470.82,Card,Online,Youssef A.,0,5.0,False,False
ORD104581,2025-04-19,CUST0533,Ahmed Hassan,Giza,SMB,Beauty,Skincare Set,1,844.2,25.0,633.15,349.4,283.75,Cash,Online,,2,,True,False
ORD103396,2024-11-12,CUST0425,Sara Hassan,Cairo,SMB,Home & Kitchen,Cookware Set,2,2272.5,0.0,4545.0,2608.42,1936.58,Installment,Online,Sara M.,4,2.0,False,False
ORD104827,2025-06-03,CUST0467,Omar Hassan,Giza,Consumer,Home & Kitchen,Blender,1,1099.19,0.0,1099.19,573.2,525.99,Cash,In-store,Nourhan S.,0,5.0,False,False
ORD100756,2023-05-15,CUST0047,Ahmed Farouk,Tanta,Consumer,Clothing,Women's Dress,1,886.04,0.0,886.04,417.86,468.18,Mobile Wallet,In-store,Sara M.,0,5.0,False,False
ORD100026,2023-01-05,CUST0337,Yasmin Ibrahim,Cairo,SMB,Groceries,Honey Jar,1,310.37,25.0,232.78,195.12,37.66,Installment,Online,Omar F.,3,3.0,True,False
ORD102530,2024-05-14,CUST0534,Amr El-Sayed,Aswan,Consumer,Home & Kitchen,Blender,1,1150.89,0.0,1150.89,626.87,524.02,Card,In-store,Khaled T.,0,3.0,False,False
ORD102921,2024-08-02,CUST0272,Khaled Abdel Rahman,Giza,Consumer,Beauty,Hair Dryer,1,969.21,0.0,969.21,470.52,498.69,Card,Online,Khaled T.,0,4.0,False,False
ORD102128,2024-03-09,CUST0568,Mona Farouk,Cairo,Consumer,SPORTS,Running Shoes,2,1537.21,0.0,3074.42,1616.94,1457.48,Cash,Online,Khaled T.,1,4.0,False,False
ORD103105,2024-09-14,CUST0107,Ahmed Khalil,Cairo,SMB,Groceries,Rice 5kg,3,217.25,15.0,553.99,429.12,124.87,Mobile Wallet,In-store,Khaled T.,0,5.0,True,False
ORD105957,2025-12-12,CUST0082,Karim Ibrahim,Cairo,SMB,Electronics,Phone Case,1,233.48,0.0,233.48,86.08,147.4,Cash,Online,Mona K.,3,5.0,False,False
ORD100476,2023-04-02,CUST0088,Mona El-Sayed,Mansoura,Consumer,Sports,Football,2,391.28,0.0,782.56,369.32,413.24,Cash,Phone,Mona K.,0,5.0,False,False
ORD100678,2023-04-28,CUST0336,Youssef El-Sayed,Tanta,Consumer,Home & Kitchen,Air Fryer,1,2770.26,0.0,2770.26,1711.82,1058.44,Installment,In-store,Nourhan S.,0,4.0,False,False
ORD104364,2025-03-21,CUST0434,Dina Farouk,Alexandria,Consumer,Sports,Dumbbell Set,1,1663.29,15.0,1413.8,1063.58,350.22,Card,In-store,Youssef A.,0,4.0,True,False
ORD102462,2024-05-01,CUST0486,Nada Sherif,Alexandria,Consumer,Electronics,Bluetooth Speaker,2,1005.68,0.0,2011.36,1127.14,884.22,Mobile Wallet,In-store,Sara M.,0,5.0,False,False
ORD104463,2025-03-31,CUST0168,Omar Aziz,Cairo,Consumer,Sports,Dumbbell Set,1,1818.28,0.0,1818.28,1129.99,688.29,Mobile Wallet,Phone,Nourhan S.,0,3.0,False,False
ORD103079,2024-09-09,CUST0545,Laila Ibrahim,Mansoura,Consumer,Clothing,Men's T-Shirt,1,349.42,0.0,349.42,146.12,203.3,Card,In-store,Omar F.,0,2.0,False,False
ORD101671,2023-12-16,CUST0086,Karim Khalil,Alexandria,Consumer,Home & Kitchen,Cookware Set,1,2030.81,0.0,2030.81,1281.27,749.54,Card,Online,,1,2.0,False,False
ORD100152,2023-02-04,CUST0212,Ahmed Khalil,Cairo,Consumer,Beauty,Skincare Set,2,790.52,0.0,1581.04,734.62,846.42,Mobile Wallet,In-store,Nourhan S.,0,5.0,False,False
ORD101512,2023-11-22,CUST0294,Adel Mostafa,Alexandria,SMB,Home & Kitchen,Blender,1,1122.89,25.0,842.17,612.99,229.18,Cash,In-store,Youssef A.,0,5.0,True,False
ORD104370,2025-03-22,CUST0555,Heba Mahmoud,Cairo,SMB,Clothing,Sneakers,1,1354.01,0.0,1354.01,669.84,684.17,Cash,Online,Mona K.,2,5.0,False,False
ORD103626,2024-12-11,CUST0202,Heba Mostafa,Alexandria,Consumer,Sports,Yoga Mat,1,443.9,0.0,443.9,227.87,216.03,Card,In-store,Khaled T.,0,4.0,False,False
ORD105432,2025-09-30,CUST0528,Tarek Mahmoud,Cairo,Consumer,Groceries,Coffee 250g,1,182.16,0.0,182.16,104.11,78.05,Card,Online,,1,5.0,False,False
ORD104883,2025-06-13,CUST0298,Mahmoud Sherif,Giza,Consumer,Home & Kitchen,Vacuum Cleaner,1,3387.2,0.0,3387.2,1963.25,1423.95,Mobile Wallet,In-store,Sara M.,0,4.0,False,False
ORD105607,2025-10-29,CUST0260,Dina Sherif,Alexandria,Consumer,Beauty,Hair Dryer,1,884.82,20.0,707.86,455.68,252.18,Installment,In-store,Omar F.,0,4.0,True,False
ORD104892,2025-06-14,CUST0541,Dina Sherif,Alexandria,SMB,Sports,Football,1,366.29,0.0,-366.29,182.99,-183.3,Cash,Phone,Khaled T.,0,5.0,False,True
ORD102867,2024-07-20,CUST0556,Rania El-Sayed,Tanta,Consumer,Electronics,Power Bank,1,634.23,0.0,634.23,365.19,269.04,Mobile Wallet,Online,Nourhan S.,3,3.0,False,False
ORD103194,2024-09-29,CUST0136,Rania Mostafa,Tanta,Consumer,Sports,Yoga Mat,1,458.72,0.0,458.72,210.01,248.71,Card,Online,,4,5.0,False,False
ORD103558,2024-11-30,CUST0289,Nourhan Sherif,Alexandria,SMB,ELECTRONICS,Wireless Earbuds,5,1210.57,20.0,4842.28,3690.5,1151.78,Mobile Wallet,In-store,Khaled T.,0,4.0,True,False
ORD101077,2023-08-07,CUST0302,Sara Sherif,Giza,Consumer,Clothing,Jeans,1,791.51,0.0,791.51,317.01,474.5,Mobile Wallet,Online,,2,,False,False
ORD101941,2024-02-07,CUST0278,Sara Abdel Rahman,Aswan,Consumer,Groceries,Coffee 250g,1,171.34,0.0,171.34,99.2,72.14,Card,Online,,2,5.0,False,False
ORD101811,2024-01-13,CUST0433,Salma Khalil,Alexandria,Consumer,Clothing,Jeans,1,751.17,5.0,713.61,335.34,378.27,Cash,In-store,Khaled T.,0,4.0,True,False
ORD104327,2025-03-16,CUST0010,Mona Farouk,Cairo,Consumer,Home & Kitchen,Cookware Set,1,2297.06,0.0,2297.06,1340.77,956.29,Cash,In-store,Mona K.,0,4.0,False,False
ORD103010,2024-08-25,CUST0240,Salma Ibrahim,Mansoura,SMB,Electronics,Smart Watch,1,3697.2,10.0,3327.48,2055.17,1272.31,Mobile Wallet,Online,Khaled T.,0,3.0,True,False
ORD104234,2025-03-07,CUST0387,Heba El-Sayed,Giza,Consumer,Beauty,Makeup Kit,1,643.14,25.0,482.36,237.63,244.73,Card,In-store,Sara M.,0,4.0,True,False
ORD103015,2024-08-27,CUST0066,Tarek Mahmoud,Alexandria,Consumer,Home & Kitchen,Coffee Maker,1,1560.78,0.0,1560.78,856.9,703.88,Mobile Wallet,Phone,Omar F.,0,3.0,False,False
ORD104966,2025-06-27,CUST0505,Ahmed Abdel Rahman,Alexandria,SMB,Beauty,Skincare Set,1,761.57,0.0,761.57,366.43,395.14,Cash,In-store,Khaled T.,0,4.0,False,False
ORD104783,2025-05-25,CUST0495,Rania Mostafa,Giza,Consumer,Electronics,Wireless Earbuds,1,1143.62,0.0,1143.62,771.83,371.79,Cash,Online,,3,1.0,False,False
ORD101189,2023-09-09,CUST0123,Ahmed Khalil,Tanta,Consumer,Clothing,Men's T-Shirt,1,354.4,0.0,354.4,149.44,204.96,Card,In-store,Omar F.,0,5.0,False,False
ORD101920,2024-02-03,CUST0008,Mona Khalil,Cairo,SMB,Electronics,Phone Case,1,237.73,0.0,237.73,92.27,145.46,Card,Online,,3,3.0,False,False
ORD103119,2024-09-16,CUST0286,Tarek Aziz,Giza,SMB,Sports,Yoga Mat,1,485.84,0.0,485.84,212.2,273.64,Card,In-store,Youssef A.,0,1.0,False,False
ORD103073,2024-09-09,CUST0511,Hassan Hassan,Mansoura,Consumer,Clothing,Men's T-Shirt,3,341.69,0.0,1025.07,471.87,553.2,Card,Online,,3,4.0,False,False
ORD104618,2025-04-27,CUST0270,Salma Sherif,Giza,SMB,Home & Kitchen,Cookware Set,2,2066.89,0.0,4133.78,2657.76,1476.02,Card,Online,,2,4.0,False,False
ORD104599,2025-04-23,CUST0557,Omar Sherif,Giza,Enterprise,Electronics,Power Bank,5,561.31,0.0,2806.55,1684.25,1122.3,Mobile Wallet,Online,,0,1.0,False,False
ORD100264,2023-03-02,CUST0537,Nourhan Hassan,Cairo,Consumer,Groceries,Coffee 250g,3,183.7,0.0,551.1,290.52,260.58,Mobile Wallet,In-store,Khaled T.,0,3.0,False,False
ORD100037,2023-01-08,CUST0031,Dina Mostafa,Aswan,Consumer,Beauty,Skincare Set,1,796.45,0.0,796.45,363.31,433.14,Mobile Wallet,In-store,Youssef A.,0,5.0,False,False
ORD105229,2025-08-24,CUST0148,Nourhan Hassan,Alexandria,Consumer,Electronics,Power Bank,2,613.55,0.0,1227.1,698.82,528.28,Mobile Wallet,Online,,1,4.0,False,False
ORD101566,2023-11-26,CUST0075,Youssef Mahmoud,Alexandria,Consumer,Sports,Football,1,397.6,5.0,377.72,176.32,201.4,Card,Phone,Khaled T.,0,2.0,True,False
ORD104938,2025-06-21,CUST0248,Karim Mostafa,Mansoura,Consumer,Sports,Dumbbell Set,3,1689.06,0.0,5067.18,3323.28,1743.9,Card,Online,Sara M.,2,3.0,False,False
ORD104686,2025-05-09,CUST0120,Youssef Hassan,Giza,SMB,Clothing,Men's T-Shirt,1,357.91,0.0,357.91,155.15,202.76,Mobile Wallet,Online,Sara M.,3,4.0,False,False
ORD102634,2024-06-01,CUST0054,Yasmin Khalil,Cairo,SMB,Home & Kitchen,Coffee Maker,1,1440.02,0.0,1440.02,807.61,632.41,Card,Online,Nourhan S.,0,2.0,False,False
ORD101710,2023-12-25,CUST0031,Dina Mostafa,Aswan,Consumer,Electronics,Wireless Earbuds,2,1265.34,0.0,2530.68,1426.52,1104.16,Card,Online,Nourhan S.,2,4.0,False,False
ORD100967,2023-07-07,CUST0485,Mahmoud Farouk,Giza,Consumer,Clothing,Men's T-Shirt,2,336.51,0.0,673.02,295.32,377.7,Cash,In-store,Sara M.,0,3.0,False,False
ORD105115,2025-07-30,CUST0118,Khaled Mahmoud,Aswan,SMB,Home & Kitchen,Air Fryer,1,2883.06,0.0,-2883.06,1760.39,-1122.67,Cash,In-store,Mona K.,0,3.0,False,True
ORD101737,2023-12-30,CUST0416,Sara Khalil,Giza,SMB,Groceries,Olive Oil 1L,2,274.13,0.0,548.26,377.48,170.78,Cash,In-store,Omar F.,0,,False,False
ORD104189,2025-03-01,CUST0015,Yasmin Mahmoud,Giza,Consumer,Beauty,Hair Dryer,2,956.85,0.0,1913.7,930.52,983.18,Cash,Online,,1,4.0,False,False
ORD102555,2024-05-19,CUST0175,Karim Mostafa,Mansoura,SMB,Beauty,Makeup Kit,1,621.27,0.0,621.27,239.02,382.25,Card,In-store,Khaled T.,0,,False,False
ORD105098,2025-07-26,CUST0240,Salma Ibrahim,Mansoura,SMB,Clothing,Jeans,1,742.75,0.0,742.75,319.9,422.85,Mobile Wallet,Online,Nourhan S.,7,5.0,False,False
ORD100845,2023-06-04,CUST0401,Laila Ibrahim,Alexandria,Consumer,Electronics,Phone Case,2,264.25,0.0,528.5,176.58,351.92,Cash,In-store,Mona K.,0,5.0,False,False
ORD103531,2024-11-28,CUST0503,Ahmed Farouk,aswan,Consumer,ELECTRONICS,Power Bank,2,633.76,15.0,1077.39,681.04,396.35,Card,Online,Omar F.,1,,True,False
ORD102927,2024-08-04,CUST0210,Dina Sherif,Alexandria,Consumer,Beauty,Perfume,3,1381.26,0.0,4143.78,1828.71,2315.07,Cash,In-store,Sara M.,0,5.0,False,False
ORD101911,2024-02-01,CUST0079,Dina Khalil,Aswan,Consumer,Home & Kitchen,Blender,2,1040.98,0.0,2081.96,1230.06,851.9,Card,Online,,5,4.0,False,False
ORD101347,2023-10-15,CUST0334,Laila Mahmoud,Alexandria,SMB,Home & Kitchen,Cookware Set,1,2144.58,0.0,2144.58,1323.9,820.68,Card,In-store,Mona K.,0,5.0,False,False
ORD102090,2024-03-05,CUST0569,Yasmin Hassan,Giza,SMB,Beauty,Makeup Kit,3,635.13,0.0,1905.39,718.11,1187.28,Cash,In-store,Mona K.,0,5.0,False,False
ORD102426,2024-04-23,CUST0275,Nada Ibrahim,Aswan,Consumer,Groceries,Rice 5kg,1,221.36,0.0,221.36,144.05,77.31,Card,In-store,Youssef A.,0,5.0,False,False
ORD100657,2023-04-27,CUST0222,Yasmin Hassan,Cairo,Consumer,Electronics,Smart Watch,1,3768.3,0.0,3768.3,2144.51,1623.79,Mobile Wallet,Online,Nourhan S.,1,4.0,False,False
ORD103113,2024-09-15,CUST0410,Nourhan Abdel Rahman,aswan,Enterprise,Beauty,Skincare Set,2,755.5,0.0,1511.0,676.56,834.44,Card,Online,,2,5.0,False,False
ORD100367,2023-03-18,CUST0052,Ahmed Mahmoud,Alexandria,SMB,Clothing,Hoodie,2,697.8,0.0,1395.6,617.56,778.04,Cash,Online,Khaled T.,2,5.0,False,False
ORD103977,2025-02-06,CUST0258,Rania Aziz,Tanta,SMB,Clothing,Men's T-Shirt,1,333.95,0.0,333.95,155.88,178.07,Card,Online,,4,4.0,False,False
ORD101806,2024-01-12,CUST0069,Tarek Aziz,Cairo,Enterprise,Electronics,Wireless Earbuds,2,1256.81,0.0,2513.62,1490.4,1023.22,Card,Phone,Omar F.,0,3.0,False,False
ORD105105,2025-07-28,CUST0449,Laila Aziz,Alexandria,Consumer,Clothing,Jeans,1,703.37,0.0,703.37,313.36,390.01,Mobile Wallet,Online,Omar F.,4,4.0,False,False
ORD101515,2023-11-22,CUST0538,Sara Ibrahim,Giza,SMB,Home & Kitchen,Air Fryer,2,2894.43,25.0,4341.64,3537.46,804.18,Installment,In-store,Youssef A.,0,5.0,True,False
ORD102669,2024-06-07,CUST0027,Heba Ibrahim,Cairo,Consumer,Clothing,Hoodie,1,617.53,5.0,586.65,300.84,285.81,Cash,Phone,Sara M.,0,3.0,True,False
ORD105520,2025-10-15,CUST0483,Adel Hassan,Tanta,Consumer,Electronics,Wireless Earbuds,1,1184.07,0.0,1184.07,754.45,429.62,Card,Online,Nourhan S.,5,5.0,False,False
ORD102607,2024-05-27,CUST0541,Dina Sherif,Alexandria,SMB,Home & Kitchen,Blender,1,1156.9,0.0,1156.9,600.84,556.06,Card,Online,Youssef A.,1,5.0,False,False
ORD104591,2025-04-22,CUST0023,Mona Mostafa,Cairo,Consumer,Clothing,Hoodie,1,698.75,0.0,698.75,289.57,409.18,Card,In-store,Mona K.,0,4.0,False,False
ORD105747,2025-11-20,CUST0377,Sara Ibrahim,Aswan,SMB,Groceries,Rice 5kg,1,222.18,5.0,211.07,148.4,62.67,Mobile Wallet,Phone,Mona K.,0,4.0,True,False
ORD105061,2025-07-18,CUST0242,Khaled Ibrahim,Giza,Consumer,Clothing,Women's Dress,1,853.34,0.0,853.34,408.85,444.49,Cash,In-store,Mona K.,0,4.0,False,False
ORD105956,2025-12-12,CUST0068,Mona Sherif,Cairo,SMB,Electronics,Wireless Earbuds,1,1120.14,0.0,1120.14,746.85,373.29,Mobile Wallet,Online,,5,2.0,False,False
ORD104654,2025-05-03,CUST0333,Laila El-Sayed,Alexandria,Consumer,Home & Kitchen,Cookware Set,1,2093.66,0.0,2093.66,1300.24,793.42,Card,In-store,Mona K.,0,,False,False
ORD101420,2023-10-31,CUST0517,Omar Mostafa,Alexandria,Consumer,Sports,Yoga Mat,2,472.83,0.0,945.66,447.3,498.36,Card,Phone,Youssef A.,0,5.0,False,False
ORD101402,2023-10-28,CUST0126,Nourhan Khalil,Alexandria,Consumer,Home & Kitchen,Coffee Maker,1,1503.92,0.0,1503.92,815.72,688.2,Card,Online,,0,4.0,False,False
ORD101056,2023-07-31,CUST0392,Karim Mahmoud,Giza,Consumer,Electronics,Smart Watch,2,3610.4,0.0,7220.8,4138.96,3081.84,Installment,In-store,Khaled T.,0,5.0,False,False
ORD105014,2025-07-06,CUST0151,Youssef Ibrahim,Cairo,Consumer,Electronics,Wireless Earbuds,2,1246.36,0.0,2492.72,1483.52,1009.2,Cash,Online,,3,4.0,False,False
ORD100749,2023-05-14,CUST0435,Dina El-Sayed,Cairo,Consumer,Home & Kitchen,Vacuum Cleaner,2,3282.92,0.0,6565.84,3777.68,2788.16,Card,In-store,Khaled T.,0,5.0,False,False
ORD104735,2025-05-17,CUST0152,Nada Farouk,Aswan,SMB,Home & Kitchen,Vacuum Cleaner,1,3126.47,0.0,3126.47,1906.22,1220.25,Mobile Wallet,Online,,5,4.0,False,False
ORD101299,2023-10-03,CUST0463,Laila Khalil,Alexandria,Consumer,Beauty,Makeup Kit,2,568.19,0.0,1136.38,478.2,658.18,Cash,In-store,Mona K.,0,4.0,False,False
ORD102175,2024-03-15,CUST0236,Sara Sherif,Cairo,SMB,Beauty,Skincare Set,1,747.69,0.0,747.69,366.01,381.68,Installment,In-store,Khaled T.,0,5.0,False,False
ORD105019,2025-07-08,CUST0324,Nourhan Hassan,Cairo,Enterprise,Electronics,Power Bank,1,589.14,0.0,589.14,361.53,227.61,Installment,In-store,Khaled T.,0,4.0,False,False
ORD105657,2025-11-05,CUST0283,Nada Khalil,Tanta,SMB,Beauty,Makeup Kit,1,589.27,25.0,441.95,257.47,184.48,Installment,Online,,3,,True,False
ORD103102,2024-09-13,CUST0590,Dina Abdel Rahman,Cairo,Consumer,Beauty,Skincare Set,1,771.13,0.0,771.13,364.1,407.03,Mobile Wallet,Online,Youssef A.,0,4.0,False,False
ORD101782,2024-01-06,CUST0310,Adel Farouk,Cairo,Consumer,Clothing,Jeans,2,725.62,0.0,1451.24,670.46,780.78,Card,Online,,2,4.0,False,False
ORD103280,2024-10-18,CUST0504,Heba Mostafa,Mansoura,Consumer,Groceries,Honey Jar,1,336.45,0.0,336.45,201.05,135.4,Card,In-store,Nourhan S.,0,1.0,False,False
ORD102244,2024-03-23,CUST0308,Nada Hassan,Cairo,SMB,Clothing,Jeans,1,776.63,0.0,776.63,325.8,450.83,Mobile Wallet,Online,Sara M.,5,4.0,False,False
ORD104446,2025-03-29,CUST0410,Nourhan Abdel Rahman,Aswan,Enterprise,Home & Kitchen,Air Fryer,1,2691.84,0.0,2691.84,1777.74,914.1,Card,Online,,1,5.0,False,False
ORD100457,2023-03-31,CUST0080,Amr Abdel Rahman,Alexandria,SMB,Electronics,Power Bank,2,587.23,0.0,1174.46,672.42,502.04,Installment,In-store,Omar F.,0,2.0,False,False
ORD103897,2025-01-24,CUST0554,Nada Farouk,Tanta,SMB,Home & Kitchen,Coffee Maker,1,1551.75,0.0,1551.75,827.33,724.42,Cash,Online,Khaled T.,5,,False,False
ORD100405,2023-03-23,CUST0106,Nada Aziz,Cairo,SMB,Home & Kitchen,Blender,1,1119.83,0.0,1119.83,605.12,514.71,Cash,Online,Nourhan S.,1,5.0,False,False
ORD102070,2024-03-02,CUST0359,Rania Abdel Rahman,Tanta,SMB,Home & Kitchen,Blender,1,1088.38,0.0,1088.38,603.17,485.21,Cash,Online,Youssef A.,2,4.0,False,False
ORD102996,2024-08-20,CUST0391,Omar Aziz,aswan,Consumer,Beauty,Skincare Set,1,774.09,0.0,774.09,359.02,415.07,Card,In-store,Omar F.,0,4.0,False,False
ORD101523,2023-11-23,CUST0372,Karim Sherif,Alexandria,SMB,Electronics,Bluetooth Speaker,1,893.36,15.0,759.36,528.84,230.52,Card,In-store,Khaled T.,0,5.0,True,False
ORD102284,2024-03-28,CUST0361,Sara Khalil,Cairo,Consumer,Clothing,Men's T-Shirt,1,359.63,0.0,359.63,143.85,215.78,Card,Online,,3,3.0,False,False
ORD100727,2023-05-09,CUST0155,Dina Abdel Rahman,Aswan,Consumer,Electronics,Wireless Earbuds,1,1257.31,0.0,1257.31,784.84,472.47,Card,In-store,Youssef A.,0,5.0,False,False
ORD100519,2023-04-08,CUST0062,Omar Ibrahim,Aswan,Consumer,Sports,Yoga Mat,1,434.27,0.0,434.27,214.37,219.9,Card,In-store,Sara M.,0,4.0,False,False
ORD104738,2025-05-18,CUST0239,Youssef Mostafa,giza,Consumer,Beauty,Makeup Kit,2,626.66,0.0,1253.32,477.9,775.42,Card,Online,Mona K.,2,4.0,False,False
ORD102960,2024-08-14,CUST0279,Adel Abdel Rahman,Mansoura,Enterprise,Electronics,Power Bank,1,571.09,0.0,571.09,352.6,218.49,Mobile Wallet,Online,Sara M.,0,4.0,False,False
ORD105051,2025-07-15,CUST0506,Adel Khalil,Mansoura,Consumer,Electronics,Smart Watch,1,3489.07,0.0,3489.07,2101.28,1387.79,Mobile Wallet,Online,Khaled T.,2,3.0,False,False
ORD102550,2024-05-18,CUST0519,Ahmed Ibrahim,Giza,Consumer,Clothing,Women's Dress,1,944.11,0.0,944.11,408.59,535.52,Card,In-store,Youssef A.,0,,False,False
ORD105133,2025-08-02,CUST0025,Yasmin Khalil,Mansoura,SMB,Home & Kitchen,Cookware Set,1,2184.98,0.0,2184.98,1268.32,916.66,Mobile Wallet,In-store,Omar F.,0,4.0,False,False
ORD104153,2025-02-25,CUST0125,Laila Mostafa,Tanta,Consumer,Beauty,Skincare Set,1,850.46,0.0,850.46,351.25,499.21,Cash,Phone,Youssef A.,0,4.0,False,False
ORD102593,2024-05-25,CUST0056,Youssef Farouk,Cairo,Consumer,Groceries,Coffee 250g,1,168.73,0.0,168.73,104.95,63.78,Cash,Online,Sara M.,3,2.0,False,False
ORD102863,2024-07-19,CUST0258,Rania Aziz,Tanta,SMB,Home & Kitchen,Cookware Set,1,2031.74,0.0,2031.74,1352.9,678.84,Card,Phone,Youssef A.,0,2.0,False,False
ORD101491,2023-11-20,CUST0260,Dina Sherif,Alexandria,Consumer,Beauty,Hair Dryer,1,960.84,15.0,816.71,455.73,360.98,Card,Online,,3,2.0,True,False
ORD101382,2023-10-24,CUST0064,Khaled Mahmoud,Mansoura,Consumer,Clothing,Hoodie,1,693.88,0.0,693.88,310.79,383.09,Mobile Wallet,In-store,Khaled T.,0,4.0,False,False
ORD103651,2024-12-15,CUST0257,Sara Farouk,Giza,Consumer,Home & Kitchen,Air Fryer,1,2797.04,0.0,2797.04,1720.85,1076.19,Installment,Online,Youssef A.,1,2.0,False,False
ORD105699,2025-11-13,CUST0527,Omar Ibrahim,Cairo,Consumer,Home & Kitchen,Air Fryer,2,2946.03,0.0,5892.06,3265.62,2626.44,Mobile Wallet,In-store,Mona K.,0,4.0,False,False
ORD100139,2023-02-01,CUST0427,Nada Ibrahim,Cairo,Consumer,Beauty,Skincare Set,1,779.18,0.0,779.18,343.42,435.76,Card,In-store,Omar F.,0,3.0,False,False
ORD101170,2023-09-05,CUST0422,Mona Khalil,Cairo,Consumer,Sports,Football,1,361.71,0.0,361.71,187.33,174.38,Mobile Wallet,Online,,1,4.0,False,False
ORD103262,2024-10-15,CUST0030,Mona Abdel Rahman,Cairo,Consumer,Groceries,Rice 5kg,2,212.1,0.0,424.2,299.42,124.78,Mobile Wallet,Online,,1,2.0,False,False
ORD102132,2024-03-10,CUST0043,Ahmed Khalil,Cairo,Consumer,Beauty,Skincare Set,1,792.42,0.0,792.42,348.7,443.72,Card,Online,Mona K.,1,5.0,False,False
ORD100872,2023-06-11,CUST0562,Amr Farouk,Cairo,Consumer,Electronics,Phone Case,1,249.46,0.0,249.46,93.27,156.19,Cash,Phone,Khaled T.,0,4.0,False,False
ORD101235,2023-09-21,CUST0525,Nada Abdel Rahman,Cairo,SMB,Clothing,Sneakers,1,1489.78,0.0,1489.78,728.46,761.32,Cash,In-store,Sara M.,0,5.0,False,False
ORD104548,2025-04-15,CUST0225,Mahmoud El-Sayed,cairo,Consumer,Sports,Football,1,372.99,0.0,372.99,188.28,184.71,Card,In-store,Nourhan S.,0,,False,False
ORD104524,2025-04-10,CUST0277,Tarek Mostafa,Mansoura,Consumer,Electronics,Bluetooth Speaker,2,991.48,0.0,1982.96,1151.76,831.2,Card,Online,,0,5.0,False,False
ORD102726,2024-06-17,CUST0232,Hassan Mahmoud,Tanta,Consumer,Beauty,Makeup Kit,2,619.41,0.0,1238.82,513.62,725.2,Card,In-store,Omar F.,0,1.0,False,False
ORD105890,2025-12-01,CUST0599,Mahmoud Khalil,Mansoura,Consumer,Beauty,Makeup Kit,1,592.0,0.0,592.0,239.47,352.53,Mobile Wallet,Online,Sara M.,1,4.0,False,False
ORD105015,2025-07-07,CUST0599,Mahmoud Khalil,Mansoura,Consumer,Home & Kitchen,Air Fryer,2,3000.21,0.0,6000.42,3446.74,2553.68,Cash,Online,Khaled T.,5,1.0,False,False
ORD102825,2024-07-11,CUST0307,Ahmed Farouk,Mansoura,Consumer,Electronics,Wireless Earbuds,2,1203.35,0.0,2406.7,1462.6,944.1,Mobile Wallet,In-store,Khaled T.,0,5.0,False,False
ORD103538,2024-11-29,CUST0076,Nourhan Khalil,Mansoura,SMB,Electronics,Smart Watch,1,3562.27,10.0,3206.04,2202.23,1003.81,Mobile Wallet,Online,Khaled T.,4,,True,False
ORD100525,2023-04-09,CUST0247,Tarek Hassan,Cairo,Consumer,Beauty,Makeup Kit,1,596.26,0.0,596.26,245.65,350.61,Cash,Phone,Omar F.,0,2.0,False,False
ORD103469,2024-11-23,CUST0307,Ahmed Farouk,Mansoura,Consumer,Groceries,Olive Oil 1L,3,263.39,15.0,671.64,556.53,115.11,Cash,In-store,Nourhan S.,0,5.0,True,False
ORD104356,2025-03-20,CUST0468,Laila Sherif,Alexandria,Enterprise,Sports,Yoga Mat,1,462.97,0.0,462.97,224.88,238.09,Card,In-store,Nourhan S.,0,5.0,False,False
ORD100523,2023-04-09,CUST0377,Sara Ibrahim,Aswan,SMB,Clothing,Sneakers,2,1297.27,25.0,1945.9,1383.04,562.86,Cash,In-store,Sara M.,0,2.0,True,False
ORD104140,2025-02-23,CUST0087,Karim Ibrahim,Tanta,Consumer,Electronics,Smart Watch,3,3465.18,0.0,10395.54,6288.99,4106.55,Card,In-store,Nourhan S.,0,5.0,False,False
ORD103989,2025-02-07,CUST0223,Ahmed Ibrahim,Cairo,Consumer,Clothing,Jeans,1,784.31,0.0,784.31,315.54,468.77,Cash,Online,,3,4.0,False,False
ORD101394,2023-10-27,CUST0363,Youssef Hassan,Alexandria,Consumer,Electronics,Phone Case,1,263.19,0.0,263.19,91.31,171.88,Cash,Phone,Khaled T.,0,4.0,False,False
ORD105630,2025-11-01,CUST0547,Laila Abdel Rahman,Tanta,Consumer,Clothing,Women's Dress,2,904.56,0.0,1809.12,798.68,1010.44,Card,Online,Sara M.,2,2.0,False,False
ORD100163,2023-02-07,CUST0541,Dina Sherif,Alexandria,SMB,Clothing,Sneakers,1,1432.25,15.0,1217.41,691.67,525.74,Card,Online,Omar F.,1,4.0,True,False
ORD104194,2025-03-01,CUST0350,Dina Hassan,Alexandria,SMB,Clothing,Jeans,1,788.07,0.0,788.07,314.88,473.19,Installment,Online,Khaled T.,4,5.0,False,False
ORD100802,2023-05-23,CUST0165,Dina Mahmoud,Mansoura,Consumer,Clothing,Sneakers,1,1349.96,0.0,1349.96,733.23,616.73,Card,Online,,3,4.0,False,False
ORD104084,2025-02-17,CUST0132,Youssef Aziz,Cairo,Consumer,Groceries,Olive Oil 1L,1,285.17,0.0,285.17,180.07,105.1,Card,Online,Nourhan S.,1,2.0,False,False
ORD102812,2024-07-05,CUST0447,Youssef Ibrahim,Cairo,SMB,Clothing,Hoodie,1,640.21,0.0,640.21,309.94,330.27,Card,Online,Omar F.,2,4.0,False,False
ORD100269,2023-03-03,CUST0307,Ahmed Farouk,Mansoura,Consumer,Electronics,Bluetooth Speaker,2,1001.68,0.0,2003.36,1104.94,898.42,Card,Online,,2,5.0,False,False
ORD105706,2025-11-15,CUST0366,Khaled El-Sayed,Alexandria,Consumer,Clothing,Hoodie,1,617.19,0.0,617.19,309.26,307.93,Card,In-store,Khaled T.,0,4.0,False,False
ORD104597,2025-04-23,CUST0566,Khaled Farouk,Alexandria,Consumer,Clothing,Women's Dress,5,841.05,0.0,4205.25,1994.65,2210.6,Mobile Wallet,In-store,Nourhan S.,0,4.0,False,False
ORD103402,2024-11-13,CUST0569,Yasmin Hassan,Giza,SMB,Clothing,Sneakers,1,1313.61,0.0,1313.61,723.85,589.76,Card,Phone,Khaled T.,0,3.0,False,False
ORD100018,2023-01-04,CUST0419,Amr Abdel Rahman,Alexandria,Consumer,Clothing,Jeans,1,727.35,0.0,727.35,325.67,401.68,Cash,Online,Omar F.,2,3.0,False,False
ORD102187,2024-03-17,CUST0392,Karim Mahmoud,Giza,Consumer,Clothing,Women's Dress,1,881.29,10.0,793.16,413.85,379.31,Card,Online,Khaled T.,3,5.0,True,False
ORD102447,2024-04-28,CUST0519,Ahmed Ibrahim,Giza,Consumer,Electronics,Wireless Earbuds,2,1184.11,0.0,2368.22,1463.94,904.28,Mobile Wallet,In-store,Youssef A.,0,4.0,False,False
ORD104539,2025-04-13,CUST0104,Youssef Hassan,Cairo,SMB,Electronics,Smart Watch,2,3639.02,15.0,6186.33,4156.14,2030.19,Card,Online,,3,5.0,True,False
ORD103569,2024-11-30,CUST0033,Yasmin El-Sayed,Tanta,Consumer,Groceries,Olive Oil 1L,1,293.73,10.0,264.36,182.89,81.47,Mobile Wallet,Online,,1,5.0,True,False
ORD104155,2025-02-25,CUST0599,Mahmoud Khalil,Mansoura,Consumer,CLOTHING,Women's Dress,2,924.65,0.0,1849.3,835.2,1014.1,Mobile Wallet,In-store,Khaled T.,0,4.0,False,False
ORD105207,2025-08-19,CUST0250,Adel Aziz,Cairo,Enterprise,Home & Kitchen,Air Fryer,1,2800.63,0.0,2800.63,1685.93,1114.7,Cash,Online,Youssef A.,2,5.0,False,False
ORD102130,2024-03-09,CUST0004,Adel Mahmoud,Giza,Consumer,Home & Kitchen,Coffee Maker,2,1549.87,5.0,2944.75,1762.78,1181.97,Card,Online,,2,4.0,True,False
ORD101121,2023-08-24,CUST0567,Nourhan Aziz,Alexandria,Consumer,Sports,Football,1,381.41,0.0,381.41,185.78,195.63,Mobile Wallet,Online,,3,5.0,False,False
ORD105078,2025-07-22,CUST0346,Salma Hassan,Aswan,SMB,Clothing,Sneakers,1,1356.81,0.0,1356.81,734.52,622.29,Cash,Online,,0,3.0,False,False
ORD100099,2023-01-22,CUST0438,Ahmed Farouk,mansoura,Consumer,Home & Kitchen,Vacuum Cleaner,1,2970.62,0.0,2970.62,1811.03,1159.59,Card,In-store,Omar F.,0,1.0,False,False
ORD103627,2024-12-11,CUST0521,Salma Farouk,Giza,Consumer,Home & Kitchen,Coffee Maker,1,1451.8,0.0,1451.8,845.4,606.4,Installment,Online,Omar F.,0,5.0,False,False
ORD105080,2025-07-23,CUST0481,Khaled Mostafa,Alexandria,Consumer,Electronics,Power Bank,2,646.78,0.0,1293.56,698.66,594.9,Card,Online,,4,2.0,False,False
ORD105695,2025-11-12,CUST0562,Amr Farouk,Cairo,Consumer,Home & Kitchen,Air Fryer,1,2624.25,0.0,2624.25,1745.03,879.22,Card,Online,,2,5.0,False,False
ORD102818,2024-07-08,CUST0253,Amr Farouk,Alexandria,Consumer,Home & Kitchen,Coffee Maker,1,1439.03,0.0,1439.03,865.21,573.82,Card,In-store,Sara M.,0,3.0,False,False
ORD102322,2024-04-04,CUST0517,Omar Mostafa,Alexandria,Consumer,Groceries,Olive Oil 1L,5,269.85,0.0,1349.25,905.1,444.15,Card,Online,,5,4.0,False,False
ORD101770,2024-01-03,CUST0436,Tarek Khalil,Cairo,Consumer,Beauty,Skincare Set,1,743.63,0.0,743.63,342.44,401.19,Mobile Wallet,Online,,0,5.0,False,False
ORD102513,2024-05-11,CUST0077,Hassan Farouk,Cairo,Consumer,SPORTS,Dumbbell Set,1,1808.3,0.0,1808.3,1085.17,723.13,Mobile Wallet,Online,Omar F.,0,4.0,False,False
ORD104287,2025-03-12,CUST0412,Mahmoud Khalil,Alexandria,Consumer,Beauty,Perfume,1,1208.56,10.0,1087.7,607.63,480.07,Installment,Online,,3,1.0,True,False
ORD101786,2024-01-06,CUST0302,Sara Sherif,Giza,Consumer,Clothing,Sneakers,1,1387.54,0.0,1387.54,729.4,658.14,Cash,Online,,4,3.0,False,False
ORD102229,2024-03-22,CUST0288,Ahmed Abdel Rahman,Cairo,SMB,Electronics,Power Bank,2,591.44,0.0,1182.88,716.48,466.4,Mobile Wallet,In-store,Omar F.,0,4.0,False,False
ORD104807,2025-05-31,CUST0024,Amr Mahmoud,Mansoura,SMB,Clothing,Sneakers,1,1383.62,0.0,-1383.62,676.12,-707.5,Cash,Phone,Mona K.,0,4.0,False,True
ORD105578,2025-10-25,CUST0217,Nada Khalil,Alexandria,Consumer,Home & Kitchen,Coffee Maker,1,1577.18,0.0,-1577.18,892.45,-684.73,Card,Online,,1,2.0,False,True
ORD103435,2024-11-20,CUST0068,Mona Sherif,Cairo,SMB,Electronics,Wireless Earbuds,1,1226.91,10.0,1104.22,729.24,374.98,Cash,Online,Omar F.,5,5.0,True,False
ORD101988,2024-02-16,CUST0019,Hassan Mahmoud,Mansoura,Enterprise,Home & Kitchen,Blender,3,1117.96,0.0,3353.88,1824.81,1529.07,Card,Online,Youssef A.,4,4.0,False,False
ORD102162,2024-03-14,CUST0022,Hassan Sherif,Giza,Consumer,Electronics,Smart Watch,1,3423.47,0.0,3423.47,2037.52,1385.95,Cash,Online,,3,5.0,False,False
ORD102689,2024-06-11,CUST0292,Mahmoud Farouk,Giza,Consumer,Electronics,Wireless Earbuds,1,1277.4,0.0,1277.4,720.33,557.07,Mobile Wallet,In-store,Nourhan S.,0,1.0,False,False
ORD103418,2024-11-16,CUST0417,Nourhan El-Sayed,Tanta,Consumer,Electronics,Bluetooth Speaker,2,970.82,0.0,1941.64,1045.82,895.82,Mobile Wallet,In-store,Nourhan S.,0,5.0,False,False
ORD102905,2024-07-29,CUST0107,Ahmed Khalil,Cairo,SMB,Home & Kitchen,Air Fryer,1,2960.83,0.0,2960.83,1700.71,1260.12,Cash,Online,,3,5.0,False,False
ORD104808,2025-05-31,CUST0224,Laila Sherif,Alexandria,Consumer,Electronics,Bluetooth Speaker,1,963.95,0.0,963.95,534.61,429.34,Cash,In-store,Youssef A.,0,5.0,False,False
ORD101197,2023-09-10,CUST0297,Youssef Mahmoud,Cairo,Consumer,Home & Kitchen,Cookware Set,5,2313.86,0.0,11569.3,6659.75,4909.55,Mobile Wallet,In-store,Omar F.,0,5.0,False,False
ORD104758,2025-05-22,CUST0297,Youssef Mahmoud,Cairo,Consumer,Beauty,Makeup Kit,1,592.84,0.0,592.84,242.74,350.1,Cash,Online,,3,2.0,False,False
ORD104448,2025-03-30,CUST0271,Mona Farouk,Aswan,Consumer,Clothing,Hoodie,2,632.94,0.0,1265.88,597.04,668.84,Mobile Wallet,Online,Omar F.,3,5.0,False,False
ORD105499,2025-10-11,CUST0545,Laila Ibrahim,Mansoura,Consumer,Groceries,Olive Oil 1L,1,263.89,0.0,263.89,184.11,79.78,Cash,Online,Mona K.,1,3.0,False,False
ORD102719,2024-06-16,CUST0078,Ahmed Hassan,Alexandria,Consumer,Beauty,Makeup Kit,1,567.31,5.0,538.94,256.16,282.78,Mobile Wallet,Online,Sara M.,3,4.0,True,False
ORD101152,2023-09-01,CUST0439,Hassan Ibrahim,Alexandria,Consumer,Sports,Football,1,405.65,0.0,405.65,174.22,231.43,Installment,Online,,2,5.0,False,False
ORD105847,2025-11-28,CUST0183,Amr Hassan,Aswan,SMB,Beauty,Skincare Set,1,785.18,10.0,706.66,340.68,365.98,Cash,In-store,Sara M.,0,5.0,True,False
ORD105738,2025-11-19,CUST0289,Nourhan Sherif,Alexandria,SMB,Groceries,Rice 5kg,1,205.2,0.0,205.2,151.57,53.63,Card,Online,,5,5.0,False,False
ORD103364,2024-11-06,CUST0179,Ahmed Khalil,Cairo,Consumer,Home & Kitchen,Vacuum Cleaner,1,3399.01,0.0,3399.01,1935.81,1463.2,Cash,Online,Omar F.,0,3.0,False,False
ORD105924,2025-12-05,CUST0196,Khaled Abdel Rahman,Cairo,SMB,Beauty,Perfume,2,1328.13,0.0,2656.26,1200.96,1455.3,Card,In-store,Omar F.,0,4.0,False,False
ORD100358,2023-03-16,CUST0020,Salma Mostafa,Giza,Consumer,Clothing,Women's Dress,1,844.08,0.0,844.08,384.62,459.46,Cash,Online,Sara M.,5,4.0,False,False
ORD101658,2023-12-12,CUST0469,Nada Ibrahim,Cairo,Consumer,Electronics,Phone Case,2,231.02,0.0,462.04,175.64,286.4,Installment,In-store,Youssef A.,0,5.0,False,False
ORD104639,2025-04-30,CUST0372,Karim Sherif,Alexandria,SMB,Electronics,Power Bank,5,630.54,10.0,2837.43,1794.9,1042.53,Card,In-store,Omar F.,0,4.0,True,False
ORD100375,2023-03-18,CUST0381,Heba Sherif,Giza,Consumer,Home & Kitchen,Coffee Maker,1,1508.17,0.0,1508.17,882.25,625.92,Cash,Online,Mona K.,2,5.0,False,False
ORD100510,2023-04-08,CUST0095,Mahmoud Khalil,Aswan,Consumer,Groceries,Olive Oil 1L,2,264.66,0.0,529.32,363.4,165.92,Card,Online,Khaled T.,3,5.0,False,False
ORD105036,2025-07-12,CUST0440,Hassan Khalil,Giza,SMB,Clothing,Hoodie,5,612.34,0.0,3061.7,1436.6,1625.1,Cash,Online,,0,5.0,False,False
ORD104118,2025-02-21,CUST0552,Heba Khalil,Aswan,Consumer,Electronics,Wireless Earbuds,1,1209.94,0.0,1209.94,726.25,483.69,Installment,In-store,Khaled T.,0,5.0,False,False
ORD102252,2024-03-24,CUST0398,Amr Mostafa,Alexandria,Consumer,Sports,Yoga Mat,1,427.49,0.0,427.49,216.06,211.43,Cash,In-store,Nourhan S.,0,4.0,False,False
ORD103128,2024-09-17,CUST0005,Mahmoud Khalil,Alexandria,Consumer,Home & Kitchen,Cookware Set,3,2081.08,15.0,5306.75,3716.46,1590.29,Cash,In-store,Mona K.,0,3.0,True,False
ORD101280,2023-09-29,CUST0316,Amr Ibrahim,Alexandria,SMB,Home & Kitchen,Vacuum Cleaner,5,3162.0,0.0,15810.0,9244.6,6565.4,Installment,In-store,Sara M.,0,2.0,False,False
ORD105107,2025-07-29,CUST0009,Yasmin Abdel Rahman,Cairo,Consumer,Home & Kitchen,Air Fryer,1,2579.59,0.0,2579.59,1722.14,857.45,Cash,In-store,Sara M.,0,,False,False
ORD103526,2024-11-28,CUST0485,Mahmoud Farouk,Giza,Consumer,Clothing,Sneakers,1,1422.32,10.0,1280.09,733.31,546.78,Card,In-store,Omar F.,0,3.0,True,False
ORD102704,2024-06-13,CUST0068,Mona Sherif,Cairo,SMB,Sports,Dumbbell Set,1,1790.84,0.0,1790.84,1133.25,657.59,Card,Online,,2,5.0,False,False
ORD100291,2023-03-07,CUST0200,Heba Farouk,Mansoura,Consumer,Home & Kitchen,Vacuum Cleaner,1,2989.81,0.0,2989.81,1884.42,1105.39,Mobile Wallet,Online,,0,4.0,False,False
ORD105193,2025-08-15,CUST0442,Youssef Ibrahim,Mansoura,SMB,Clothing,Jeans,1,744.44,0.0,744.44,308.63,435.81,Cash,In-store,Sara M.,0,5.0,False,False
ORD101161,2023-09-03,CUST0496,Khaled Khalil,Alexandria,Consumer,Clothing,Men's T-Shirt,3,338.54,0.0,1015.62,438.6,577.02,Card,In-store,Mona K.,0,4.0,False,False
ORD100618,2023-04-21,CUST0444,Heba Farouk,Aswan,Consumer,Clothing,Women's Dress,2,871.3,0.0,1742.6,804.06,938.54,Cash,Online,Youssef A.,0,5.0,False,False
ORD103971,2025-02-05,CUST0309,Nourhan El-Sayed,Giza,SMB,Beauty,Makeup Kit,1,634.28,0.0,634.28,259.04,375.24,Card,Online,,2,3.0,False,False
ORD100692,2023-05-02,CUST0498,Dina Ibrahim,alexandria,Consumer,Beauty,Perfume,1,1394.49,0.0,1394.49,578.54,815.95,Card,Online,Nourhan S.,2,,False,False
ORD105701,2025-11-13,CUST0137,Laila Mahmoud,Aswan,Consumer,Clothing,Sneakers,1,1320.75,0.0,1320.75,733.49,587.26,Mobile Wallet,Online,Youssef A.,2,5.0,False,False
ORD101118,2023-08-22,CUST0419,Amr Abdel Rahman,Alexandria,Consumer,Beauty,Hair Dryer,1,928.89,0.0,928.89,437.59,491.3,Cash,Phone,Mona K.,0,5.0,False,False
ORD105876,2025-11-30,CUST0069,Tarek Aziz,Cairo,Enterprise,Clothing,Jeans,1,748.18,25.0,561.14,325.63,235.51,Cash,Online,Nourhan S.,2,5.0,True,False
ORD102280,2024-03-28,CUST0149,Hassan Farouk,Alexandria,Consumer,Beauty,Hair Dryer,2,920.68,0.0,1841.36,870.04,971.32,Cash,Online,Youssef A.,3,4.0,False,False
ORD102324,2024-04-05,CUST0059,Heba Mahmoud,tanta,Consumer,Groceries,Olive Oil 1L,2,297.63,0.0,595.26,370.4,224.86,Mobile Wallet,Online,Youssef A.,0,4.0,False,False
ORD102397,2024-04-17,CUST0507,Amr Farouk,aswan,Consumer,Groceries,Rice 5kg,1,219.89,0.0,219.89,151.33,68.56,Card,Online,Sara M.,3,4.0,False,False
ORD101687,2023-12-21,CUST0123,Ahmed Khalil,Tanta,Consumer,Sports,Running Shoes,1,1554.21,0.0,1554.21,892.02,662.19,Mobile Wallet,Online,,1,2.0,False,False
ORD100571,2023-04-15,CUST0238,Youssef Ibrahim,Giza,Consumer,Clothing,Sneakers,1,1336.81,0.0,1336.81,710.34,626.47,Card,Online,Omar F.,1,5.0,False,False
ORD102166,2024-03-14,CUST0394,Karim Mostafa,Alexandria,SMB,Groceries,Rice 5kg,2,235.95,0.0,471.9,308.02,163.88,Installment,Phone,Mona K.,0,4.0,False,False
ORD106003,2025-12-20,CUST0190,Hassan Farouk,Mansoura,SMB,Sports,Running Shoes,1,1659.51,0.0,1659.51,835.54,823.97,Mobile Wallet,In-store,Mona K.,0,5.0,False,False
ORD103838,2025-01-14,CUST0080,Amr Abdel Rahman,Alexandria,SMB,Groceries,Honey Jar,1,295.75,0.0,295.75,190.93,104.82,Cash,Phone,Sara M.,0,3.0,False,False
ORD100129,2023-01-30,CUST0583,Salma Farouk,Cairo,Consumer,Sports,Running Shoes,1,1553.05,0.0,1553.05,831.78,721.27,Card,Online,Nourhan S.,2,3.0,False,False
ORD103900,2025-01-25,CUST0356,Nourhan Farouk,Cairo,Consumer,Clothing,Jeans,2,770.08,0.0,1540.16,621.26,918.9,Cash,In-store,Youssef A.,0,5.0,False,False
ORD101104,2023-08-19,CUST0252,Adel Sherif,Alexandria,SMB,Clothing,Sneakers,1,1484.72,0.0,1484.72,731.88,752.84,Card,Phone,Nourhan S.,0,5.0,False,False
ORD100452,2023-03-30,CUST0367,Dina Abdel Rahman,Cairo,Consumer,Clothing,Jeans,1,713.61,0.0,713.61,332.66,380.95,Mobile Wallet,Online,Youssef A.,2,4.0,False,False
ORD103941,2025-02-01,CUST0288,Ahmed Abdel Rahman,cairo,SMB,Sports,Yoga Mat,3,449.31,0.0,1347.93,678.6,669.33,Mobile Wallet,Online,Nourhan S.,3,5.0,False,False
ORD101972,2024-02-12,CUST0488,Nourhan Khalil,Alexandria,Enterprise,Clothing,Sneakers,1,1388.79,0.0,1388.79,684.9,703.89,Cash,Online,,3,5.0,False,False
ORD101873,2024-01-26,CUST0035,Heba Khalil,Cairo,Consumer,Beauty,Perfume,1,1196.05,0.0,1196.05,618.17,577.88,Mobile Wallet,Online,Youssef A.,4,5.0,False,False
ORD101255,2023-09-24,CUST0423,Adel Farouk,Tanta,Consumer,Groceries,Honey Jar,2,323.67,0.0,647.34,392.48,254.86,Card,In-store,Nourhan S.,0,2.0,False,False
ORD105954,2025-12-11,CUST0368,Nourhan Ibrahim,Tanta,Consumer,Groceries,Coffee 250g,1,184.41,0.0,184.41,100.6,83.81,Cash,Online,,5,1.0,False,False
ORD105247,2025-08-27,CUST0302,Sara Sherif,Giza,Consumer,Electronics,Smart Watch,1,3228.26,0.0,3228.26,2135.09,1093.17,Cash,Online,Youssef A.,2,5.0,False,False
ORD103844,2025-01-15,CUST0216,Mona Ibrahim,Giza,SMB,Beauty,Makeup Kit,1,636.57,0.0,636.57,245.69,390.88,Installment,Phone,Sara M.,0,,False,False
ORD100996,2023-07-16,CUST0254,Khaled Hassan,Cairo,Consumer,Sports,Running Shoes,1,1692.58,5.0,1607.95,845.86,762.09,Card,Online,,3,4.0,True,False
ORD105945,2025-12-10,CUST0551,Mona Hassan,Alexandria,Consumer,Clothing,Sneakers,1,1412.97,0.0,1412.97,721.86,691.11,Card,Online,Khaled T.,4,4.0,False,False
ORD100557,2023-04-13,CUST0359,Rania Abdel Rahman,Tanta,SMB,Groceries,Rice 5kg,1,218.62,0.0,218.62,155.86,62.76,Installment,Phone,Mona K.,0,,False,False
ORD100738,2023-05-11,CUST0268,Heba Khalil,Cairo,SMB,Clothing,Sneakers,1,1359.26,0.0,1359.26,677.38,681.88,Mobile Wallet,Online,,5,4.0,False,False
ORD105591,2025-10-27,CUST0597,Adel Farouk,Mansoura,Consumer,Electronics,Power Bank,1,562.88,0.0,562.88,354.77,208.11,Card,In-store,Sara M.,0,1.0,False,False
ORD104620,2025-04-27,CUST0014,Rania Hassan,Alexandria,Consumer,Beauty,Hair Dryer,1,872.7,0.0,872.7,469.02,403.68,Cash,Online,,7,4.0,False,False
ORD100145,2023-02-03,CUST0336,Youssef El-Sayed,Tanta,Consumer,Clothing,Women's Dress,1,887.24,10.0,798.52,385.06,413.46,Card,Online,Khaled T.,2,3.0,True,False
ORD100482,2023-04-03,CUST0555,Heba Mahmoud,Cairo,SMB,Groceries,Olive Oil 1L,1,265.51,0.0,265.51,176.14,89.37,Mobile Wallet,In-store,Nourhan S.,0,5.0,False,False
ORD105211,2025-08-19,CUST0312,Mona Sherif,Tanta,Consumer,Beauty,Skincare Set,1,737.9,0.0,737.9,341.32,396.58,Mobile Wallet,In-store,Omar F.,0,4.0,False,False
ORD100305,2023-03-10,CUST0313,Salma Farouk,Cairo,Consumer,Sports,Football,2,374.07,0.0,748.14,375.12,373.02,Card,Phone,Youssef A.,0,5.0,False,False
ORD103846,2025-01-15,CUST0147,Yasmin Farouk,Cairo,SMB,Beauty,Perfume,1,1213.84,0.0,1213.84,582.46,631.38,Card,Online,Khaled T.,2,4.0,False,False
ORD104491,2025-04-04,CUST0246,Nada Aziz,Giza,SMB,Electronics,Power Bank,1,609.44,0.0,609.44,343.98,265.46,Cash,Online,Mona K.,0,4.0,False,False
ORD100126,2023-01-29,CUST0571,Yasmin Khalil,Cairo,Consumer,Beauty,Perfume,1,1389.05,0.0,1389.05,620.69,768.36,Card,In-store,Nourhan S.,0,5.0,False,False
ORD103462,2024-11-22,CUST0281,Adel Mahmoud,Cairo,Consumer,Beauty,Skincare Set,1,840.92,20.0,672.74,344.55,328.19,Card,Online,Sara M.,4,5.0,True,False
ORD105334,2025-09-13,CUST0474,Mona Sherif,Alexandria,Consumer,Groceries,Rice 5kg,1,203.84,0.0,203.84,151.28,52.56,Cash,Phone,Khaled T.,0,3.0,False,False
ORD100028,2023-01-06,CUST0188,Adel Sherif,Alexandria,Consumer,Beauty,Hair Dryer,2,928.8,0.0,1857.6,864.4,993.2,Mobile Wallet,Online,Khaled T.,2,5.0,False,False
ORD102339,2024-04-08,CUST0036,Heba Mahmoud,Alexandria,Consumer,Beauty,Perfume,5,1292.76,0.0,6463.8,3071.05,3392.75,Card,In-store,Khaled T.,0,3.0,False,False
ORD103957,2025-02-04,CUST0218,Yasmin El-Sayed,Tanta,Consumer,Sports,Running Shoes,5,1508.03,0.0,7540.15,4183.95,3356.2,Card,Online,Sara M.,2,2.0,False,False
ORD100598,2023-04-18,CUST0183,Amr Hassan,Aswan,SMB,Home & Kitchen,Cookware Set,1,2254.15,0.0,2254.15,1323.56,930.59,Cash,In-store,Omar F.,0,2.0,False,False
ORD103973,2025-02-05,CUST0494,Mahmoud Mostafa,Alexandria,Consumer,Home & Kitchen,Coffee Maker,1,1488.9,0.0,1488.9,878.47,610.43,Card,Online,,1,3.0,False,False
ORD105228,2025-08-23,CUST0360,Rania Khalil,Giza,Consumer,Clothing,Men's T-Shirt,2,359.75,0.0,719.5,300.54,418.96,Card,In-store,Nourhan S.,0,2.0,False,False
ORD101165,2023-09-04,CUST0135,Heba Farouk,Cairo,Enterprise,Clothing,Sneakers,1,1480.23,0.0,1480.23,699.83,780.4,Mobile Wallet,Online,Khaled T.,1,2.0,False,False
ORD105198,2025-08-16,CUST0151,Youssef Ibrahim,Cairo,Consumer,Groceries,Olive Oil 1L,3,265.28,0.0,795.84,560.7,235.14,Card,Phone,Mona K.,0,5.0,False,False
ORD101296,2023-10-03,CUST0106,Nada Aziz,Cairo,SMB,Sports,Dumbbell Set,2,1819.08,0.0,3638.16,2118.28,1519.88,Card,In-store,Youssef A.,0,2.0,False,False
ORD105004,2025-07-05,CUST0082,Karim Ibrahim,Cairo,SMB,Home & Kitchen,Blender,1,1138.66,0.0,1138.66,580.55,558.11,Card,In-store,Khaled T.,0,5.0,False,False
ORD102942,2024-08-08,CUST0086,Karim Khalil,Alexandria,Consumer,Electronics,Bluetooth Speaker,2,906.46,0.0,1812.92,1120.32,692.6,Cash,In-store,Sara M.,0,2.0,False,False
ORD103163,2024-09-25,CUST0353,Karim Sherif,Cairo,Consumer,Beauty,Perfume,1,1231.55,0.0,1231.55,625.52,606.03,Mobile Wallet,In-store,Youssef A.,0,2.0,False,False
ORD102384,2024-04-15,CUST0569,Yasmin Hassan,Giza,SMB,Home & Kitchen,Cookware Set,1,2235.73,0.0,2235.73,1306.33,929.4,Mobile Wallet,Online,,0,4.0,False,False
ORD100208,2023-02-17,CUST0155,Dina Abdel Rahman,Aswan,Consumer,Home & Kitchen,Coffee Maker,2,1400.91,0.0,2801.82,1697.86,1103.96,Card,In-store,Nourhan S.,0,5.0,False,False
ORD105476,2025-10-06,CUST0438,Ahmed Farouk,Mansoura,Consumer,Electronics,Wireless Earbuds,1,1223.66,0.0,1223.66,713.98,509.68,Card,Phone,Khaled T.,0,5.0,False,False
ORD101588,2023-11-29,CUST0492,Salma Aziz,Alexandria,Consumer,Groceries,Honey Jar,2,327.37,10.0,589.27,410.8,178.47,Card,Online,Youssef A.,0,4.0,True,False
ORD101755,2024-01-01,CUST0568,Mona Farouk,Cairo,Consumer,Sports,Yoga Mat,1,425.38,0.0,425.38,228.93,196.45,Card,Online,,1,5.0,False,False
ORD101331,2023-10-11,CUST0587,Khaled Aziz,Mansoura,SMB,Clothing,Women's Dress,1,893.27,0.0,893.27,402.89,490.38,Mobile Wallet,Online,Mona K.,3,1.0,False,False
ORD101963,2024-02-11,CUST0065,Omar Mostafa,Cairo,SMB,Beauty,Skincare Set,1,817.02,0.0,817.02,353.73,463.29,Installment,Online,Youssef A.,2,3.0,False,False
ORD104380,2025-03-23,CUST0523,Karim Mostafa,Giza,SMB,Clothing,Sneakers,1,1288.66,0.0,1288.66,687.0,601.66,Cash,Online,,2,5.0,False,False
ORD104939,2025-06-22,CUST0586,Mona Ibrahim,Alexandria,Consumer,Clothing,Men's T-Shirt,1,329.57,0.0,329.57,147.37,182.2,Card,Online,Youssef A.,3,1.0,False,False
ORD103428,2024-11-18,CUST0076,Nourhan Khalil,Mansoura,SMB,Clothing,Sneakers,2,1355.87,0.0,2711.74,1357.9,1353.84,Card,Online,,5,5.0,False,False
ORD100321,2023-03-11,CUST0166,Youssef El-Sayed,Giza,Consumer,Clothing,Sneakers,3,1298.7,0.0,3896.1,2068.98,1827.12,Cash,Online,,5,3.0,False,False
ORD101856,2024-01-22,CUST0594,Tarek Ibrahim,Aswan,SMB,Sports,Yoga Mat,3,482.55,5.0,1375.27,670.5,704.77,Mobile Wallet,Online,,3,,True,False
ORD100824,2023-05-30,CUST0364,Salma Sherif,Giza,Consumer,Clothing,Jeans,2,723.09,0.0,1446.18,658.98,787.2,Card,Phone,Sara M.,0,4.0,False,False
ORD102435,2024-04-25,CUST0046,Youssef Hassan,Tanta,SMB,Groceries,Honey Jar,1,335.35,0.0,335.35,193.09,142.26,Cash,In-store,Nourhan S.,0,5.0,False,False
ORD100905,2023-06-21,CUST0278,Sara Abdel Rahman,Aswan,Consumer,Clothing,Men's T-Shirt,1,361.47,0.0,361.47,147.13,214.34,Card,In-store,Khaled T.,0,5.0,False,False
ORD104031,2025-02-11,CUST0270,Salma Sherif,Giza,SMB,Beauty,Skincare Set,1,840.98,0.0,840.98,352.57,488.41,Cash,Online,Khaled T.,5,5.0,False,False
ORD100337,2023-03-13,CUST0434,Dina Farouk,Alexandria,Consumer,Beauty,Makeup Kit,1,592.58,0.0,592.58,242.52,350.06,Cash,In-store,Nourhan S.,0,3.0,False,False
ORD102485,2024-05-05,CUST0409,Ahmed Farouk,Cairo,Consumer,Sports,Yoga Mat,1,450.78,0.0,450.78,229.77,221.01,Cash,Online,Sara M.,1,5.0,False,False
ORD104201,2025-03-03,CUST0098,Mona Abdel Rahman,Giza,Consumer,Clothing,Men's T-Shirt,1,326.51,0.0,326.51,150.6,175.91,Installment,In-store,Omar F.,0,5.0,False,False
ORD104443,2025-03-29,CUST0012,Yasmin Aziz,Cairo,Consumer,Clothing,Jeans,1,729.5,0.0,729.5,324.81,404.69,Mobile Wallet,Online,,1,3.0,False,False
ORD101176,2023-09-06,CUST0270,Salma Sherif,Giza,SMB,Clothing,Hoodie,1,644.92,0.0,644.92,295.01,349.91,Cash,Online,Omar F.,1,5.0,False,False
ORD106032,2025-12-27,CUST0364,Salma Sherif,Giza,Consumer,Home & Kitchen,Blender,2,1126.48,0.0,2252.96,1204.38,1048.58,Card,In-store,Khaled T.,0,4.0,False,False
ORD103367,2024-11-07,CUST0392,Karim Mahmoud,Giza,Consumer,Sports,Dumbbell Set,1,1830.04,0.0,1830.04,1147.5,682.54,Card,Online,,5,5.0,False,False
ORD102528,2024-05-14,CUST0422,Mona Khalil,cairo,Consumer,Home & Kitchen,Blender,1,1172.09,0.0,1172.09,611.64,560.45,Card,Online,,5,4.0,False,False
ORD105291,2025-09-05,CUST0209,Mona Mostafa,Alexandria,SMB,Groceries,Coffee 250g,1,193.57,0.0,193.57,96.44,97.13,Card,In-store,Youssef A.,0,2.0,False,False
ORD105856,2025-11-29,CUST0386,Youssef Mahmoud,Alexandria,Consumer,Beauty,Hair Dryer,5,847.64,10.0,3814.38,2173.65,1640.73,Card,In-store,Mona K.,0,5.0,True,False
ORD105485,2025-10-08,CUST0456,Laila Mahmoud,Alexandria,Consumer,Home & Kitchen,Air Fryer,2,2613.36,0.0,5226.72,3343.44,1883.28,Mobile Wallet,Online,Nourhan S.,2,3.0,False,False
ORD103592,2024-12-04,CUST0262,Khaled Hassan,Cairo,Enterprise,Home & Kitchen,Air Fryer,1,2857.45,0.0,2857.45,1649.4,1208.05,Card,In-store,Nourhan S.,0,5.0,False,False
ORD101431,2023-11-02,CUST0329,Heba Aziz,Mansoura,Consumer,Clothing,Jeans,1,809.29,0.0,809.29,331.84,477.45,Mobile Wallet,In-store,Youssef A.,0,5.0,False,False
ORD100512,2023-04-08,CUST0133,Sara Ibrahim,Mansoura,Enterprise,Sports,Football,1,366.51,0.0,366.51,178.17,188.34,Mobile Wallet,In-store,Omar F.,0,5.0,False,False
ORD101808,2024-01-12,CUST0256,Nada Farouk,Cairo,Consumer,Groceries,Coffee 250g,3,179.42,0.0,538.26,287.43,250.83,Cash,In-store,Khaled T.,0,3.0,False,False
ORD104770,2025-05-24,CUST0163,Mahmoud Abdel Rahman,Giza,SMB,Electronics,Smart Watch,3,3531.74,0.0,10595.22,6088.26,4506.96,Card,Online,Omar F.,3,4.0,False,False
ORD103510,2024-11-27,CUST0428,Yasmin Ibrahim,Alexandria,Consumer,Sports,Running Shoes,1,1546.76,25.0,1160.07,891.85,268.22,Card,In-store,Sara M.,0,2.0,True,False
ORD105281,2025-09-03,CUST0595,Heba El-Sayed,Giza,SMB,Clothing,Sneakers,1,1388.34,20.0,1110.67,697.11,413.56,Cash,Phone,Youssef A.,0,5.0,True,False
ORD104479,2025-04-02,CUST0208,Khaled Mostafa,Cairo,Enterprise,Home & Kitchen,Air Fryer,1,3015.02,0.0,3015.02,1633.68,1381.34,Mobile Wallet,Phone,Youssef A.,0,5.0,False,False
ORD102341,2024-04-08,CUST0158,Salma Abdel Rahman,Mansoura,Consumer,Groceries,Coffee 250g,1,182.43,0.0,182.43,100.26,82.17,Card,In-store,Nourhan S.,0,4.0,False,False
ORD101953,2024-02-09,CUST0406,Mona Khalil,Cairo,SMB,Electronics,Smart Watch,1,3327.58,0.0,3327.58,2017.36,1310.22,Cash,Phone,Nourhan S.,0,4.0,False,False
ORD100990,2023-07-14,CUST0477,Nourhan Mostafa,Alexandria,Consumer,Sports,Running Shoes,1,1494.33,0.0,1494.33,870.3,624.03,Cash,Phone,Youssef A.,0,4.0,False,False
ORD105779,2025-11-23,CUST0430,Khaled Mostafa,Mansoura,SMB,Electronics,Smart Watch,1,3237.6,25.0,2428.2,2135.26,292.94,Card,In-store,Nourhan S.,0,4.0,True,False
ORD100856,2023-06-07,CUST0065,Omar Mostafa,Cairo,SMB,Electronics,Wireless Earbuds,2,1213.88,0.0,2427.76,1453.82,973.94,Card,Phone,Omar F.,0,4.0,False,False
ORD102285,2024-03-28,CUST0513,Mahmoud Abdel Rahman,Mansoura,Enterprise,CLOTHING,Hoodie,1,671.2,0.0,671.2,305.47,365.73,Cash,Online,,0,4.0,False,False
ORD102036,2024-02-28,CUST0242,Khaled Ibrahim,Giza,Consumer,Sports,Running Shoes,1,1492.83,0.0,1492.83,836.36,656.47,Cash,In-store,Sara M.,0,3.0,False,False
ORD103247,2024-10-11,CUST0519,Ahmed Ibrahim,Giza,Consumer,Electronics,Smart Watch,1,3655.57,0.0,3655.57,2064.39,1591.18,Cash,Online,,1,,False,False
ORD101244,2023-09-22,CUST0588,Nourhan Sherif,Aswan,SMB,Beauty,Skincare Set,2,755.55,0.0,1511.1,690.46,820.64,Mobile Wallet,Online,,2,3.0,False,False
ORD105981,2025-12-17,CUST0194,Laila Farouk,Cairo,Consumer,Home & Kitchen,Blender,1,1029.73,0.0,1029.73,625.32,404.41,Installment,Online,Khaled T.,2,4.0,False,False
ORD100260,2023-03-02,CUST0525,Nada Abdel Rahman,Cairo,SMB,Home & Kitchen,Cookware Set,1,2260.11,0.0,2260.11,1341.76,918.35,Cash,In-store,Omar F.,0,5.0,False,False
ORD102386,2024-04-15,CUST0455,Salma Khalil,Cairo,Enterprise,Electronics,Wireless Earbuds,1,1266.98,0.0,1266.98,713.28,553.7,Card,In-store,Sara M.,0,3.0,False,False
ORD101285,2023-10-01,CUST0266,Yasmin Ibrahim,Cairo,Consumer,Beauty,Hair Dryer,1,854.57,0.0,854.57,444.21,410.36,Card,In-store,Khaled T.,0,2.0,False,False
ORD102984,2024-08-17,CUST0003,Omar Sherif,Alexandria,Consumer,Groceries,Coffee 250g,1,175.22,0.0,175.22,97.07,78.15,Cash,Online,Sara M.,1,5.0,False,False
ORD105560,2025-10-22,CUST0082,Karim Ibrahim,Cairo,SMB,Electronics,Wireless Earbuds,1,1277.92,0.0,1277.92,761.08,516.84,Cash,Online,Youssef A.,3,5.0,False,False
ORD104566,2025-04-18,CUST0134,Sara Ibrahim,Giza,Consumer,Beauty,Skincare Set,1,40642.0,0.0,40642.0,355.56,457.28,Card,Phone,Sara M.,0,3.0,False,False
ORD103720,2024-12-29,CUST0589,Yasmin Mahmoud,Cairo,Consumer,Electronics,Wireless Earbuds,1,1290.53,15.0,1096.95,764.56,332.39,Installment,Phone,Khaled T.,0,5.0,True,False
ORD101196,2023-09-10,CUST0471,Sara Abdel Rahman,Cairo,Consumer,Sports,Yoga Mat,2,463.83,0.0,927.66,454.14,473.52,Cash,Online,,5,5.0,False,False
ORD105381,2025-09-19,CUST0187,Karim Khalil,Alexandria,Consumer,Electronics,Phone Case,2,261.88,0.0,523.76,181.62,342.14,Installment,Phone,Khaled T.,0,4.0,False,False
ORD101363,2023-10-20,CUST0042,Omar Aziz,Aswan,SMB,Groceries,Coffee 250g,2,180.83,0.0,361.66,200.6,161.06,Cash,In-store,Nourhan S.,0,5.0,False,False
ORD102562,2024-05-20,CUST0319,Mona Aziz,Giza,Consumer,Electronics,Wireless Earbuds,1,1127.74,0.0,1127.74,785.52,342.22,Mobile Wallet,In-store,Mona K.,0,3.0,False,False
ORD103685,2024-12-23,CUST0053,Khaled Hassan,Aswan,Consumer,Groceries,Olive Oil 1L,1,297.42,0.0,297.42,174.28,123.14,Card,Online,,7,2.0,False,False
ORD100098,2023-01-22,CUST0434,Dina Farouk,Alexandria,Consumer,Groceries,Coffee 250g,1,178.66,0.0,178.66,99.55,79.11,Installment,In-store,Omar F.,0,1.0,False,False
ORD105055,2025-07-17,CUST0429,Heba Abdel Rahman,Giza,SMB,Electronics,Smart Watch,2,3742.31,0.0,7484.62,4359.22,3125.4,Card,Online,Omar F.,2,3.0,False,False
ORD101844,2024-01-20,CUST0233,Sara Sherif,Mansoura,Consumer,Electronics,Power Bank,2,566.06,0.0,1132.12,730.84,401.28,Cash,Online,,3,5.0,False,False
ORD103275,2024-10-17,CUST0166,Youssef El-Sayed,Giza,Consumer,Clothing,Hoodie,2,642.47,0.0,1284.94,625.84,659.1,Cash,In-store,Khaled T.,0,3.0,False,False
ORD105859,2025-11-29,CUST0448,Laila Abdel Rahman,Cairo,Consumer,Sports,Dumbbell Set,1,1776.55,25.0,1332.41,1110.43,221.98,Cash,Online,Khaled T.,2,5.0,True,False
ORD105537,2025-10-18,CUST0233,Sara Sherif,Mansoura,Consumer,Home & Kitchen,Blender,1,1143.87,0.0,1143.87,596.04,547.83,Card,Online,,0,1.0,False,False
ORD105075,2025-07-21,CUST0022,Hassan Sherif,Giza,Consumer,Beauty,Perfume,1,1251.5,0.0,1251.5,576.34,675.16,Card,Phone,Sara M.,0,,False,False
ORD100118,2023-01-27,CUST0073,Ahmed Aziz,Cairo,Enterprise,Groceries,Honey Jar,1,303.47,0.0,303.47,195.89,107.58,Installment,In-store,Sara M.,0,2.0,False,False
ORD103623,2024-12-10,CUST0547,Laila Abdel Rahman,Tanta,Consumer,Home & Kitchen,Vacuum Cleaner,2,3447.71,0.0,6895.42,3874.98,3020.44,Card,Online,,0,4.0,False,False
ORD103913,2025-01-28,CUST0100,Hassan Abdel Rahman,Mansoura,SMB,Clothing,Women's Dress,1,874.75,0.0,874.75,417.95,456.8,Cash,Phone,Omar F.,0,3.0,False,False
ORD104017,2025-02-09,CUST0514,Mona Mahmoud,Giza,SMB,Electronics,Bluetooth Speaker,1,936.98,5.0,890.13,542.92,347.21,Installment,Online,Omar F.,5,4.0,True,False
ORD103746,2025-01-01,CUST0091,Mona Farouk,Mansoura,Consumer,Groceries,Honey Jar,1,319.16,0.0,319.16,201.78,117.38,Card,Phone,Omar F.,0,5.0,False,False
ORD105722,2025-11-16,CUST0073,Ahmed Aziz,Cairo,Enterprise,Groceries,Olive Oil 1L,2,271.49,0.0,542.98,360.58,182.4,Cash,In-store,Khaled T.,0,5.0,False,False
ORD105480,2025-10-08,CUST0285,Ahmed Hassan,Mansoura,Consumer,Groceries,Coffee 250g,1,185.6,0.0,185.6,97.69,87.91,Card,Phone,Sara M.,0,5.0,False,False
ORD104178,2025-02-28,CUST0488,Nourhan Khalil,Alexandria,Enterprise,Home & Kitchen,Blender,3,1127.68,0.0,3383.04,1859.37,1523.67,Card,Online,Khaled T.,2,4.0,False,False
ORD102395,2024-04-17,CUST0463,Laila Khalil,Alexandria,Consumer,Beauty,Makeup Kit,2,647.02,0.0,1294.04,518.22,775.82,Card,In-store,Khaled T.,0,5.0,False,False
ORD104408,2025-03-26,CUST0242,Khaled Ibrahim,Giza,Consumer,Beauty,Perfume,1,1313.68,0.0,1313.68,582.7,730.98,Cash,In-store,Khaled T.,0,4.0,False,False
ORD102681,2024-06-10,CUST0330,Heba Ibrahim,Cairo,SMB,Electronics,Power Bank,1,575.47,0.0,575.47,354.59,220.88,Card,In-store,Khaled T.,0,4.0,False,False
ORD102183,2024-03-16,CUST0564,Mona Hassan,Alexandria,Consumer,Beauty,Skincare Set,2,806.6,0.0,1613.2,669.16,944.04,Cash,Online,Khaled T.,3,5.0,False,False
ORD105865,2025-11-29,CUST0148,Nourhan Hassan,Alexandria,Consumer,Home & Kitchen,Coffee Maker,1,1602.54,5.0,1522.41,835.16,687.25,Card,Online,Mona K.,1,5.0,True,False
ORD103557,2024-11-29,CUST0369,Khaled Aziz,Tanta,SMB,Home & Kitchen,Cookware Set,1,2134.68,15.0,1814.48,1276.99,537.49,Cash,Online,Khaled T.,5,4.0,True,False
ORD103890,2025-01-23,CUST0468,Laila Sherif,Alexandria,Enterprise,Home & Kitchen,Blender,1,1146.46,0.0,1146.46,587.15,559.31,Mobile Wallet,In-store,Youssef A.,0,2.0,False,False
ORD102854,2024-07-17,CUST0576,Heba Aziz,Cairo,Consumer,Electronics,Power Bank,1,635.84,0.0,635.84,347.23,288.61,Card,In-store,Nourhan S.,0,4.0,False,False
ORD100066,2023-01-15,CUST0218,Yasmin El-Sayed,Tanta,Consumer,Home & Kitchen,Blender,1,1182.84,0.0,1182.84,576.8,606.04,Mobile Wallet,In-store,Sara M.,0,5.0,False,False
ORD100633,2023-04-22,CUST0028,Sara El-Sayed,Alexandria,Consumer,Home & Kitchen,Cookware Set,2,2176.16,0.0,4352.32,2577.32,1775.0,Cash,Online,Nourhan S.,5,5.0,False,False
ORD103197,2024-09-30,CUST0203,Khaled Sherif,Cairo,Consumer,Groceries,Coffee 250g,1,166.97,0.0,166.97,102.56,64.41,Mobile Wallet,Online,Sara M.,1,5.0,False,False
ORD100747,2023-05-13,CUST0012,Yasmin Aziz,Cairo,Consumer,Groceries,Honey Jar,1,304.48,0.0,304.48,202.85,101.63,Mobile Wallet,Online,Khaled T.,7,3.0,False,False
ORD100698,2023-05-05,CUST0458,Nourhan Ibrahim,Cairo,Consumer,Beauty,Skincare Set,1,817.17,0.0,817.17,336.94,480.23,Card,Online,,1,4.0,False,False
ORD104130,2025-02-22,CUST0106,Nada Aziz,Cairo,SMB,Clothing,Sneakers,3,1293.36,0.0,3880.08,2011.35,1868.73,Cash,Online,Omar F.,0,2.0,False,False
ORD102114,2024-03-08,CUST0543,Ahmed Mahmoud,Alexandria,Consumer,Electronics,Wireless Earbuds,1,1156.88,0.0,1156.88,757.72,399.16,Mobile Wallet,Online,Youssef A.,2,,False,False
ORD102797,2024-07-03,CUST0019,Hassan Mahmoud,Mansoura,Enterprise,Clothing,Women's Dress,1,829.01,0.0,829.01,414.04,414.97,Card,In-store,Omar F.,0,3.0,False,False
ORD100970,2023-07-07,CUST0420,Karim Khalil,Giza,Consumer,Sports,Football,1,351.55,0.0,351.55,183.79,167.76,Cash,Phone,Khaled T.,0,4.0,False,False
ORD104348,2025-03-19,CUST0316,Amr Ibrahim,Alexandria,SMB,Electronics,Phone Case,1,264.52,0.0,264.52,86.21,178.31,Cash,Online,Youssef A.,3,4.0,False,False
ORD102588,2024-05-25,CUST0414,Youssef Hassan,Alexandria,SMB,Clothing,Men's T-Shirt,1,365.87,0.0,365.87,149.8,216.07,Card,Online,Nourhan S.,0,1.0,False,False
ORD105393,2025-09-22,CUST0203,Khaled Sherif,Cairo,Consumer,Home & Kitchen,Air Fryer,1,3015.2,0.0,3015.2,1651.41,1363.79,Card,Online,Khaled T.,2,3.0,False,False
ORD103939,2025-02-01,CUST0581,Tarek El-Sayed,Mansoura,Consumer,Groceries,Rice 5kg,1,236.9,0.0,236.9,142.65,94.25,Mobile Wallet,Online,Omar F.,2,5.0,False,False
ORD105070,2025-07-19,CUST0202,Heba Mostafa,Alexandria,Consumer,Groceries,Honey Jar,1,343.38,0.0,343.38,195.77,147.61,Cash,Phone,Khaled T.,0,4.0,False,False
ORD101107,2023-08-20,CUST0304,Salma Farouk,Cairo,SMB,Home & Kitchen,Blender,1,1108.8,15.0,942.48,605.48,337.0,Mobile Wallet,In-store,Mona K.,0,4.0,True,False
ORD102045,2024-02-29,CUST0328,Karim Farouk,Alexandria,Consumer,Clothing,Sneakers,1,1360.67,0.0,1360.67,687.67,673.0,Mobile Wallet,In-store,Youssef A.,0,4.0,False,False
ORD101596,2023-11-30,CUST0011,Ahmed Sherif,Alexandria,Consumer,Electronics,Wireless Earbuds,1,1147.83,25.0,860.87,721.51,139.36,Mobile Wallet,Online,Nourhan S.,2,5.0,True,False
ORD105373,2025-09-19,CUST0072,Omar Ibrahim,Mansoura,Consumer,Clothing,Men's T-Shirt,1,340.42,0.0,340.42,149.93,190.49,Cash,Online,Omar F.,1,5.0,False,False
ORD102461,2024-05-01,CUST0411,Rania Mostafa,Giza,Consumer,Sports,Running Shoes,1,1661.38,10.0,1495.24,810.23,685.01,Card,Phone,Nourhan S.,0,5.0,True,False
ORD104309,2025-03-15,CUST0404,Khaled Abdel Rahman,Cairo,Consumer,Sports,Yoga Mat,1,449.19,0.0,449.19,225.75,223.44,Installment,In-store,Mona K.,0,5.0,False,False
ORD103383,2024-11-09,CUST0440,Hassan Khalil,Giza,SMB,Clothing,Men's T-Shirt,1,353.34,0.0,353.34,154.42,198.92,Mobile Wallet,In-store,Youssef A.,0,5.0,False,False
ORD103240,2024-10-10,CUST0418,Nada Mostafa,Cairo,Consumer,Beauty,Perfume,1,1283.33,0.0,1283.33,607.75,675.58,Mobile Wallet,In-store,Omar F.,0,4.0,False,False
ORD100343,2023-03-14,CUST0416,Sara Khalil,Giza,SMB,Home & Kitchen,Blender,1,1074.57,0.0,1074.57,618.53,456.04,Cash,In-store,Sara M.,0,5.0,False,False
ORD102561,2024-05-20,CUST0289,Nourhan Sherif,,SMB,Clothing,Sneakers,3,1506.25,0.0,4518.75,2193.63,2325.12,Installment,Online,Nourhan S.,7,5.0,False,False
ORD100253,2023-03-01,CUST0214,Rania Khalil,Alexandria,SMB,Beauty,Hair Dryer,1,948.14,0.0,948.14,453.48,494.66,Cash,In-store,Mona K.,0,4.0,False,False
ORD100761,2023-05-16,CUST0473,Ahmed Mostafa,Cairo,Consumer,ELECTRONICS,Phone Case,1,248.92,0.0,248.92,94.22,154.7,Mobile Wallet,Online,,0,,False,False
ORD104773,2025-05-24,CUST0532,Adel El-Sayed,Giza,Consumer,Beauty,Skincare Set,1,773.05,0.0,773.05,353.93,419.12,Cash,In-store,Nourhan S.,0,5.0,False,False
ORD103019,2024-08-28,CUST0425,Sara Hassan,Cairo,SMB,Clothing,Women's Dress,1,838.41,0.0,838.41,402.47,435.94,Cash,Online,,4,3.0,False,False
ORD102511,2024-05-11,CUST0185,Rania El-Sayed,Alexandria,Consumer,Clothing,Men's T-Shirt,1,328.3,0.0,328.3,156.4,171.9,Mobile Wallet,Online,,1,5.0,False,False
ORD105119,2025-07-31,CUST0197,Youssef Sherif,Giza,Consumer,Electronics,Wireless Earbuds,1,1214.56,0.0,1214.56,729.1,485.46,Installment,In-store,Khaled T.,0,5.0,False,False
ORD105210,2025-08-19,CUST0010,Mona Farouk,Cairo,Consumer,Electronics,Smart Watch,1,3339.29,0.0,3339.29,2106.73,1232.56,Card,In-store,Youssef A.,0,4.0,False,False
ORD105937,2025-12-08,CUST0229,Laila Sherif,Cairo,Consumer,Beauty,Makeup Kit,2,633.91,0.0,1267.82,514.34,753.48,Mobile Wallet,In-store,Youssef A.,0,1.0,False,False
ORD105299,2025-09-07,CUST0246,Nada Aziz,Giza,SMB,Beauty,Perfume,2,1202.22,20.0,1923.55,1206.82,716.73,Mobile Wallet,Online,Khaled T.,1,1.0,True,False
ORD104929,2025-06-20,CUST0162,Ahmed Aziz,Giza,Enterprise,Clothing,Hoodie,1,686.58,0.0,686.58,295.02,391.56,Cash,In-store,Khaled T.,0,,False,False
ORD103674,2024-12-21,CUST0338,Yasmin Farouk,Alexandria,Consumer,Beauty,Skincare Set,1,860.42,0.0,860.42,350.56,509.86,Card,In-store,Mona K.,0,4.0,False,False
ORD106015,2025-12-23,CUST0488,Nourhan Khalil,Alexandria,Enterprise,Home & Kitchen,Blender,1,1056.1,0.0,1056.1,578.07,478.03,Cash,In-store,Omar F.,0,5.0,False,False
ORD104361,2025-03-21,CUST0477,Nourhan Mostafa,Alexandria,Consumer,Sports,Dumbbell Set,1,1672.43,0.0,1672.43,1112.3,560.13,Cash,In-store,Omar F.,0,5.0,False,False
ORD103516,2024-11-27,CUST0244,Youssef Aziz,Tanta,Consumer,Clothing,Hoodie,1,700.01,20.0,560.01,301.67,258.34,Mobile Wallet,Online,Youssef A.,4,5.0,True,False
ORD105746,2025-11-20,CUST0108,Omar El-Sayed,Cairo,SMB,Home & Kitchen,Vacuum Cleaner,1,3088.78,25.0,2316.58,1992.02,324.56,Cash,Online,,1,5.0,True,False
ORD101358,2023-10-19,CUST0073,Ahmed Aziz,Cairo,Enterprise,Groceries,Rice 5kg,1,234.27,0.0,234.27,150.31,83.96,Installment,In-store,Omar F.,0,,False,False
ORD100177,2023-02-10,CUST0531,Tarek Khalil,Alexandria,Consumer,Beauty,Skincare Set,1,752.05,0.0,752.05,341.38,410.67,Card,Online,Youssef A.,5,4.0,False,False
ORD104347,2025-03-19,CUST0019,Hassan Mahmoud,Mansoura,Enterprise,Sports,Dumbbell Set,1,1886.78,0.0,1886.78,1064.42,822.36,Mobile Wallet,Online,Omar F.,2,3.0,False,False
ORD104885,2025-06-13,CUST0591,Nourhan Khalil,Alexandria,Consumer,Groceries,Rice 5kg,1,225.31,0.0,225.31,143.83,81.48,Cash,Online,Nourhan S.,7,5.0,False,False
ORD105565,2025-10-23,CUST0073,Ahmed Aziz,Cairo,Enterprise,Sports,Dumbbell Set,1,1855.06,0.0,1855.06,1128.52,726.54,Installment,Online,,1,3.0,False,False
ORD104882,2025-06-13,CUST0439,Hassan Ibrahim,Alexandria,Consumer,Home & Kitchen,Coffee Maker,2,1397.75,0.0,2795.5,1625.56,1169.94,Cash,Online,,2,4.0,False,False
ORD101865,2024-01-25,CUST0334,Laila Mahmoud,Alexandria,SMB,Electronics,Phone Case,2,245.01,0.0,490.02,181.22,308.8,Mobile Wallet,In-store,Youssef A.,0,5.0,False,False
ORD102268,2024-03-26,CUST0599,Mahmoud Khalil,Mansoura,Consumer,Beauty,Skincare Set,1,774.63,0.0,774.63,333.39,441.24,Card,In-store,Mona K.,0,5.0,False,False
ORD102959,2024-08-14,CUST0153,Ahmed Hassan,Cairo,Enterprise,Electronics,Power Bank,1,579.69,0.0,579.69,365.78,213.91,Card,In-store,Mona K.,0,5.0,False,False
ORD105912,2025-12-04,CUST0470,Nada Mahmoud,cairo,Consumer,Electronics,Power Bank,1,626.56,0.0,626.56,362.08,264.48,Installment,Online,,3,1.0,False,False
ORD105017,2025-07-07,CUST0421,Nourhan Hassan,Mansoura,SMB,Electronics,Wireless Earbuds,1,1217.96,0.0,1217.96,745.17,472.79,Mobile Wallet,Online,,5,5.0,False,False
ORD100651,2023-04-26,CUST0192,Ahmed El-Sayed,Aswan,Consumer,Clothing,Jeans,1,767.49,0.0,-767.49,307.76,-459.73,Card,Phone,Sara M.,0,3.0,False,True
ORD104141,2025-02-23,CUST0004,Adel Mahmoud,Giza,Consumer,Groceries,Olive Oil 1L,1,271.54,25.0,-203.66,179.67,-23.99,Card,Online,Mona K.,2,1.0,True,True
ORD101497,2023-11-20,CUST0232,Hassan Mahmoud,Tanta,Consumer,Beauty,Makeup Kit,1,592.13,5.0,562.52,254.22,308.3,Mobile Wallet,In-store,Mona K.,0,5.0,True,False
ORD105748,2025-11-20,CUST0223,Ahmed Ibrahim,Cairo,Consumer,Sports,Yoga Mat,5,468.48,10.0,2108.16,1126.65,981.51,Mobile Wallet,In-store,Omar F.,0,,True,False
ORD103695,2024-12-24,CUST0598,Sara Hassan,Cairo,SMB,Clothing,Hoodie,1,616.33,0.0,616.33,312.71,303.62,Card,In-store,Youssef A.,0,5.0,False,False
ORD104732,2025-05-17,CUST0246,Nada Aziz,giza,SMB,Home & Kitchen,Coffee Maker,1,1502.63,0.0,1502.63,890.16,612.47,Cash,In-store,Sara M.,0,5.0,False,False
ORD101095,2023-08-15,CUST0130,Salma El-Sayed,Cairo,Consumer,Groceries,Coffee 250g,1,182.52,0.0,182.52,98.11,84.41,Mobile Wallet,In-store,Sara M.,0,4.0,False,False
ORD103612,2024-12-08,CUST0070,Nourhan Mostafa,Alexandria,Consumer,Home & Kitchen,Cookware Set,2,2348.17,0.0,4696.34,2470.12,2226.22,Card,In-store,Mona K.,0,1.0,False,False
ORD103664,2024-12-19,CUST0371,Heba El-Sayed,Cairo,Consumer,Electronics,Bluetooth Speaker,1,890.38,0.0,890.38,569.59,320.79,Mobile Wallet,Phone,Youssef A.,0,2.0,False,False
ORD105777,2025-11-22,CUST0255,Yasmin Aziz,Tanta,Consumer,Clothing,Hoodie,1,683.74,10.0,615.37,303.32,312.05,Cash,Phone,Sara M.,0,5.0,True,False
ORD100696,2023-05-04,CUST0079,Dina Khalil,Aswan,Consumer,Groceries,Coffee 250g,2,182.59,0.0,365.18,205.38,159.8,Mobile Wallet,Online,Sara M.,3,4.0,False,False
ORD105795,2025-11-24,CUST0174,Adel Aziz,Alexandria,Consumer,Electronics,Phone Case,1,254.26,10.0,228.83,89.84,138.99,Card,Online,Omar F.,2,4.0,True,False
ORD104963,2025-06-27,CUST0477,Nourhan Mostafa,Alexandria,Consumer,Home & Kitchen,Air Fryer,1,2784.28,0.0,2784.28,1747.92,1036.36,Cash,In-store,Sara M.,0,,False,False
ORD105805,2025-11-25,CUST0495,Rania Mostafa,Giza,Consumer,Clothing,Hoodie,1,672.05,10.0,604.84,301.4,303.44,Card,Online,Sara M.,0,2.0,True,False
ORD101367,2023-10-21,CUST0383,Mona Sherif,Tanta,Consumer,Groceries,Honey Jar,2,310.01,0.0,620.02,388.86,231.16,Mobile Wallet,In-store,Youssef A.,0,2.0,False,False
ORD103470,2024-11-23,CUST0436,Tarek Khalil,Cairo,Consumer,Home & Kitchen,Cookware Set,2,2123.82,15.0,3610.49,2637.9,972.59,Mobile Wallet,In-store,Sara M.,0,4.0,True,False
ORD103025,2024-08-31,CUST0521,Salma Farouk,Giza,Consumer,Electronics,Power Bank,1,620.44,0.0,620.44,366.1,254.34,Installment,Online,Sara M.,4,4.0,False,False
ORD105861,2025-11-29,CUST0321,Rania Mahmoud,Cairo,Consumer,Home & Kitchen,Vacuum Cleaner,3,3181.96,15.0,8114.0,5819.73,2294.27,Cash,In-store,Nourhan S.,0,4.0,True,False
ORD102758,2024-06-24,CUST0400,Mona Khalil,cairo,Consumer,Electronics,Wireless Earbuds,5,1199.78,0.0,5998.9,3682.35,2316.55,Card,Online,Youssef A.,4,,False,False
ORD105231,2025-08-24,CUST0593,Omar Sherif,mansoura,Consumer,Sports,Yoga Mat,2,479.34,0.0,958.68,422.18,536.5,Cash,Online,Sara M.,2,5.0,False,False
ORD102375,2024-04-13,CUST0004,Adel Mahmoud,Giza,Consumer,Sports,Running Shoes,1,1663.57,0.0,1663.57,820.64,842.93,Installment,In-store,Khaled T.,0,2.0,False,False
ORD105456,2025-10-03,CUST0373,Tarek Aziz,Cairo,Consumer,Groceries,Honey Jar,1,332.51,0.0,332.51,191.86,140.65,Cash,Online,,4,5.0,False,False
ORD105830,2025-11-27,CUST0585,Hassan Abdel Rahman,Tanta,Consumer,Sports,Dumbbell Set,1,1930.11,25.0,1447.58,1095.35,352.23,Card,Online,,7,5.0,True,False
ORD103768,2025-01-03,CUST0207,Dina Abdel Rahman,Alexandria,SMB,Electronics,Power Bank,1,615.0,0.0,615.0,363.17,251.83,Card,In-store,Sara M.,0,4.0,False,False
ORD103780,2025-01-04,CUST0103,Adel Sherif,Giza,Consumer,Sports,Yoga Mat,1,417.16,0.0,417.16,211.79,205.37,Card,Online,Khaled T.,2,4.0,False,False
ORD104497,2025-04-05,CUST0192,Ahmed El-Sayed,Aswan,Consumer,Groceries,Honey Jar,3,299.39,0.0,898.17,625.17,273.0,Cash,Online,,5,5.0,False,False
ORD105752,2025-11-20,CUST0160,Mona Sherif,Alexandria,Consumer,Electronics,Smart Watch,2,3698.12,20.0,5916.99,4215.86,1701.13,Cash,In-store,Youssef A.,0,3.0,True,False
ORD101344,2023-10-14,CUST0365,Adel Hassan,Alexandria,Consumer,Electronics,Phone Case,1,250.88,0.0,250.88,94.08,156.8,Cash,Online,Mona K.,3,4.0,False,False
ORD104067,2025-02-16,CUST0318,Karim Ibrahim,Cairo,SMB,Electronics,Smart Watch,1,3704.28,0.0,3704.28,2008.1,1696.18,Cash,Online,,0,5.0,False,False
ORD104210,2025-03-04,CUST0070,Nourhan Mostafa,Alexandria,Consumer,Groceries,Coffee 250g,1,177.82,0.0,-177.82,95.68,-82.14,Card,Online,,3,5.0,False,True
ORD102677,2024-06-09,CUST0505,Ahmed Abdel Rahman,Alexandria,SMB,Clothing,Jeans,1,693.8,0.0,693.8,326.32,367.48,Cash,In-store,Khaled T.,0,5.0,False,False
ORD101016,2023-07-21,CUST0316,Amr Ibrahim,Alexandria,SMB,Sports,Dumbbell Set,5,1851.26,20.0,7405.04,5449.0,1956.04,Cash,Online,Mona K.,4,4.0,True,False
ORD101441,2023-11-05,CUST0580,Mahmoud Mostafa,Giza,SMB,Sports,Dumbbell Set,1,1852.58,0.0,1852.58,1153.26,699.32,Mobile Wallet,Online,,1,2.0,False,False
ORD101703,2023-12-24,CUST0032,Salma Sherif,Cairo,Consumer,Sports,Football,2,383.89,0.0,767.78,367.5,400.28,Installment,In-store,Youssef A.,0,5.0,False,False
ORD103914,2025-01-28,CUST0131,Mona Abdel Rahman,Cairo,Consumer,Sports,Football,1,382.77,20.0,306.22,188.19,118.03,Cash,In-store,Sara M.,0,3.0,True,False
ORD100803,2023-05-24,CUST0234,Salma Khalil,Cairo,Consumer,Sports,Running Shoes,1,1509.14,0.0,1509.14,817.76,691.38,Card,Online,Mona K.,4,5.0,False,False
ORD100982,2023-07-12,CUST0324,Nourhan Hassan,Cairo,Enterprise,Beauty,Hair Dryer,2,961.4,0.0,1922.8,862.64,1060.16,Mobile Wallet,In-store,Khaled T.,0,5.0,False,False
ORD105067,2025-07-19,CUST0439,Hassan Ibrahim,Alexandria,Consumer,Groceries,Coffee 250g,1,183.33,0.0,183.33,102.2,81.13,Mobile Wallet,In-store,Khaled T.,0,5.0,False,False
ORD105557,2025-10-22,CUST0451,Khaled Farouk,Cairo,Consumer,Home & Kitchen,Vacuum Cleaner,1,3364.48,0.0,3364.48,1882.07,1482.41,Cash,Online,,3,4.0,False,False
ORD105130,2025-08-01,CUST0283,Nada Khalil,Tanta,SMB,Sports,Yoga Mat,1,438.05,0.0,438.05,228.54,209.51,Card,Online,,7,4.0,False,False
ORD100790,2023-05-20,CUST0048,Dina Mahmoud,Cairo,Consumer,Groceries,Honey Jar,1,308.6,0.0,308.6,199.52,109.08,Cash,In-store,Sara M.,0,4.0,False,False
ORD105471,2025-10-06,CUST0130,Salma El-Sayed,cairo,Consumer,Electronics,Phone Case,2,269.23,0.0,538.46,172.98,365.48,Mobile Wallet,In-store,Nourhan S.,0,4.0,False,False
ORD102106,2024-03-06,CUST0214,Rania Khalil,,SMB,Clothing,Hoodie,2,690.35,0.0,1380.7,606.98,773.72,Cash,In-store,Sara M.,0,5.0,False,False
ORD101751,2023-12-31,CUST0402,Yasmin Hassan,Aswan,Consumer,Home & Kitchen,Blender,1,1133.09,0.0,1133.09,585.48,547.61,Mobile Wallet,In-store,Mona K.,0,4.0,False,False
ORD103786,2025-01-05,CUST0211,Adel Sherif,Mansoura,SMB,Sports,Yoga Mat,1,459.89,0.0,459.89,230.42,229.47,Cash,Online,Khaled T.,3,3.0,False,False
ORD103994,2025-02-07,CUST0468,Laila Sherif,Alexandria,Enterprise,Beauty,Makeup Kit,1,634.1,10.0,570.69,254.58,316.11,Cash,In-store,Khaled T.,0,5.0,True,False
ORD105801,2025-11-25,CUST0451,Khaled Farouk,Cairo,Consumer,Electronics,Wireless Earbuds,1,1249.48,10.0,1124.53,717.44,407.09,Cash,Online,Omar F.,3,5.0,True,False
ORD104995,2025-07-03,CUST0129,Youssef Aziz,Cairo,Consumer,Beauty,Hair Dryer,1,867.01,0.0,867.01,438.66,428.35,Installment,Online,Mona K.,1,5.0,False,False
ORD105039,2025-07-12,CUST0456,Laila Mahmoud,Alexandria,Consumer,Clothing,Jeans,1,781.94,0.0,781.94,330.58,451.36,Installment,In-store,Omar F.,0,5.0,False,False
ORD105843,2025-11-28,CUST0117,Rania Farouk,Giza,Consumer,Groceries,Olive Oil 1L,2,288.28,20.0,461.25,366.34,94.91,Cash,Online,,4,1.0,True,False
ORD104870,2025-06-09,CUST0206,Ahmed Farouk,Tanta,SMB,Clothing,Jeans,2,711.79,0.0,1423.58,635.06,788.52,Card,In-store,Nourhan S.,0,3.0,False,False
ORD104270,2025-03-10,CUST0052,Ahmed Mahmoud,Alexandria,SMB,Beauty,Perfume,2,1318.98,25.0,1978.47,1239.52,738.95,Cash,Online,Nourhan S.,4,3.0,True,False
ORD102459,2024-05-01,CUST0151,Youssef Ibrahim,Cairo,Consumer,Electronics,Phone Case,1,236.82,0.0,236.82,93.35,143.47,Mobile Wallet,Online,Sara M.,1,1.0,False,False
ORD105649,2025-11-04,CUST0468,Laila Sherif,Alexandria,Enterprise,Sports,Running Shoes,3,1616.38,0.0,4849.14,2470.44,2378.7,Installment,Online,Mona K.,2,3.0,False,False
ORD100331,2023-03-12,CUST0324,Nourhan Hassan,Cairo,Enterprise,Electronics,Wireless Earbuds,1,1168.59,0.0,1168.59,751.43,417.16,Mobile Wallet,In-store,Youssef A.,0,3.0,False,False
ORD100998,2023-07-16,CUST0381,Heba Sherif,Giza,Consumer,Clothing,Sneakers,1,1404.98,0.0,1404.98,687.35,717.63,Cash,Online,,4,4.0,False,False
ORD105620,2025-10-31,CUST0050,Hassan Khalil,Tanta,SMB,Electronics,Power Bank,1,566.25,0.0,566.25,348.22,218.03,Card,In-store,Mona K.,0,4.0,False,False
ORD102074,2024-03-03,CUST0394,Karim Mostafa,Alexandria,SMB,Beauty,Perfume,2,1226.27,0.0,2452.54,1197.72,1254.82,Cash,Online,Khaled T.,0,5.0,False,False
ORD103867,2025-01-18,CUST0530,Adel Ibrahim,Alexandria,SMB,Sports,Football,1,396.49,0.0,396.49,171.64,224.85,Cash,In-store,Youssef A.,0,3.0,False,False
ORD103790,2025-01-06,CUST0052,Ahmed Mahmoud,Alexandria,SMB,Electronics,Power Bank,1,582.02,0.0,582.02,366.75,215.27,Cash,Online,Youssef A.,2,4.0,False,False
ORD100755,2023-05-15,CUST0320,Youssef Ibrahim,Alexandria,Consumer,Electronics,Wireless Earbuds,2,1236.52,0.0,2473.04,1488.5,984.54,Card,In-store,Youssef A.,0,5.0,False,False
ORD103348,2024-11-02,CUST0569,Yasmin Hassan,Giza,SMB,Home & Kitchen,Cookware Set,1,2122.07,25.0,1591.55,1275.7,315.85,Mobile Wallet,Online,,0,3.0,True,False
ORD103145,2024-09-21,CUST0307,Ahmed Farouk,Mansoura,Consumer,Electronics,Phone Case,2,261.5,0.0,523.0,182.62,340.38,Installment,Online,,3,4.0,False,False
ORD101207,2023-09-13,CUST0384,Heba Khalil,Cairo,Consumer,Sports,Football,5,355.37,0.0,1776.85,885.15,891.7,Mobile Wallet,Online,,3,5.0,False,False
ORD103158,2024-09-24,CUST0467,Omar Hassan,Giza,Consumer,Beauty,Hair Dryer,1,961.08,0.0,961.08,430.89,530.19,Cash,In-store,Nourhan S.,0,4.0,False,False
ORD102708,2024-06-14,CUST0593,Omar Sherif,Mansoura,Consumer,Electronics,Bluetooth Speaker,1,1004.33,0.0,1004.33,564.07,440.26,Card,Online,Mona K.,5,2.0,False,False
ORD105831,2025-11-27,CUST0493,Ahmed Khalil,Cairo,SMB,Sports,Running Shoes,1,1625.33,15.0,1381.53,859.75,521.78,Card,Online,Omar F.,4,4.0,True,False
ORD104570,2025-04-18,CUST0284,Hassan Mahmoud,Alexandria,Consumer,Sports,Dumbbell Set,2,1752.34,0.0,3504.68,2113.18,1391.5,Card,In-store,Khaled T.,0,4.0,False,False
ORD100667,2023-04-27,CUST0587,Khaled Aziz,Mansoura,SMB,Sports,Football,1,405.1,0.0,-405.1,172.67,-232.43,Card,Online,Sara M.,1,1.0,False,True
ORD100355,2023-03-16,CUST0414,Youssef Hassan,Alexandria,SMB,Sports,Running Shoes,1,1490.41,0.0,1490.41,884.77,605.64,Card,In-store,Youssef A.,0,4.0,False,False
ORD102304,2024-03-31,CUST0448,Laila Abdel Rahman,Cairo,Consumer,Beauty,Hair Dryer,1,907.91,0.0,907.91,450.42,457.49,Mobile Wallet,Online,,1,5.0,False,False
ORD103076,2024-09-09,CUST0095,Mahmoud Khalil,Aswan,Consumer,Groceries,Honey Jar,3,311.43,0.0,934.29,606.6,327.69,Card,Online,Khaled T.,4,5.0,False,False
ORD103581,2024-12-02,CUST0179,Ahmed Khalil,Cairo,Consumer,Electronics,Wireless Earbuds,1,1196.89,0.0,1196.89,721.16,475.73,Card,Online,Youssef A.,5,4.0,False,False
ORD103252,2024-10-12,CUST0584,Dina Mostafa,Alexandria,SMB,Home & Kitchen,Blender,2,1090.4,20.0,1744.64,1143.12,601.52,Installment,Online,,0,2.0,True,False
ORD101519,2023-11-22,CUST0563,Nada Sherif,Mansoura,SMB,Electronics,Phone Case,1,255.43,5.0,242.66,93.51,149.15,Mobile Wallet,Online,Youssef A.,2,3.0,True,False
ORD102080,2024-03-04,CUST0441,Nourhan Mahmoud,Aswan,Consumer,Sports,Running Shoes,5,1564.35,0.0,7821.75,4083.7,3738.05,Cash,In-store,Omar F.,0,4.0,False,False
ORD101727,2023-12-29,CUST0475,Khaled Sherif,Tanta,SMB,Sports,Running Shoes,2,1525.28,0.0,-3050.56,1678.54,-1372.02,Installment,In-store,Nourhan S.,0,4.0,False,True
ORD100777,2023-05-18,CUST0267,Nourhan Mahmoud,Cairo,Consumer,Beauty,Hair Dryer,1,955.66,0.0,955.66,452.8,502.86,Installment,Online,,7,5.0,False,False
ORD101205,2023-09-11,CUST0315,Ahmed El-Sayed,Alexandria,SMB,Electronics,Bluetooth Speaker,2,1012.87,0.0,2025.74,1095.68,930.06,Cash,In-store,Nourhan S.,0,5.0,False,False
ORD103014,2024-08-27,CUST0279,Adel Abdel Rahman,Mansoura,Enterprise,Sports,Football,1,402.26,0.0,402.26,188.25,214.01,Card,In-store,Sara M.,0,5.0,False,False
ORD103986,2025-02-07,CUST0411,Rania Mostafa,Giza,Consumer,Beauty,Makeup Kit,1,566.34,0.0,566.34,258.7,307.64,Card,In-store,Khaled T.,0,3.0,False,False
ORD105770,2025-11-22,CUST0226,Adel El-Sayed,Alexandria,SMB,Beauty,Perfume,1,1196.57,20.0,957.26,628.02,329.24,Cash,Online,,5,2.0,True,False
ORD100193,2023-02-13,CUST0165,Dina Mahmoud,mansoura,Consumer,Electronics,Phone Case,2,234.22,0.0,468.44,180.96,287.48,Card,In-store,Nourhan S.,0,3.0,False,False
ORD104544,2025-04-14,CUST0353,Karim Sherif,Cairo,Consumer,Clothing,Hoodie,1,663.79,0.0,663.79,285.0,378.79,Cash,In-store,Mona K.,0,3.0,False,False
ORD100058,2023-01-14,CUST0254,Khaled Hassan,Cairo,Consumer,Home & Kitchen,Cookware Set,1,2193.62,0.0,2193.62,1282.02,911.6,Cash,Online,Nourhan S.,1,4.0,False,False
ORD103330,2024-10-29,CUST0340,Amr Farouk,Aswan,Consumer,Sports,Football,1,380.96,0.0,380.96,187.43,193.53,Cash,In-store,Omar F.,0,4.0,False,False
ORD104791,2025-05-26,CUST0427,Nada Ibrahim,Cairo,Consumer,Sports,Dumbbell Set,1,1784.26,0.0,1784.26,1106.37,677.89,Cash,In-store,Sara M.,0,3.0,False,False
ORD100589,2023-04-17,CUST0068,Mona Sherif,Cairo,SMB,Clothing,Hoodie,1,657.19,0.0,657.19,312.84,344.35,Cash,In-store,Sara M.,0,5.0,False,False
ORD104799,2025-05-29,CUST0118,Khaled Mahmoud,Aswan,SMB,Home & Kitchen,Coffee Maker,1,1416.17,0.0,1416.17,823.14,593.03,Mobile Wallet,Online,Sara M.,2,,False,False
ORD105953,2025-12-11,CUST0320,Youssef Ibrahim,alexandria,Consumer,Clothing,Jeans,1,724.81,0.0,724.81,334.32,390.49,Mobile Wallet,Online,Mona K.,2,1.0,False,False
ORD105754,2025-11-20,CUST0402,Yasmin Hassan,Aswan,Consumer,Home & Kitchen,Blender,1,1024.26,20.0,819.41,620.27,199.14,Mobile Wallet,In-store,Youssef A.,0,3.0,True,False
ORD100211,2023-02-17,CUST0090,Ahmed Hassan,Giza,Enterprise,Home & Kitchen,Air Fryer,2,2792.21,0.0,5584.42,3303.46,2280.96,Mobile Wallet,Phone,Sara M.,0,4.0,False,False
ORD102589,2024-05-25,CUST0325,Khaled Farouk,Giza,Consumer,Sports,Dumbbell Set,2,1935.31,0.0,3870.62,2108.68,1761.94,Card,Online,,4,4.0,False,False
ORD104637,2025-04-30,CUST0284,Hassan Mahmoud,Alexandria,Consumer,Beauty,Skincare Set,2,834.15,0.0,1668.3,681.8,986.5,Mobile Wallet,Online,,5,4.0,False,False
ORD103476,2024-11-23,CUST0285,Ahmed Hassan,Mansoura,Consumer,Groceries,Honey Jar,1,309.07,25.0,231.8,202.98,28.82,Card,Phone,Sara M.,0,3.0,True,False
ORD102910,2024-07-30,CUST0594,Tarek Ibrahim,Aswan,SMB,Home & Kitchen,Blender,1,1178.46,0.0,1178.46,595.96,582.5,Installment,Online,Nourhan S.,2,3.0,False,False
ORD101073,2023-08-06,CUST0596,Mahmoud Ibrahim,Cairo,Consumer,Groceries,Rice 5kg,3,209.65,15.0,534.61,444.69,89.92,Cash,In-store,Omar F.,0,5.0,True,False
ORD102352,2024-04-09,CUST0262,Khaled Hassan,Cairo,Enterprise,Electronics,Power Bank,2,603.63,0.0,1207.26,726.04,481.22,Card,In-store,Mona K.,0,4.0,False,False
ORD100294,2023-03-07,CUST0398,Amr Mostafa,Alexandria,Consumer,Home & Kitchen,Cookware Set,2,2144.02,0.0,4288.04,2679.42,1608.62,Card,In-store,Khaled T.,0,,False,False
ORD105138,2025-08-03,CUST0371,Heba El-Sayed,Cairo,Consumer,Clothing,Women's Dress,1,935.53,0.0,935.53,413.44,522.09,Mobile Wallet,In-store,Sara M.,0,3.0,False,False
ORD102228,2024-03-21,CUST0100,Hassan Abdel Rahman,Mansoura,SMB,Clothing,Hoodie,1,624.33,0.0,624.33,291.71,332.62,Cash,Online,Mona K.,4,5.0,False,False
ORD102501,2024-05-08,CUST0526,Laila Ibrahim,Giza,Enterprise,Groceries,Coffee 250g,1,192.05,0.0,-192.05,101.69,-90.36,Cash,Online,,1,,False,True
ORD101947,2024-02-08,CUST0211,Adel Sherif,Mansoura,SMB,Beauty,Makeup Kit,2,640.85,0.0,1281.7,511.36,770.34,Mobile Wallet,In-store,Khaled T.,0,4.0,False,False
ORD100217,2023-02-20,CUST0002,Amr Khalil,Cairo,Consumer,Home & Kitchen,Cookware Set,1,2280.26,0.0,2280.26,1340.71,939.55,Mobile Wallet,Online,Omar F.,3,2.0,False,False
ORD102101,2024-03-05,CUST0575,Adel Ibrahim,Alexandria,SMB,Electronics,Bluetooth Speaker,1,882.71,0.0,882.71,527.35,355.36,Cash,Online,Mona K.,7,5.0,False,False
ORD102656,2024-06-05,CUST0073,Ahmed Aziz,Cairo,Enterprise,Groceries,Honey Jar,1,335.85,0.0,-335.85,208.35,-127.5,Card,In-store,Omar F.,0,5.0,False,True
ORD101619,2023-12-04,CUST0005,Mahmoud Khalil,Alexandria,Consumer,Beauty,Skincare Set,1,741.68,0.0,741.68,345.42,396.26,Card,Online,Nourhan S.,2,5.0,False,False
ORD103136,2024-09-20,CUST0481,Khaled Mostafa,Alexandria,Consumer,Clothing,Jeans,1,773.87,0.0,773.87,331.64,442.23,Mobile Wallet,Online,Khaled T.,5,4.0,False,False
ORD105315,2025-09-09,CUST0537,Nourhan Hassan,Cairo,Consumer,Beauty,Makeup Kit,1,560.61,0.0,560.61,254.64,305.97,Card,Online,Youssef A.,3,4.0,False,False
ORD102123,2024-03-08,CUST0330,Heba Ibrahim,Cairo,SMB,Sports,Football,2,17699.5,0.0,35399.0,368.86,339.12,Cash,Online,,2,4.0,False,False
ORD101457,2023-11-10,CUST0176,Dina Abdel Rahman,Giza,SMB,Home & Kitchen,Cookware Set,2,2133.39,0.0,4266.78,2519.42,1747.36,Card,In-store,Sara M.,0,4.0,False,False
ORD100776,2023-05-18,CUST0049,Hassan Mahmoud,Alexandria,Consumer,Beauty,Skincare Set,5,791.61,0.0,3958.05,1688.85,2269.2,Mobile Wallet,In-store,Sara M.,0,4.0,False,False
ORD104646,2025-05-02,CUST0159,Mona Sherif,Alexandria,SMB,Clothing,Hoodie,1,608.34,5.0,577.92,293.56,284.36,Mobile Wallet,Online,Khaled T.,1,,True,False
ORD104623,2025-04-28,CUST0187,Karim Khalil,Alexandria,Consumer,Beauty,Perfume,1,1393.97,0.0,1393.97,599.67,794.3,Installment,In-store,Omar F.,0,4.0,False,False
ORD102775,2024-06-28,CUST0338,Yasmin Farouk,Alexandria,Consumer,Beauty,Skincare Set,5,768.23,0.0,3841.15,1788.85,2052.3,Mobile Wallet,Phone,Youssef A.,0,3.0,False,False
ORD104531,2025-04-11,CUST0414,Youssef Hassan,Alexandria,SMB,Clothing,Women's Dress,1,944.59,0.0,944.59,384.43,560.16,Mobile Wallet,In-store,Omar F.,0,5.0,False,False
ORD100995,2023-07-15,CUST0490,Heba Sherif,Tanta,SMB,Beauty,Makeup Kit,1,568.04,0.0,568.04,261.85,306.19,Cash,Online,Omar F.,3,1.0,False,False
ORD100370,2023-03-18,CUST0434,Dina Farouk,Alexandria,Consumer,Sports,Dumbbell Set,1,1915.09,0.0,1915.09,1145.19,769.9,Cash,In-store,Nourhan S.,0,5.0,False,False
ORD103184,2024-09-28,CUST0343,Omar Abdel Rahman,Giza,Consumer,CLOTHING,Hoodie,2,680.36,0.0,1360.72,593.66,767.06,Cash,Online,,4,3.0,False,False
ORD100660,2023-04-27,CUST0294,Adel Mostafa,Alexandria,SMB,Beauty,Makeup Kit,1,624.57,0.0,624.57,253.62,370.95,Mobile Wallet,Online,Youssef A.,4,4.0,False,False
ORD103174,2024-09-27,CUST0117,Rania Farouk,Giza,Consumer,Sports,Dumbbell Set,1,1890.07,0.0,1890.07,1056.99,833.08,Cash,In-store,Sara M.,0,5.0,False,False
ORD100085,2023-01-20,CUST0384,Heba Khalil,Cairo,Consumer,Electronics,Power Bank,1,623.34,0.0,623.34,362.18,261.16,Installment,Online,Omar F.,2,,False,False
ORD104767,2025-05-23,CUST0007,Youssef Abdel Rahman,Mansoura,SMB,Beauty,Hair Dryer,2,866.34,0.0,1732.68,935.6,797.08,Cash,In-store,Youssef A.,0,4.0,False,False
ORD105676,2025-11-08,CUST0208,Khaled Mostafa,Cairo,Enterprise,Home & Kitchen,Blender,1,1037.17,0.0,1037.17,608.4,428.77,Cash,Online,Youssef A.,3,1.0,False,False
ORD100763,2023-05-16,CUST0224,Laila Sherif,Alexandria,Consumer,Beauty,Perfume,1,1312.71,0.0,1312.71,602.01,710.7,Installment,Online,,2,3.0,False,False
ORD102949,2024-08-10,CUST0443,Khaled El-Sayed,alexandria,Consumer,Beauty,Makeup Kit,1,616.74,0.0,616.74,259.52,357.22,Cash,Online,Mona K.,2,1.0,False,False
ORD103505,2024-11-26,CUST0438,Ahmed Farouk,Mansoura,Consumer,Beauty,Perfume,2,1263.83,20.0,2022.13,1228.28,793.85,Card,In-store,Sara M.,0,4.0,True,False
ORD104848,2025-06-06,CUST0039,Amr Farouk,Mansoura,Consumer,Electronics,Phone Case,1,235.37,15.0,200.06,87.29,112.77,Mobile Wallet,Online,Nourhan S.,4,5.0,True,False
ORD103332,2024-10-29,CUST0434,Dina Farouk,Alexandria,Consumer,Home & Kitchen,Coffee Maker,1,1402.02,0.0,1402.02,884.18,517.84,Card,Online,Nourhan S.,2,3.0,False,False
ORD104534,2025-04-12,CUST0187,Karim Khalil,Alexandria,Consumer,Electronics,Bluetooth Speaker,1,967.07,0.0,967.07,534.68,432.39,Mobile Wallet,Online,,1,4.0,False,False
ORD105888,2025-11-30,CUST0180,Yasmin Farouk,Aswan,Consumer,Sports,Yoga Mat,2,446.74,15.0,759.46,439.56,319.9,Mobile Wallet,In-store,Nourhan S.,0,4.0,True,False
ORD103095,2024-09-12,CUST0222,Yasmin Hassan,Cairo,Consumer,Electronics,Wireless Earbuds,1,1138.91,20.0,911.13,765.97,145.16,Cash,Online,Omar F.,5,4.0,True,False
ORD103026,2024-08-31,CUST0519,Ahmed Ibrahim,Giza,Consumer,Groceries,Honey Jar,1,303.72,0.0,303.72,208.68,95.04,Mobile Wallet,Online,,1,4.0,False,False
ORD103805,2025-01-08,CUST0336,Youssef El-Sayed,Tanta,Consumer,Electronics,Power Bank,1,627.36,5.0,595.99,361.39,234.6,Installment,In-store,,0,3.0,True,False
ORD104557,2025-04-17,CUST0524,Hassan Ibrahim,Giza,Consumer,Clothing,Sneakers,1,1509.58,0.0,1509.58,686.27,823.31,Card,In-store,Khaled T.,0,4.0,False,False
ORD100463,2023-04-01,CUST0532,Adel El-Sayed,Giza,Consumer,Beauty,Makeup Kit,1,602.0,0.0,602.0,258.41,343.59,Installment,In-store,Youssef A.,0,5.0,False,False
ORD101148,2023-08-31,CUST0349,Amr Mahmoud,Giza,Consumer,Sports,Dumbbell Set,2,1727.6,0.0,3455.2,2171.12,1284.08,Card,In-store,Khaled T.,0,5.0,False,False
ORD102587,2024-05-25,CUST0463,Laila Khalil,Alexandria,Consumer,Sports,Football,2,367.84,0.0,735.68,371.32,364.36,Mobile Wallet,Phone,Mona K.,0,5.0,False,False
ORD101766,2024-01-02,CUST0296,Karim Ibrahim,Mansoura,SMB,Home & Kitchen,Vacuum Cleaner,2,3293.41,0.0,6586.82,3764.02,2822.8,Card,Online,Youssef A.,5,5.0,False,False
ORD102894,2024-07-27,CUST0007,Youssef Abdel Rahman,Mansoura,SMB,Electronics,Phone Case,1,239.56,0.0,239.56,93.7,145.86,Mobile Wallet,In-store,Mona K.,0,5.0,False,False
ORD101927,2024-02-04,CUST0382,Heba Khalil,Giza,Consumer,Clothing,Sneakers,1,1500.98,0.0,-1500.98,723.97,-777.01,Cash,Phone,Youssef A.,0,4.0,False,True
ORD103456,2024-11-22,CUST0512,Nada Aziz,Mansoura,Consumer,Home & Kitchen,Blender,1,1057.66,10.0,951.89,603.72,348.17,Card,Online,Nourhan S.,2,5.0,True,False
ORD101769,2024-01-03,CUST0233,Sara Sherif,Mansoura,Consumer,Home & Kitchen,Cookware Set,1,2178.04,0.0,2178.04,1292.84,885.2,Card,Online,,1,4.0,False,False
ORD100401,2023-03-23,CUST0325,Khaled Farouk,Giza,Consumer,Electronics,Wireless Earbuds,1,1238.18,0.0,1238.18,776.54,461.64,Cash,Online,Youssef A.,0,3.0,False,False
ORD100128,2023-01-30,CUST0187,Karim Khalil,Alexandria,Consumer,Electronics,Power Bank,1,568.15,0.0,568.15,363.28,204.87,Card,In-store,Nourhan S.,0,,False,False
ORD102743,2024-06-21,CUST0460,Karim Ibrahim,Tanta,Consumer,Electronics,Wireless Earbuds,2,1224.22,0.0,2448.44,1457.16,991.28,Cash,Online,Khaled T.,7,,False,False
ORD102519,2024-05-11,CUST0231,Mona Hassan,Tanta,SMB,Sports,Yoga Mat,1,453.55,0.0,453.55,222.46,231.09,Mobile Wallet,In-store,Mona K.,0,4.0,False,False
ORD103443,2024-11-20,CUST0294,Adel Mostafa,Alexandria,SMB,Clothing,Men's T-Shirt,1,324.85,20.0,259.88,153.76,106.12,Cash,Online,Youssef A.,7,5.0,True,False
ORD105685,2025-11-10,CUST0458,Nourhan Ibrahim,Cairo,Consumer,Clothing,Hoodie,1,607.26,0.0,607.26,291.46,315.8,Mobile Wallet,Online,Khaled T.,4,4.0,False,False
ORD100956,2023-07-03,CUST0585,Hassan Abdel Rahman,Tanta,Consumer,Groceries,Olive Oil 1L,1,287.61,0.0,287.61,175.84,111.77,Mobile Wallet,In-store,Omar F.,0,3.0,False,False
ORD105177,2025-08-10,CUST0491,Tarek Khalil,Alexandria,Consumer,Sports,Yoga Mat,1,443.84,0.0,443.84,222.29,221.55,Mobile Wallet,Online,,2,4.0,False,False
ORD102216,2024-03-20,CUST0346,Salma Hassan,Aswan,SMB,Clothing,Hoodie,1,682.75,0.0,682.75,290.25,392.5,Card,Online,,3,3.0,False,False
ORD104217,2025-03-05,CUST0055,Youssef Ibrahim,Alexandria,Consumer,Beauty,Skincare Set,1,828.07,0.0,828.07,349.18,478.89,Cash,Phone,Nourhan S.,0,4.0,False,False
ORD104898,2025-06-15,CUST0011,Ahmed Sherif,Alexandria,Consumer,Groceries,Honey Jar,1,310.1,0.0,310.1,191.43,118.67,Cash,Online,Omar F.,3,5.0,False,False
ORD103404,2024-11-13,CUST0519,Ahmed Ibrahim,Giza,Consumer,Sports,Running Shoes,1,1689.64,0.0,1689.64,849.29,840.35,Cash,In-store,Youssef A.,0,,False,False
ORD100027,2023-01-05,CUST0320,Youssef Ibrahim,Alexandria,Consumer,Clothing,Hoodie,2,626.99,0.0,1253.98,582.64,671.34,Card,Phone,Khaled T.,0,2.0,False,False
ORD104280,2025-03-11,CUST0164,Rania Mahmoud,Cairo,Consumer,Home & Kitchen,Coffee Maker,1,1455.55,0.0,1455.55,862.43,593.12,Cash,Phone,Nourhan S.,0,4.0,False,False
ORD102970,2024-08-15,CUST0577,Laila El-Sayed,alexandria,SMB,Electronics,Bluetooth Speaker,2,930.44,0.0,1860.88,1116.72,744.16,Mobile Wallet,In-store,Khaled T.,0,4.0,False,False
ORD105694,2025-11-12,CUST0225,Mahmoud El-Sayed,Cairo,Consumer,Clothing,Men's T-Shirt,3,375.86,0.0,1127.58,433.68,693.9,Card,In-store,Khaled T.,0,,False,False
ORD100467,2023-04-02,CUST0418,Nada Mostafa,Cairo,Consumer,Beauty,Perfume,3,1369.5,0.0,4108.5,1798.14,2310.36,Mobile Wallet,Online,,2,5.0,False,False
ORD104435,2025-03-28,CUST0029,Laila Mostafa,Giza,SMB,CLOTHING,Women's Dress,1,882.72,0.0,882.72,380.4,502.32,Installment,In-store,Nourhan S.,0,3.0,False,False
ORD104636,2025-04-30,CUST0270,Salma Sherif,Giza,SMB,Clothing,Men's T-Shirt,2,344.21,0.0,688.42,293.62,394.8,Mobile Wallet,In-store,Youssef A.,0,4.0,False,False
ORD105317,2025-09-10,CUST0315,Ahmed El-Sayed,Alexandria,SMB,Clothing,Hoodie,1,644.81,0.0,644.81,309.46,335.35,Cash,Online,Omar F.,2,4.0,False,False
ORD100629,2023-04-22,CUST0510,Nada Aziz,Alexandria,SMB,Groceries,Honey Jar,1,305.07,0.0,305.07,199.24,105.83,Card,Online,Khaled T.,3,3.0,False,False
ORD103248,2024-10-11,CUST0186,Dina Hassan,Mansoura,Consumer,Sports,Yoga Mat,1,469.1,0.0,469.1,229.53,239.57,Cash,Online,,2,3.0,False,False
ORD105351,2025-09-15,CUST0116,Mona Ibrahim,Cairo,Enterprise,Electronics,Phone Case,1,244.74,0.0,244.74,87.98,156.76,Cash,Online,Mona K.,1,4.0,False,False
ORD102496,2024-05-08,CUST0393,Yasmin Aziz,cairo,Consumer,Beauty,Perfume,1,1370.24,0.0,1370.24,626.55,743.69,Cash,In-store,Youssef A.,0,1.0,False,False
ORD102765,2024-06-26,CUST0129,Youssef Aziz,Cairo,Consumer,Electronics,Bluetooth Speaker,3,986.69,0.0,2960.07,1634.49,1325.58,Card,In-store,Mona K.,0,2.0,False,False
ORD101711,2023-12-25,CUST0114,Rania Aziz,Tanta,SMB,Home & Kitchen,Vacuum Cleaner,1,3170.16,0.0,3170.16,1945.08,1225.08,Card,In-store,Nourhan S.,0,,False,False
ORD100277,2023-03-04,CUST0286,Tarek Aziz,Giza,SMB,Electronics,Bluetooth Speaker,5,946.13,0.0,4730.65,2836.9,1893.75,Mobile Wallet,In-store,Omar F.,0,4.0,False,False
ORD101552,2023-11-25,CUST0051,Yasmin El-Sayed,Cairo,Enterprise,Clothing,Sneakers,5,1337.64,25.0,5016.15,3557.35,1458.8,Installment,Phone,Omar F.,0,5.0,True,False
ORD105887,2025-11-30,CUST0589,Yasmin Mahmoud,Cairo,Consumer,Electronics,Power Bank,5,598.81,15.0,2544.94,1686.15,858.79,Card,In-store,Mona K.,0,4.0,True,False
ORD101242,2023-09-22,CUST0366,Khaled El-Sayed,Alexandria,Consumer,Beauty,Hair Dryer,1,893.51,0.0,893.51,427.91,465.6,Cash,In-store,Nourhan S.,0,3.0,False,False
ORD100312,2023-03-11,CUST0323,Khaled Farouk,Cairo,SMB,Clothing,Women's Dress,1,940.74,0.0,940.74,397.71,543.03,Mobile Wallet,Online,Omar F.,2,5.0,False,False
ORD102574,2024-05-23,CUST0315,Ahmed El-Sayed,Alexandria,SMB,Clothing,Hoodie,2,641.54,0.0,-1283.08,627.78,-655.3,Card,In-store,,0,4.0,False,True
ORD104008,2025-02-09,CUST0464,Adel Mahmoud,Aswan,SMB,Sports,Football,1,364.17,0.0,364.17,179.7,184.47,Card,Phone,Youssef A.,0,5.0,False,False
ORD101145,2023-08-29,CUST0008,Mona Khalil,Cairo,SMB,Groceries,Coffee 250g,1,173.37,0.0,173.37,102.86,70.51,Mobile Wallet,In-store,Mona K.,0,1.0,False,False
ORD101213,2023-09-15,CUST0107,Ahmed Khalil,Cairo,SMB,Clothing,Hoodie,1,607.73,0.0,607.73,297.0,310.73,Mobile Wallet,Online,,4,5.0,False,False
ORD104926,2025-06-20,CUST0538,Sara Ibrahim,Giza,SMB,Groceries,Honey Jar,2,329.12,0.0,658.24,383.38,274.86,Cash,Online,Mona K.,2,4.0,False,False
ORD102727,2024-06-17,CUST0168,Omar Aziz,Cairo,Consumer,Beauty,Perfume,2,1207.8,0.0,2415.6,1189.96,1225.64,Card,In-store,Omar F.,0,2.0,False,False
ORD100201,2023-02-15,CUST0340,Amr Farouk,Aswan,Consumer,Beauty,Hair Dryer,1,840.59,0.0,840.59,444.48,396.11,Card,Online,,1,,False,False
ORD103697,2024-12-24,CUST0231,Mona Hassan,Tanta,SMB,Beauty,Makeup Kit,1,622.19,0.0,622.19,243.75,378.44,Installment,In-store,Mona K.,0,2.0,False,False
ORD101933,2024-02-05,CUST0181,Omar Mostafa,Mansoura,Consumer,HOME & KITCHEN,Cookware Set,1,2042.38,0.0,2042.38,1297.23,745.15,Cash,Online,Omar F.,2,2.0,False,False
ORD101439,2023-11-04,CUST0523,Karim Mostafa,Giza,SMB,Home & Kitchen,Cookware Set,5,2327.43,0.0,11637.15,6676.8,4960.35,Installment,In-store,Khaled T.,0,1.0,False,False
ORD104174,2025-02-28,CUST0226,Adel El-Sayed,Alexandria,SMB,Sports,Dumbbell Set,2,1871.61,0.0,3743.22,2183.04,1560.18,Mobile Wallet,Phone,,0,4.0,False,False
ORD103738,2024-12-31,CUST0319,Mona Aziz,Giza,Consumer,Sports,Dumbbell Set,1,1843.01,0.0,1843.01,1071.81,771.2,Cash,In-store,Youssef A.,0,4.0,False,False
ORD105531,2025-10-17,CUST0314,Ahmed Abdel Rahman,giza,Consumer,Home & Kitchen,Vacuum Cleaner,1,3065.72,0.0,3065.72,1922.92,1142.8,Card,Online,,2,5.0,False,False
ORD104769,2025-05-24,CUST0573,Heba Mahmoud,Cairo,Consumer,Sports,Yoga Mat,2,471.33,0.0,942.66,443.32,499.34,Card,Online,,4,2.0,False,False
ORD102674,2024-06-09,CUST0318,Karim Ibrahim,Cairo,SMB,Clothing,Jeans,2,694.88,0.0,1389.76,656.48,733.28,Cash,In-store,Nourhan S.,0,1.0,False,False
ORD103861,2025-01-17,CUST0475,Khaled Sherif,Tanta,SMB,Clothing,Sneakers,1,1453.96,15.0,1235.87,716.29,519.58,Cash,Online,Omar F.,0,5.0,True,False
ORD101206,2023-09-12,CUST0343,Omar Abdel Rahman,Giza,Consumer,Clothing,Hoodie,1,618.26,0.0,618.26,303.33,314.93,Cash,In-store,Nourhan S.,0,5.0,False,False
ORD102543,2024-05-17,CUST0044,Mahmoud Hassan,Giza,Consumer,Clothing,Women's Dress,1,959.9,25.0,719.92,400.34,319.58,Installment,Online,Mona K.,4,2.0,True,False
ORD104724,2025-05-16,CUST0095,Mahmoud Khalil,Aswan,Consumer,Clothing,Sneakers,1,1317.18,0.0,1317.18,693.94,623.24,Cash,Online,Nourhan S.,3,4.0,False,False
ORD103836,2025-01-14,CUST0445,Mahmoud Aziz,Cairo,Consumer,Groceries,Rice 5kg,1,227.23,0.0,227.23,144.54,82.69,Cash,Online,Youssef A.,1,,False,False
ORD101592,2023-11-29,CUST0369,Khaled Aziz,Tanta,SMB,Sports,Yoga Mat,1,471.65,25.0,353.74,224.74,129.0,Card,In-store,Mona K.,0,,True,False
ORD102314,2024-04-02,CUST0541,Dina Sherif,Alexandria,SMB,Beauty,Makeup Kit,1,568.38,0.0,568.38,238.06,330.32,Cash,In-store,Khaled T.,0,1.0,False,False
ORD105853,2025-11-28,CUST0107,Ahmed Khalil,Cairo,SMB,Sports,Running Shoes,1,1597.96,5.0,1518.06,869.19,648.87,Card,In-store,Khaled T.,0,4.0,True,False
ORD105899,2025-12-02,CUST0423,Adel Farouk,Tanta,Consumer,Groceries,Olive Oil 1L,1,266.3,0.0,266.3,182.73,83.57,Cash,In-store,Khaled T.,0,4.0,False,False
ORD103857,2025-01-17,CUST0439,Hassan Ibrahim,alexandria,Consumer,Home & Kitchen,Blender,1,1170.77,0.0,1170.77,593.35,577.42,Card,In-store,Sara M.,0,4.0,False,False
ORD100900,2023-06-19,CUST0060,Hassan Sherif,Giza,SMB,Home & Kitchen,Vacuum Cleaner,1,3403.05,0.0,3403.05,1861.98,1541.07,Cash,Online,,1,2.0,False,False
ORD103966,2025-02-05,CUST0208,Khaled Mostafa,Cairo,Enterprise,Sports,Football,2,351.99,0.0,703.98,352.24,351.74,Card,Online,Omar F.,2,5.0,False,False
ORD105314,2025-09-09,CUST0555,Heba Mahmoud,Cairo,SMB,Sports,Football,1,404.0,0.0,404.0,188.39,215.61,Card,In-store,Mona K.,0,3.0,False,False
ORD104629,2025-04-29,CUST0041,Amr Ibrahim,Alexandria,Consumer,Sports,Dumbbell Set,1,1878.71,0.0,1878.71,1108.49,770.22,Card,Online,,2,5.0,False,False
ORD100595,2023-04-17,CUST0120,Youssef Hassan,Giza,SMB,Electronics,Phone Case,1,240.41,20.0,192.33,87.09,105.24,Card,In-store,Mona K.,0,1.0,True,False
ORD100590,2023-04-17,CUST0297,Youssef Mahmoud,Cairo,Consumer,Clothing,Sneakers,2,1460.47,20.0,2336.75,1450.04,886.71,Cash,In-store,Mona K.,0,3.0,True,False
ORD101259,2023-09-26,CUST0281,Adel Mahmoud,Cairo,Consumer,Clothing,Men's T-Shirt,1,362.72,0.0,362.72,142.74,219.98,Card,In-store,Mona K.,0,5.0,False,False
ORD103910,2025-01-27,CUST0587,Khaled Aziz,Mansoura,SMB,Electronics,Bluetooth Speaker,1,1008.62,5.0,958.19,529.75,428.44,Card,In-store,Sara M.,0,4.0,True,False
ORD105785,2025-11-23,CUST0539,Laila Mahmoud,Giza,SMB,Electronics,Smart Watch,5,3754.25,25.0,-14078.44,10813.15,-3265.29,Mobile Wallet,Online,,2,4.0,True,True
ORD105883,2025-11-30,CUST0079,Dina Khalil,Aswan,Consumer,Clothing,Women's Dress,1,871.04,5.0,827.49,416.82,410.67,Cash,In-store,Khaled T.,0,5.0,True,False
ORD101174,2023-09-05,CUST0104,Youssef Hassan,Cairo,SMB,Home & Kitchen,Coffee Maker,2,1404.19,0.0,2808.38,1638.88,1169.5,Mobile Wallet,In-store,Youssef A.,0,4.0,False,False
ORD101577,2023-11-28,CUST0231,Mona Hassan,Tanta,SMB,Home & Kitchen,Coffee Maker,5,1573.72,20.0,6294.88,4154.9,2139.98,Mobile Wallet,Online,Sara M.,2,,True,False
ORD103208,2024-10-03,CUST0194,Laila Farouk,Cairo,Consumer,Groceries,Olive Oil 1L,2,278.05,0.0,556.1,357.08,199.02,Installment,In-store,Youssef A.,0,3.0,False,False
ORD104513,2025-04-08,CUST0354,Karim Mostafa,Cairo,Consumer,Electronics,Smart Watch,1,3605.71,0.0,3605.71,2186.91,1418.8,Cash,Online,,4,4.0,False,False
ORD102165,2024-03-14,CUST0462,Mona Farouk,Tanta,Enterprise,Beauty,Makeup Kit,1,623.86,0.0,623.86,245.89,377.97,Card,In-store,Nourhan S.,0,5.0,False,False
ORD101298,2023-10-03,CUST0365,Adel Hassan,Alexandria,Consumer,Clothing,Sneakers,1,1332.72,0.0,1332.72,705.83,626.89,Installment,Online,Khaled T.,4,5.0,False,False
ORD102834,2024-07-12,CUST0588,Nourhan Sherif,Aswan,SMB,Electronics,Power Bank,2,638.59,0.0,-1277.18,704.84,-572.34,Cash,In-store,Sara M.,0,3.0,False,True
ORD105043,2025-07-14,CUST0181,Omar Mostafa,Mansoura,Consumer,Beauty,Perfume,1,1400.9,0.0,1400.9,592.86,808.04,Mobile Wallet,Online,,1,5.0,False,False
ORD103116,2024-09-15,CUST0159,Mona Sherif,Alexandria,SMB,Groceries,Coffee 250g,1,194.3,0.0,194.3,98.35,95.95,Mobile Wallet,Online,,1,5.0,False,False
ORD100769,2023-05-17,CUST0343,Omar Abdel Rahman,Giza,Consumer,Sports,Yoga Mat,1,421.46,0.0,421.46,211.83,209.63,Card,In-store,Nourhan S.,0,4.0,False,False
ORD101384,2023-10-24,CUST0293,Sara Hassan,Cairo,SMB,Electronics,Wireless Earbuds,2,1282.23,0.0,2564.46,1460.7,1103.76,Mobile Wallet,In-store,Nourhan S.,0,5.0,False,False
ORD105935,2025-12-07,CUST0434,Dina Farouk,Alexandria,Consumer,Home & Kitchen,Vacuum Cleaner,1,3097.1,0.0,-3097.1,1939.76,-1157.34,Card,Online,,4,,False,True
ORD100029,2023-01-06,CUST0188,Adel Sherif,Alexandria,Consumer,Home & Kitchen,Blender,1,1029.77,0.0,1029.77,622.14,407.63,Card,In-store,Youssef A.,0,4.0,False,False
ORD104229,2025-03-06,CUST0431,Tarek Hassan,Giza,Enterprise,Home & Kitchen,Cookware Set,2,2304.03,0.0,4608.06,2684.78,1923.28,Mobile Wallet,Phone,Khaled T.,0,5.0,False,False
ORD105666,2025-11-07,CUST0062,Omar Ibrahim,Aswan,Consumer,Home & Kitchen,Vacuum Cleaner,1,2965.03,0.0,2965.03,1932.78,1032.25,Mobile Wallet,Phone,Youssef A.,0,5.0,False,False
ORD102467,2024-05-03,CUST0044,Mahmoud Hassan,Giza,Consumer,Groceries,Coffee 250g,1,166.67,0.0,166.67,101.87,64.8,Installment,In-store,Nourhan S.,0,5.0,False,False
ORD102742,2024-06-21,CUST0217,Nada Khalil,Alexandria,Consumer,Beauty,Perfume,1,1268.82,0.0,1268.82,575.33,693.49,Card,In-store,Nourhan S.,0,3.0,False,False
ORD103877,2025-01-21,CUST0233,Sara Sherif,mansoura,Consumer,Groceries,Olive Oil 1L,1,299.19,0.0,299.19,180.03,119.16,Cash,In-store,Sara M.,0,4.0,False,False
ORD105997,2025-12-19,CUST0525,Nada Abdel Rahman,Cairo,SMB,Electronics,Phone Case,2,258.56,0.0,517.12,182.34,334.78,Card,Online,,0,4.0,False,False
ORD102928,2024-08-04,CUST0102,Nada Mostafa,Cairo,Enterprise,Clothing,Women's Dress,1,849.55,0.0,849.55,392.17,457.38,Card,Online,,1,5.0,False,False
ORD102580,2024-05-24,CUST0473,Ahmed Mostafa,Cairo,Consumer,Groceries,Honey Jar,1,303.13,0.0,303.13,205.08,98.05,Installment,In-store,Khaled T.,0,5.0,False,False
ORD105256,2025-08-29,CUST0360,Rania Khalil,Giza,Consumer,Home & Kitchen,Cookware Set,1,2125.2,0.0,2125.2,1316.82,808.38,Card,In-store,Youssef A.,0,1.0,False,False
ORD102188,2024-03-17,CUST0202,Heba Mostafa,Alexandria,Consumer,Beauty,Perfume,1,1225.83,0.0,1225.83,623.89,601.94,Cash,In-store,Sara M.,0,5.0,False,False
ORD101208,2023-09-14,CUST0305,Hassan Mostafa,alexandria,SMB,Electronics,Smart Watch,2,3456.36,0.0,6912.72,4305.98,2606.74,Card,In-store,Khaled T.,0,,False,False
ORD102619,2024-05-30,CUST0156,Youssef Khalil,Tanta,Consumer,Electronics,Power Bank,1,582.98,0.0,582.98,340.48,242.5,Card,Online,Omar F.,1,1.0,False,False
ORD102417,2024-04-21,CUST0278,Sara Abdel Rahman,Aswan,Consumer,Electronics,Phone Case,2,267.91,0.0,535.82,173.08,362.74,Card,In-store,Omar F.,0,5.0,False,False
ORD103032,2024-09-01,CUST0297,Youssef Mahmoud,Cairo,Consumer,Home & Kitchen,Blender,2,1186.83,0.0,2373.66,1244.54,1129.12,Mobile Wallet,Online,Omar F.,1,4.0,False,False
ORD100074,2023-01-17,CUST0549,Youssef Hassan,Cairo,SMB,Beauty,Makeup Kit,2,591.49,0.0,1182.98,518.68,664.3,Mobile Wallet,Online,Youssef A.,3,,False,False
ORD104120,2025-02-21,CUST0138,Youssef Ibrahim,Tanta,Consumer,Sports,Dumbbell Set,2,1893.98,0.0,3787.96,2175.58,1612.38,Cash,Phone,,0,2.0,False,False
ORD100717,2023-05-08,CUST0032,Salma Sherif,Cairo,Consumer,Groceries,Honey Jar,1,331.64,0.0,331.64,195.39,136.25,Cash,Online,Youssef A.,4,4.0,False,False
ORD100834,2023-06-01,CUST0220,Ahmed Hassan,Tanta,SMB,Sports,Running Shoes,1,1550.27,0.0,1550.27,838.56,711.71,Mobile Wallet,Online,Khaled T.,7,5.0,False,False
ORD101120,2023-08-24,CUST0114,Rania Aziz,Tanta,SMB,Electronics,Wireless Earbuds,1,1164.88,0.0,1164.88,752.7,412.18,Mobile Wallet,Online,,2,4.0,False,False
ORD105640,2025-11-03,CUST0227,Youssef Mahmoud,Giza,Consumer,Home & Kitchen,Air Fryer,1,2794.65,0.0,2794.65,1618.6,1176.05,Installment,In-store,Mona K.,0,3.0,False,False
ORD101265,2023-09-26,CUST0057,Amr Hassan,Tanta,Consumer,Groceries,Honey Jar,2,307.03,0.0,614.06,397.24,216.82,Card,In-store,Khaled T.,0,4.0,False,False
ORD101081,2023-08-09,CUST0187,Karim Khalil,Alexandria,Consumer,Home & Kitchen,Blender,1,1139.52,10.0,1025.57,588.06,437.51,Cash,Phone,Sara M.,0,,True,False
ORD104066,2025-02-16,CUST0354,Karim Mostafa,Cairo,Consumer,GROCERIES,Honey Jar,1,314.32,20.0,251.46,206.83,44.63,Card,Online,Mona K.,4,4.0,True,False
ORD102456,2024-04-30,CUST0197,Youssef Sherif,Giza,Consumer,Beauty,Makeup Kit,1,557.44,0.0,557.44,240.8,316.64,Mobile Wallet,Phone,Sara M.,0,4.0,False,False
ORD100371,2023-03-18,CUST0072,Omar Ibrahim,Mansoura,Consumer,Home & Kitchen,Cookware Set,3,2207.65,25.0,4967.21,3710.22,1256.99,Cash,Online,Mona K.,3,3.0,True,False
ORD102643,2024-06-03,CUST0220,Ahmed Hassan,tanta,SMB,Groceries,Olive Oil 1L,1,290.12,5.0,275.61,181.61,94.0,Installment,In-store,Youssef A.,0,4.0,True,False
ORD103806,2025-01-08,CUST0102,Nada Mostafa,Cairo,Enterprise,Beauty,Makeup Kit,1,616.2,0.0,616.2,255.54,360.66,Card,In-store,Khaled T.,0,5.0,False,False
ORD104583,2025-04-20,CUST0575,Adel Ibrahim,Alexandria,SMB,Clothing,Hoodie,2,629.94,0.0,1259.88,606.86,653.02,Cash,Online,Sara M.,2,4.0,False,False
ORD100668,2023-04-28,CUST0186,Dina Hassan,Mansoura,Consumer,Sports,Yoga Mat,2,419.06,0.0,838.12,448.32,389.8,Cash,In-store,Nourhan S.,0,3.0,False,False
ORD104863,2025-06-08,CUST0506,Adel Khalil,Mansoura,Consumer,Groceries,Rice 5kg,1,210.65,0.0,210.65,143.92,66.73,Card,Online,,0,4.0,False,False
ORD102248,2024-03-23,CUST0320,Youssef Ibrahim,Alexandria,Consumer,Clothing,Women's Dress,1,915.88,0.0,915.88,381.05,534.83,Mobile Wallet,In-store,Mona K.,0,4.0,False,False
ORD104394,2025-03-25,CUST0172,Amr El-Sayed,Giza,Consumer,Home & Kitchen,Air Fryer,1,2691.19,0.0,2691.19,1655.41,1035.78,Card,In-store,Nourhan S.,0,,False,False
ORD102568,2024-05-22,CUST0012,Yasmin Aziz,Cairo,Consumer,Home & Kitchen,Air Fryer,1,2682.97,0.0,2682.97,1712.32,970.65,Mobile Wallet,Online,,2,,False,False
ORD105909,2025-12-04,CUST0235,Sara Aziz,Mansoura,Enterprise,Home & Kitchen,Vacuum Cleaner,1,3336.16,0.0,3336.16,1863.08,1473.08,Mobile Wallet,In-store,Youssef A.,0,2.0,False,False
ORD102631,2024-06-01,CUST0462,Mona Farouk,Tanta,Enterprise,Groceries,Coffee 250g,1,177.94,0.0,177.94,103.08,74.86,Cash,Online,,1,4.0,False,False
ORD103046,2024-09-04,CUST0179,Ahmed Khalil,cairo,Consumer,Beauty,Perfume,2,1393.45,0.0,2786.9,1184.84,1602.06,Mobile Wallet,In-store,Youssef A.,0,4.0,False,False
ORD104665,2025-05-04,CUST0240,Salma Ibrahim,Mansoura,SMB,Sports,Dumbbell Set,3,1866.26,0.0,5598.78,3185.52,2413.26,Card,Online,,7,5.0,False,False
ORD100925,2023-06-26,CUST0465,Adel Abdel Rahman,Giza,Consumer,Home & Kitchen,Vacuum Cleaner,1,2958.87,0.0,2958.87,1812.7,1146.17,Mobile Wallet,Online,,3,5.0,False,False
ORD105027,2025-07-11,CUST0131,Mona Abdel Rahman,Cairo,Consumer,Beauty,Makeup Kit,2,629.88,20.0,1007.81,492.6,515.21,Mobile Wallet,Online,Mona K.,4,5.0,True,False
ORD101643,2023-12-08,CUST0111,Salma Mahmoud,Giza,Consumer,Home & Kitchen,Blender,1,1140.36,0.0,1140.36,584.2,556.16,Card,In-store,Youssef A.,0,4.0,False,False
ORD105786,2025-11-23,CUST0117,Rania Farouk,Giza,Consumer,Home & Kitchen,Cookware Set,1,2069.1,25.0,1551.82,1292.18,259.64,Installment,In-store,Khaled T.,0,1.0,True,False
ORD100549,2023-04-12,CUST0544,Salma Mahmoud,Mansoura,Enterprise,Clothing,Men's T-Shirt,2,337.98,0.0,675.96,310.32,365.64,Mobile Wallet,In-store,Youssef A.,0,3.0,False,False
ORD100670,2023-04-28,CUST0349,Amr Mahmoud,Giza,Consumer,Sports,Yoga Mat,1,477.0,0.0,477.0,229.33,247.67,Installment,Online,,3,5.0,False,False
ORD103719,2024-12-28,CUST0276,Omar Aziz,Mansoura,Consumer,Home & Kitchen,Coffee Maker,2,1469.42,0.0,2938.84,1662.82,1276.02,Card,Phone,Sara M.,0,5.0,False,False
ORD105479,2025-10-07,CUST0055,Youssef Ibrahim,Alexandria,Consumer,Beauty,Perfume,1,1271.6,0.0,1271.6,618.68,652.92,Card,In-store,Mona K.,0,4.0,False,False
ORD102334,2024-04-06,CUST0211,Adel Sherif,Mansoura,SMB,Electronics,Smart Watch,1,3412.29,0.0,3412.29,2061.89,1350.4,Mobile Wallet,Online,Mona K.,0,5.0,False,False
ORD102315,2024-04-02,CUST0097,Khaled Mostafa,Mansoura,SMB,Sports,Dumbbell Set,1,1806.19,0.0,1806.19,1120.82,685.37,Card,In-store,Youssef A.,0,4.0,False,False
ORD104428,2025-03-28,CUST0018,Adel Mahmoud,Cairo,Consumer,Home & Kitchen,Vacuum Cleaner,2,3023.04,0.0,6046.08,3632.9,2413.18,Card,In-store,Sara M.,0,3.0,False,False
ORD101971,2024-02-12,CUST0500,Adel Khalil,Cairo,SMB,Clothing,Hoodie,1,600.38,0.0,600.38,297.93,302.45,Card,In-store,Mona K.,0,1.0,False,False
ORD103081,2024-09-10,CUST0171,Heba Hassan,Aswan,Consumer,Sports,Dumbbell Set,2,1673.0,0.0,3346.0,2209.32,1136.68,Cash,In-store,Omar F.,0,5.0,False,False
ORD105353,2025-09-15,CUST0469,Nada Ibrahim,Cairo,Consumer,Home & Kitchen,Vacuum Cleaner,1,2971.62,0.0,2971.62,1825.0,1146.62,Cash,Phone,Sara M.,0,4.0,False,False
ORD101935,2024-02-05,CUST0155,Dina Abdel Rahman,Aswan,Consumer,Beauty,Perfume,1,1338.57,0.0,1338.57,590.59,747.98,Cash,Online,Youssef A.,2,4.0,False,False
ORD102748,2024-06-22,CUST0045,Karim Khalil,Cairo,SMB,Clothing,Hoodie,2,661.97,0.0,1323.94,610.04,713.9,Card,Phone,Youssef A.,0,2.0,False,False
ORD102782,2024-06-28,CUST0239,Youssef Mostafa,Giza,Consumer,Electronics,Bluetooth Speaker,1,1006.16,15.0,855.24,545.21,310.03,Mobile Wallet,In-store,Omar F.,0,1.0,True,False
ORD103662,2024-12-18,CUST0199,Khaled Abdel Rahman,cairo,Consumer,Groceries,Rice 5kg,1,223.08,25.0,167.31,146.92,20.39,Card,In-store,Nourhan S.,0,5.0,True,False
ORD100065,2023-01-15,CUST0452,Adel Sherif,Cairo,SMB,Sports,Football,1,388.04,0.0,388.04,174.58,213.46,Mobile Wallet,Online,,1,4.0,False,False
ORD105711,2025-11-15,CUST0464,Adel Mahmoud,Aswan,SMB,Groceries,Olive Oil 1L,1,282.48,0.0,282.48,173.77,108.71,Cash,In-store,Omar F.,0,3.0,False,False
ORD102127,2024-03-09,CUST0431,Tarek Hassan,Giza,Enterprise,Clothing,Women's Dress,1,855.62,0.0,855.62,405.27,450.35,Cash,In-store,Sara M.,0,3.0,False,False
ORD104036,2025-02-11,CUST0148,Nourhan Hassan,Alexandria,Consumer,Sports,Yoga Mat,1,457.71,0.0,457.71,230.27,227.44,Card,Online,,3,5.0,False,False
ORD102792,2024-07-01,CUST0593,Omar Sherif,Mansoura,Consumer,Sports,Yoga Mat,1,470.88,0.0,470.88,221.88,249.0,Mobile Wallet,In-store,Khaled T.,0,2.0,False,False
ORD104974,2025-06-28,CUST0094,Sara Mahmoud,Alexandria,Consumer,Clothing,Sneakers,3,1308.51,0.0,3925.53,2140.05,1785.48,Mobile Wallet,Online,Sara M.,0,5.0,False,False
ORD100040,2023-01-08,CUST0182,Nourhan Mostafa,Alexandria,Consumer,Clothing,Sneakers,1,1503.82,0.0,1503.82,701.33,802.49,Card,In-store,Nourhan S.,0,4.0,False,False
ORD102408,2024-04-20,CUST0596,Mahmoud Ibrahim,Cairo,Consumer,Beauty,Hair Dryer,2,881.48,0.0,1762.96,883.6,879.36,Card,In-store,Youssef A.,0,3.0,False,False
ORD100160,2023-02-06,CUST0283,Nada Khalil,Tanta,SMB,Home & Kitchen,Air Fryer,1,2708.75,0.0,2708.75,1639.39,1069.36,Cash,In-store,Mona K.,0,,False,False
ORD102870,2024-07-21,CUST0566,Khaled Farouk,Alexandria,Consumer,Clothing,Hoodie,2,691.59,0.0,1383.18,612.18,771.0,Cash,Online,Omar F.,0,5.0,False,False
ORD102507,2024-05-10,CUST0360,Rania Khalil,Giza,Consumer,Electronics,Phone Case,3,266.08,0.0,798.24,271.41,526.83,Mobile Wallet,Online,Omar F.,3,2.0,False,False
ORD103714,2024-12-28,CUST0497,Khaled Khalil,Cairo,SMB,ELECTRONICS,Phone Case,2,248.25,0.0,496.5,184.46,312.04,Cash,In-store,Khaled T.,0,5.0,False,False
ORD101262,2023-09-26,CUST0367,Dina Abdel Rahman,Cairo,Consumer,Beauty,Makeup Kit,1,581.76,0.0,581.76,241.54,340.22,Mobile Wallet,In-store,Youssef A.,0,4.0,False,False
ORD100588,2023-04-17,CUST0471,Sara Abdel Rahman,Cairo,Consumer,Electronics,Wireless Earbuds,1,1271.91,0.0,1271.91,768.69,503.22,Card,Online,Khaled T.,0,5.0,False,False
ORD100989,2023-07-14,CUST0275,Nada Ibrahim,Aswan,Consumer,Clothing,Hoodie,1,635.66,0.0,635.66,307.57,328.09,Cash,Online,Khaled T.,2,,False,False
ORD105575,2025-10-24,CUST0317,Mahmoud Farouk,Alexandria,Consumer,Electronics,Power Bank,1,560.98,0.0,560.98,356.57,204.41,Card,Online,Omar F.,0,5.0,False,False
ORD104517,2025-04-09,CUST0040,Tarek Aziz,Alexandria,Consumer,Beauty,Perfume,1,1377.82,0.0,1377.82,608.7,769.12,Cash,Online,Khaled T.,1,2.0,False,False
ORD101673,2023-12-16,CUST0500,Adel Khalil,Cairo,SMB,Electronics,Smart Watch,2,3328.25,0.0,6656.5,4106.24,2550.26,Card,In-store,Sara M.,0,3.0,False,False
ORD103243,2024-10-11,CUST0232,Hassan Mahmoud,tanta,Consumer,Electronics,Smart Watch,1,3550.74,0.0,3550.74,2075.67,1475.07,Mobile Wallet,Online,Mona K.,1,3.0,False,False
ORD103125,2024-09-17,CUST0579,Omar Aziz,Tanta,Consumer,Clothing,Women's Dress,1,865.34,0.0,865.34,395.06,470.28,Mobile Wallet,In-store,Khaled T.,0,4.0,False,False
ORD101554,2023-11-25,CUST0530,Adel Ibrahim,Alexandria,SMB,Electronics,Bluetooth Speaker,2,874.81,5.0,1662.14,1126.12,536.02,Card,In-store,Sara M.,0,4.0,True,False
ORD104994,2025-07-02,CUST0194,Laila Farouk,Cairo,Consumer,Clothing,Hoodie,1,659.82,0.0,659.82,309.41,350.41,Mobile Wallet,Online,Youssef A.,3,3.0,False,False
ORD105958,2025-12-12,CUST0372,Karim Sherif,Alexandria,SMB,Home & Kitchen,Air Fryer,1,2657.24,0.0,2657.24,1650.46,1006.78,Mobile Wallet,In-store,Mona K.,0,5.0,False,False
ORD102087,2024-03-04,CUST0457,Laila Hassan,Cairo,Enterprise,Home & Kitchen,Blender,1,1182.33,0.0,1182.33,625.23,557.1,Mobile Wallet,Phone,Youssef A.,0,2.0,False,False
ORD102217,2024-03-20,CUST0595,Heba El-Sayed,Giza,SMB,Clothing,Men's T-Shirt,1,373.07,0.0,373.07,150.52,222.55,Mobile Wallet,Online,,1,4.0,False,False
ORD101342,2023-10-13,CUST0452,Adel Sherif,Cairo,SMB,Clothing,Men's T-Shirt,1,325.15,0.0,325.15,156.3,168.85,Cash,In-store,Sara M.,0,2.0,False,False
ORD101140,2023-08-27,CUST0224,Laila Sherif,Alexandria,Consumer,Groceries,Coffee 250g,1,183.79,0.0,183.79,98.82,84.97,Mobile Wallet,Online,,2,1.0,False,False
ORD101279,2023-09-29,CUST0363,Youssef Hassan,Alexandria,Consumer,Groceries,Rice 5kg,1,213.23,0.0,213.23,146.79,66.44,Mobile Wallet,Phone,Youssef A.,0,4.0,False,False
ORD104571,2025-04-18,CUST0003,Omar Sherif,Alexandria,Consumer,Clothing,Jeans,1,808.35,0.0,808.35,330.83,477.52,Mobile Wallet,Online,Omar F.,7,2.0,False,False
ORD104452,2025-03-30,CUST0092,Yasmin Sherif,Giza,Consumer,Groceries,Honey Jar,1,336.37,0.0,336.37,202.12,134.25,Card,Phone,Nourhan S.,0,5.0,False,False
ORD103425,2024-11-17,CUST0431,Tarek Hassan,giza,Enterprise,Home & Kitchen,Air Fryer,1,2965.72,0.0,2965.72,1774.31,1191.41,Cash,Phone,Nourhan S.,0,4.0,False,False
ORD105877,2025-11-30,CUST0142,Laila El-Sayed,Mansoura,Consumer,Home & Kitchen,Air Fryer,1,2680.52,5.0,2546.49,1654.91,891.58,Cash,In-store,Mona K.,0,4.0,True,False
ORD105610,2025-10-30,CUST0062,Omar Ibrahim,Aswan,Consumer,Home & Kitchen,Cookware Set,1,2364.9,0.0,2364.9,1287.09,1077.81,Card,Online,Youssef A.,1,3.0,False,False
ORD102937,2024-08-06,CUST0057,Amr Hassan,tanta,Consumer,Groceries,Rice 5kg,1,215.99,0.0,215.99,153.62,62.37,Card,Phone,Sara M.,0,5.0,False,False
ORD102391,2024-04-17,CUST0468,Laila Sherif,,Enterprise,Clothing,Jeans,2,775.89,0.0,1551.78,652.12,899.66,Cash,In-store,Khaled T.,0,2.0,False,False
ORD103291,2024-10-20,CUST0068,Mona Sherif,cairo,SMB,Electronics,Phone Case,2,238.22,0.0,476.44,176.38,300.06,Cash,Phone,Omar F.,0,5.0,False,False
ORD105276,2025-09-02,CUST0503,Ahmed Farouk,Aswan,Consumer,Groceries,Honey Jar,2,313.42,0.0,626.84,408.24,218.6,Cash,Online,Youssef A.,1,4.0,False,False
ORD102441,2024-04-27,CUST0034,Dina Mostafa,Giza,SMB,Clothing,Women's Dress,2,865.41,0.0,1730.82,812.22,918.6,Card,In-store,Nourhan S.,0,5.0,False,False
ORD104621,2025-04-27,CUST0268,Heba Khalil,,SMB,Clothing,Women's Dress,1,844.73,25.0,633.55,408.19,225.36,Card,In-store,Nourhan S.,0,5.0,True,False
ORD100237,2023-02-25,CUST0378,Laila Ibrahim,Mansoura,SMB,Clothing,Men's T-Shirt,2,340.81,0.0,681.62,303.46,378.16,Installment,In-store,Sara M.,0,5.0,False,False
ORD103849,2025-01-16,CUST0597,Adel Farouk,Mansoura,Consumer,Clothing,Men's T-Shirt,1,366.36,0.0,366.36,145.84,220.52,Card,In-store,Omar F.,0,2.0,False,False
ORD102279,2024-03-28,CUST0521,Salma Farouk,Giza,Consumer,Clothing,Hoodie,1,662.11,0.0,662.11,296.37,365.74,Cash,In-store,Khaled T.,0,4.0,False,False
ORD100395,2023-03-21,CUST0462,Mona Farouk,Tanta,Enterprise,Sports,Yoga Mat,1,465.97,0.0,465.97,210.76,255.21,Cash,In-store,Nourhan S.,0,2.0,False,False
ORD105739,2025-11-19,CUST0138,Youssef Ibrahim,Tanta,Consumer,Sports,Dumbbell Set,1,1869.75,0.0,1869.75,1139.3,730.45,Mobile Wallet,In-store,Youssef A.,0,4.0,False,False
ORD101601,2023-12-01,CUST0167,Tarek Sherif,Cairo,Consumer,Home & Kitchen,Air Fryer,1,2724.84,0.0,2724.84,1779.2,945.64,Installment,In-store,Mona K.,0,4.0,False,False
ORD100791,2023-05-21,CUST0520,Mahmoud Abdel Rahman,Giza,Consumer,Beauty,Makeup Kit,2,614.33,0.0,1228.66,479.08,749.58,Card,In-store,Nourhan S.,0,2.0,False,False
ORD105780,2025-11-23,CUST0386,Youssef Mahmoud,Alexandria,Consumer,Groceries,Rice 5kg,1,206.99,20.0,165.59,151.27,14.32,Cash,Online,,3,,True,False
ORD105703,2025-11-14,CUST0222,Yasmin Hassan,Cairo,Consumer,Sports,Yoga Mat,2,418.8,0.0,837.6,431.74,405.86,Installment,In-store,Nourhan S.,0,1.0,False,False
ORD104164,2025-02-26,CUST0298,Mahmoud Sherif,,Consumer,Home & Kitchen,Blender,2,1107.02,0.0,2214.04,1189.08,1024.96,Installment,In-store,Omar F.,0,5.0,False,False
ORD101461,2023-11-10,CUST0577,Laila El-Sayed,Alexandria,SMB,Electronics,Wireless Earbuds,2,1283.86,5.0,2439.33,1517.7,921.63,Installment,In-store,Khaled T.,0,3.0,True,False
ORD104467,2025-03-31,CUST0006,Sara Khalil,Tanta,Consumer,Beauty,Makeup Kit,1,624.85,0.0,624.85,238.0,386.85,Cash,In-store,Khaled T.,0,4.0,False,False
ORD102263,2024-03-26,CUST0123,Ahmed Khalil,Tanta,Consumer,Beauty,Perfume,1,1205.62,0.0,1205.62,616.52,589.1,Card,Online,,5,1.0,False,False
ORD103300,2024-10-21,CUST0184,Laila Mostafa,Aswan,Consumer,Groceries,Honey Jar,1,295.83,0.0,295.83,201.89,93.94,Cash,In-store,Nourhan S.,0,4.0,False,False
ORD105167,2025-08-08,CUST0312,Mona Sherif,Tanta,Consumer,Sports,Yoga Mat,2,422.58,0.0,845.16,420.78,424.38,Card,Online,Nourhan S.,2,4.0,False,False
ORD104529,2025-04-11,CUST0057,Amr Hassan,Tanta,Consumer,Home & Kitchen,Vacuum Cleaner,2,3385.73,0.0,6771.46,3710.92,3060.54,Card,Online,Mona K.,2,4.0,False,False
ORD104222,2025-03-06,CUST0309,Nourhan El-Sayed,giza,SMB,Home & Kitchen,Cookware Set,1,2344.21,0.0,2344.21,1285.07,1059.14,Cash,Online,Nourhan S.,3,2.0,False,False
ORD102171,2024-03-14,CUST0296,Karim Ibrahim,Mansoura,SMB,Clothing,Jeans,1,804.66,0.0,804.66,304.13,500.53,Card,In-store,Omar F.,0,4.0,False,False
ORD105180,2025-08-11,CUST0134,Sara Ibrahim,Giza,Consumer,Beauty,Skincare Set,1,759.82,0.0,759.82,351.69,408.13,Card,In-store,Nourhan S.,0,2.0,False,False
ORD105075,2025-07-21,CUST0022,Hassan Sherif,Giza,Consumer,Beauty,Perfume,1,1251.5,0.0,1251.5,576.34,675.16,Card,Phone,Sara M.,0,,False,False
ORD103347,2024-11-02,CUST0552,Heba Khalil,Aswan,Consumer,Sports,Dumbbell Set,2,1658.37,0.0,3316.74,2113.7,1203.04,Card,Online,,1,,False,False
ORD102862,2024-07-18,CUST0340,Amr Farouk,Aswan,Consumer,Electronics,Smart Watch,2,3433.89,0.0,6867.78,4184.3,2683.48,Installment,Online,Sara M.,2,2.0,False,False
ORD103036,2024-09-02,CUST0525,Nada Abdel Rahman,Cairo,SMB,Home & Kitchen,Vacuum Cleaner,1,3273.83,0.0,-3273.83,1911.84,-1361.99,Card,Online,,0,5.0,False,True
ORD100906,2023-06-21,CUST0425,Sara Hassan,Cairo,SMB,Home & Kitchen,Cookware Set,1,2366.46,0.0,2366.46,1295.51,1070.95,Card,Online,,1,3.0,False,False
ORD100082,2023-01-19,CUST0239,Youssef Mostafa,Giza,Consumer,Electronics,Wireless Earbuds,1,1283.16,0.0,1283.16,745.43,537.73,Cash,Online,,5,5.0,False,False
ORD103454,2024-11-22,CUST0334,Laila Mahmoud,Alexandria,SMB,Beauty,Makeup Kit,1,607.83,25.0,455.87,254.78,201.09,Mobile Wallet,Online,,2,5.0,True,False
ORD100778,2023-05-18,CUST0378,Laila Ibrahim,Mansoura,SMB,HOME & KITCHEN,Coffee Maker,1,1409.07,0.0,1409.07,808.02,601.05,Installment,In-store,Youssef A.,0,2.0,False,False
ORD104824,2025-06-02,CUST0197,Youssef Sherif,Giza,Consumer,Clothing,Hoodie,1,642.91,0.0,642.91,310.32,332.59,Cash,Phone,Nourhan S.,0,5.0,False,False
ORD106063,2025-12-31,CUST0575,Adel Ibrahim,Alexandria,SMB,Home & Kitchen,Air Fryer,1,2867.58,0.0,2867.58,1626.39,1241.19,Cash,Online,,1,5.0,False,False
ORD101809,2024-01-13,CUST0367,Dina Abdel Rahman,Cairo,Consumer,Beauty,Skincare Set,1,844.54,0.0,844.54,361.39,483.15,Installment,In-store,Khaled T.,0,4.0,False,False
ORD102957,2024-08-13,CUST0088,Mona El-Sayed,Mansoura,Consumer,Sports,Yoga Mat,1,414.99,0.0,414.99,211.2,203.79,Cash,Phone,Khaled T.,0,,False,False
ORD100108,2023-01-26,CUST0006,Sara Khalil,Tanta,Consumer,Clothing,Jeans,3,797.28,0.0,2391.84,944.4,1447.44,Cash,Online,Khaled T.,3,5.0,False,False
ORD104034,2025-02-11,CUST0084,Mona Hassan,Cairo,SMB,ELECTRONICS,Power Bank,2,609.5,5.0,1158.05,690.16,467.89,Card,Phone,Mona K.,0,4.0,True,False
ORD105799,2025-11-24,CUST0532,Adel El-Sayed,Giza,Consumer,Beauty,Skincare Set,5,849.07,25.0,3184.01,1800.15,1383.86,Cash,Online,,3,4.0,True,False
ORD102201,2024-03-19,CUST0498,Dina Ibrahim,Alexandria,Consumer,Groceries,Coffee 250g,1,173.43,5.0,164.76,99.73,65.03,Installment,Online,Omar F.,5,2.0,True,False
ORD102161,2024-03-14,CUST0337,Yasmin Ibrahim,Cairo,SMB,Beauty,Hair Dryer,5,831.11,0.0,4155.55,2288.9,1866.65,Cash,Online,Youssef A.,0,2.0,False,False
ORD101442,2023-11-06,CUST0521,Salma Farouk,Giza,Consumer,Beauty,Perfume,1,1208.3,0.0,1208.3,615.99,592.31,Mobile Wallet,Online,Youssef A.,2,4.0,False,False
ORD101199,2023-09-11,CUST0570,Nada Sherif,Cairo,SMB,Clothing,Jeans,1,791.35,0.0,791.35,325.57,465.78,Card,Online,Omar F.,5,4.0,False,False
ORD101236,2023-09-21,CUST0225,Mahmoud El-Sayed,cairo,Consumer,Groceries,Rice 5kg,1,236.03,0.0,236.03,147.2,88.83,Card,Online,,0,5.0,False,False
ORD104426,2025-03-28,CUST0147,Yasmin Farouk,Cairo,SMB,Clothing,Hoodie,1,656.15,0.0,656.15,300.42,355.73,Card,Online,Omar F.,3,4.0,False,False
ORD104852,2025-06-07,CUST0497,Khaled Khalil,Cairo,SMB,Home & Kitchen,Air Fryer,1,2951.98,0.0,2951.98,1673.61,1278.37,Cash,Online,Mona K.,2,4.0,False,False
ORD103001,2024-08-21,CUST0266,Yasmin Ibrahim,Cairo,Consumer,Groceries,Rice 5kg,5,236.13,0.0,1180.65,774.15,406.5,Card,Phone,Youssef A.,0,4.0,False,False
ORD104060,2025-02-15,CUST0387,Heba El-Sayed,Giza,Consumer,Sports,Football,1,391.14,0.0,-391.14,186.94,-204.2,Card,In-store,Nourhan S.,0,2.0,False,True
ORD100209,2023-02-17,CUST0273,Adel Khalil,Tanta,Enterprise,Clothing,Hoodie,2,633.55,0.0,1267.1,596.02,671.08,Cash,In-store,Omar F.,0,4.0,False,False
ORD103518,2024-11-27,CUST0233,Sara Sherif,Mansoura,Consumer,Electronics,Smart Watch,1,3222.26,15.0,2738.92,1998.66,740.26,Cash,Online,Khaled T.,3,5.0,True,False
ORD105927,2025-12-06,CUST0099,Mahmoud Ibrahim,Giza,Enterprise,Electronics,Wireless Earbuds,2,1279.67,0.0,2559.34,1549.6,1009.74,Card,Online,,0,5.0,False,False
ORD105417,2025-09-27,CUST0015,Yasmin Mahmoud,Giza,Consumer,Sports,Running Shoes,1,1632.6,0.0,1632.6,825.81,806.79,Mobile Wallet,In-store,,0,4.0,False,False
ORD105693,2025-11-12,CUST0431,Tarek Hassan,Giza,Enterprise,Beauty,Hair Dryer,1,944.64,0.0,944.64,430.08,514.56,Mobile Wallet,Online,,1,2.0,False,False
ORD103660,2024-12-17,CUST0255,Yasmin Aziz,Tanta,Consumer,Beauty,Makeup Kit,1,602.45,0.0,602.45,248.1,354.35,Cash,Online,,2,,False,False
ORD102434,2024-04-25,CUST0588,Nourhan Sherif,Aswan,SMB,Beauty,Hair Dryer,1,955.06,0.0,955.06,431.19,523.87,Card,Phone,Mona K.,0,1.0,False,False
ORD101355,2023-10-17,CUST0477,Nourhan Mostafa,Alexandria,Consumer,Home & Kitchen,Vacuum Cleaner,3,3429.3,0.0,10287.9,5454.96,4832.94,Card,In-store,Mona K.,0,,False,False
ORD102295,2024-03-30,CUST0151,Youssef Ibrahim,Cairo,Consumer,Sports,Yoga Mat,1,448.35,0.0,448.35,230.5,217.85,Installment,Online,Nourhan S.,3,,False,False
ORD101691,2023-12-22,CUST0499,Hassan Abdel Rahman,tanta,Consumer,Clothing,Sneakers,1,1296.97,0.0,1296.97,666.22,630.75,Cash,In-store,Nourhan S.,0,4.0,False,False
ORD101238,2023-09-21,CUST0188,Adel Sherif,Alexandria,Consumer,Beauty,Hair Dryer,1,834.79,0.0,834.79,433.61,401.18,Card,In-store,Mona K.,0,4.0,False,False
ORD105367,2025-09-18,CUST0199,Khaled Abdel Rahman,Cairo,Consumer,Clothing,Hoodie,1,685.76,0.0,685.76,296.67,389.09,Card,Phone,Nourhan S.,0,2.0,False,False
ORD102135,2024-03-10,CUST0512,Nada Aziz,Mansoura,Consumer,Groceries,Honey Jar,1,331.78,0.0,331.78,193.59,138.19,Installment,In-store,Mona K.,0,4.0,False,False
ORD100079,2023-01-18,CUST0285,Ahmed Hassan,Mansoura,Consumer,Home & Kitchen,Coffee Maker,2,1472.35,0.0,2944.7,1698.2,1246.5,Mobile Wallet,In-store,Khaled T.,0,3.0,False,False
ORD100663,2023-04-27,CUST0050,Hassan Khalil,Tanta,SMB,Beauty,Hair Dryer,2,913.67,25.0,1370.5,884.24,486.26,Cash,Online,,2,4.0,True,False
ORD102600,2024-05-26,CUST0598,Sara Hassan,cairo,SMB,Beauty,Hair Dryer,5,938.57,10.0,4223.57,2322.45,1901.12,Card,Online,Nourhan S.,2,5.0,True,False
ORD104184,2025-03-01,CUST0148,Nourhan Hassan,Alexandria,Consumer,Home & Kitchen,Vacuum Cleaner,1,3246.9,0.0,3246.9,1974.68,1272.22,Mobile Wallet,In-store,Mona K.,0,5.0,False,False
ORD104782,2025-05-25,CUST0387,Heba El-Sayed,Giza,Consumer,Home & Kitchen,Vacuum Cleaner,1,3072.47,0.0,3072.47,1853.22,1219.25,Card,Online,Sara M.,1,5.0,False,False
ORD102289,2024-03-29,CUST0470,Nada Mahmoud,Cairo,Consumer,Electronics,Smart Watch,1,3565.3,0.0,3565.3,2173.47,1391.83,Card,Online,,3,4.0,False,False
ORD104729,2025-05-16,CUST0159,Mona Sherif,Alexandria,SMB,Home & Kitchen,Blender,1,1163.21,0.0,1163.21,619.53,543.68,Cash,Phone,Sara M.,0,,False,False
ORD103690,2024-12-24,CUST0197,Youssef Sherif,Giza,Consumer,Beauty,Hair Dryer,1,923.07,0.0,923.07,467.61,455.46,Installment,In-store,Khaled T.,0,5.0,False,False
ORD100175,2023-02-10,CUST0135,Heba Farouk,Cairo,Enterprise,Groceries,Honey Jar,1,311.32,0.0,311.32,204.89,106.43,Card,In-store,Mona K.,0,4.0,False,False
ORD105260,2025-08-30,CUST0331,Adel Mostafa,Cairo,Consumer,Groceries,Coffee 250g,1,188.59,0.0,188.59,102.7,85.89,Cash,Online,,1,5.0,False,False
ORD105702,2025-11-14,CUST0401,Laila Ibrahim,Alexandria,Consumer,Electronics,Smart Watch,5,3735.39,5.0,17743.1,10881.15,6861.95,Installment,In-store,Youssef A.,0,3.0,True,False
ORD103853,2025-01-16,CUST0219,Youssef Ibrahim,Cairo,SMB,Sports,Running Shoes,2,1704.73,0.0,3409.46,1710.76,1698.7,Cash,In-store,Mona K.,0,4.0,False,False
ORD105962,2025-12-12,CUST0555,Heba Mahmoud,Cairo,SMB,Home & Kitchen,Coffee Maker,1,1419.96,0.0,1419.96,847.79,572.17,Mobile Wallet,In-store,Mona K.,0,5.0,False,False
ORD105116,2025-07-30,CUST0107,Ahmed Khalil,Cairo,SMB,Groceries,Coffee 250g,2,188.19,0.0,376.38,204.12,172.26,Cash,In-store,Omar F.,0,3.0,False,False
ORD103056,2024-09-06,CUST0506,Adel Khalil,mansoura,Consumer,Electronics,Bluetooth Speaker,1,986.8,0.0,986.8,524.7,462.1,Cash,Online,Omar F.,2,4.0,False,False
ORD100973,2023-07-08,CUST0375,Amr Khalil,Cairo,Consumer,Home & Kitchen,Vacuum Cleaner,2,2987.0,0.0,-5974.0,3948.32,-2025.68,Mobile Wallet,Online,Sara M.,5,5.0,False,True
ORD105648,2025-11-04,CUST0169,Sara Mostafa,Alexandria,Consumer,CLOTHING,Hoodie,1,615.92,0.0,615.92,307.48,308.44,Card,In-store,Mona K.,0,4.0,False,False
ORD102147,2024-03-12,CUST0371,Heba El-Sayed,Cairo,Consumer,CLOTHING,Men's T-Shirt,3,351.67,0.0,1055.01,463.59,591.42,Installment,Online,Nourhan S.,3,3.0,False,False
ORD102326,2024-04-05,CUST0500,Adel Khalil,Cairo,SMB,Groceries,Olive Oil 1L,1,263.6,0.0,263.6,173.16,90.44,Mobile Wallet,Phone,Khaled T.,0,4.0,False,False
ORD102803,2024-07-04,CUST0265,Dina Sherif,Aswan,Enterprise,Electronics,Phone Case,1,237.7,0.0,237.7,88.3,149.4,Card,In-store,Omar F.,0,4.0,False,False
ORD105327,2025-09-12,CUST0066,Tarek Mahmoud,Alexandria,Consumer,Home & Kitchen,Coffee Maker,2,1516.18,0.0,3032.36,1701.08,1331.28,Card,In-store,Youssef A.,0,4.0,False,False
ORD100844,2023-06-04,CUST0089,Khaled Ibrahim,Tanta,Consumer,Sports,Dumbbell Set,1,1670.57,0.0,1670.57,1099.26,571.31,Card,Phone,Youssef A.,0,5.0,False,False
ORD100224,2023-02-21,CUST0594,Tarek Ibrahim,Aswan,SMB,Clothing,Hoodie,1,669.04,0.0,669.04,312.98,356.06,Card,In-store,Nourhan S.,0,4.0,False,False
ORD100933,2023-06-27,CUST0391,Omar Aziz,Aswan,Consumer,Clothing,Jeans,5,728.7,0.0,3643.5,1654.85,1988.65,Card,Online,Khaled T.,1,4.0,False,False
ORD102768,2024-06-26,CUST0581,Tarek El-Sayed,Mansoura,Consumer,Sports,Yoga Mat,1,448.05,0.0,448.05,216.43,231.62,Cash,Online,,2,3.0,False,False
ORD105492,2025-10-10,CUST0167,Tarek Sherif,cairo,Consumer,Clothing,Men's T-Shirt,1,361.39,0.0,361.39,149.32,212.07,Mobile Wallet,In-store,Sara M.,0,,False,False
ORD105016,2025-07-07,CUST0359,Rania Abdel Rahman,Tanta,SMB,SPORTS,Football,2,374.09,0.0,748.18,369.56,378.62,Cash,Online,Omar F.,5,4.0,False,False
ORD101495,2023-11-20,CUST0032,Salma Sherif,Cairo,Consumer,Beauty,Hair Dryer,2,840.98,5.0,1597.86,871.16,726.7,Card,Online,Sara M.,5,4.0,True,False
ORD102517,2024-05-11,CUST0172,Amr El-Sayed,Giza,Consumer,Groceries,Olive Oil 1L,1,282.72,0.0,282.72,187.56,95.16,Card,Online,Omar F.,2,4.0,False,False
ORD100731,2023-05-10,CUST0597,Adel Farouk,Mansoura,Consumer,Groceries,Coffee 250g,1,192.56,10.0,173.3,96.65,76.65,Mobile Wallet,Online,Youssef A.,5,4.0,True,False
ORD102095,2024-03-05,CUST0072,Omar Ibrahim,Mansoura,Consumer,Electronics,Smart Watch,1,3756.5,0.0,3756.5,2064.47,1692.03,Cash,Online,Mona K.,3,5.0,False,False
ORD104395,2025-03-25,CUST0471,Sara Abdel Rahman,Cairo,Consumer,Electronics,Wireless Earbuds,1,1117.76,0.0,1117.76,741.62,376.14,Card,In-store,Khaled T.,0,4.0,False,False
ORD104477,2025-04-02,CUST0591,Nourhan Khalil,Alexandria,Consumer,Home & Kitchen,Coffee Maker,1,1494.65,0.0,1494.65,856.17,638.48,Card,Phone,Youssef A.,0,4.0,False,False
ORD103327,2024-10-28,CUST0099,Mahmoud Ibrahim,Giza,Enterprise,Sports,Yoga Mat,2,482.07,0.0,964.14,419.38,544.76,Cash,Online,Omar F.,3,4.0,False,False
ORD102679,2024-06-09,CUST0519,Ahmed Ibrahim,Giza,Consumer,Electronics,Wireless Earbuds,1,1224.56,0.0,1224.56,714.62,509.94,Installment,In-store,Youssef A.,0,5.0,False,False
ORD104377,2025-03-22,CUST0562,Amr Farouk,Cairo,Consumer,Groceries,Honey Jar,2,328.03,0.0,656.06,419.04,237.02,Cash,In-store,Youssef A.,0,5.0,False,False
ORD101028,2023-07-24,CUST0150,Karim Farouk,Alexandria,Enterprise,Sports,Yoga Mat,1,463.15,0.0,463.15,214.56,248.59,Cash,Online,,4,5.0,False,False
ORD105730,2025-11-18,CUST0124,Nada Ibrahim,Cairo,SMB,Clothing,Men's T-Shirt,1,336.45,0.0,336.45,149.47,186.98,Mobile Wallet,In-store,Mona K.,0,1.0,False,False
ORD105473,2025-10-06,CUST0172,Amr El-Sayed,Giza,Consumer,Groceries,Olive Oil 1L,1,292.77,0.0,292.77,188.68,104.09,Card,Online,,2,5.0,False,False
ORD103140,2024-09-20,CUST0126,Nourhan Khalil,Alexandria,Consumer,Electronics,Phone Case,1,239.17,0.0,239.17,90.44,148.73,Cash,Phone,Mona K.,0,4.0,False,False
ORD105254,2025-08-29,CUST0305,Hassan Mostafa,Alexandria,SMB,Home & Kitchen,Coffee Maker,1,1426.6,0.0,1426.6,823.25,603.35,Mobile Wallet,Online,,1,,False,False
ORD101858,2024-01-23,CUST0295,Salma Aziz,Cairo,SMB,Home & Kitchen,Vacuum Cleaner,1,3158.5,0.0,3158.5,1895.26,1263.24,Cash,Online,Youssef A.,3,4.0,False,False
ORD101748,2023-12-31,CUST0304,Salma Farouk,Cairo,SMB,Clothing,Hoodie,1,628.67,0.0,628.67,313.01,315.66,Card,Online,Omar F.,5,5.0,False,False
ORD102174,2024-03-15,CUST0402,Yasmin Hassan,Aswan,Consumer,Home & Kitchen,Coffee Maker,1,1418.67,0.0,1418.67,849.75,568.92,Cash,In-store,Mona K.,0,4.0,False,False
ORD101508,2023-11-22,CUST0596,Mahmoud Ibrahim,Cairo,Consumer,Home & Kitchen,Cookware Set,1,2078.19,15.0,1766.46,1276.05,490.41,Mobile Wallet,In-store,Sara M.,0,3.0,True,False
ORD104308,2025-03-15,CUST0292,Mahmoud Farouk,Giza,Consumer,Beauty,Skincare Set,1,769.86,0.0,769.86,345.44,424.42,Card,In-store,Sara M.,0,3.0,False,False
ORD100420,2023-03-25,CUST0306,Karim Aziz,Aswan,Consumer,Clothing,Men's T-Shirt,1,363.9,0.0,363.9,156.05,207.85,Card,Online,,2,2.0,False,False
ORD101958,2024-02-10,CUST0196,Khaled Abdel Rahman,Cairo,SMB,Home & Kitchen,Vacuum Cleaner,1,3159.57,0.0,3159.57,1942.51,1217.06,Cash,In-store,Omar F.,0,5.0,False,False
ORD104011,2025-02-09,CUST0035,Heba Khalil,Cairo,Consumer,Clothing,Sneakers,5,1411.61,0.0,7058.05,3662.4,3395.65,Mobile Wallet,Online,,3,5.0,False,False
ORD104864,2025-06-08,CUST0054,Yasmin Khalil,Cairo,SMB,Beauty,Hair Dryer,1,895.98,0.0,895.98,432.83,463.15,Mobile Wallet,Online,Omar F.,4,4.0,False,False
ORD100902,2023-06-20,CUST0512,Nada Aziz,Mansoura,Consumer,Clothing,Women's Dress,1,846.19,0.0,846.19,399.36,446.83,Mobile Wallet,Phone,Sara M.,0,4.0,False,False
ORD101659,2023-12-13,CUST0377,Sara Ibrahim,Aswan,SMB,Electronics,Smart Watch,5,3669.17,0.0,18345.85,10425.3,7920.55,Mobile Wallet,In-store,Youssef A.,0,5.0,False,False
ORD105765,2025-11-21,CUST0129,Youssef Aziz,cairo,Consumer,Electronics,Smart Watch,1,3468.21,20.0,2774.57,2034.85,739.72,Mobile Wallet,Online,,0,3.0,True,False
ORD101694,2023-12-23,CUST0386,Youssef Mahmoud,Alexandria,Consumer,Clothing,Hoodie,3,664.54,0.0,1993.62,885.0,1108.62,Card,In-store,Mona K.,0,4.0,False,False
ORD106053,2025-12-30,CUST0212,Ahmed Khalil,Cairo,Consumer,Clothing,Men's T-Shirt,1,333.03,0.0,333.03,154.14,178.89,Cash,Online,Nourhan S.,3,1.0,False,False
ORD102409,2024-04-20,CUST0071,Mahmoud Sherif,Giza,Consumer,Home & Kitchen,Vacuum Cleaner,3,3317.34,0.0,9952.02,5625.42,4326.6,Card,In-store,Sara M.,0,5.0,False,False
ORD101214,2023-09-16,CUST0396,Youssef Aziz,Cairo,Consumer,Electronics,Power Bank,5,594.47,0.0,2972.35,1695.35,1277.0,Installment,In-store,Nourhan S.,0,5.0,False,False
ORD100473,2023-04-02,CUST0026,Amr Hassan,Alexandria,Enterprise,Electronics,Bluetooth Speaker,2,914.79,5.0,1738.1,1121.78,616.32,Card,In-store,Mona K.,0,5.0,True,False
ORD102690,2024-06-11,CUST0351,Karim Farouk,Alexandria,SMB,Beauty,Skincare Set,2,765.01,0.0,1530.02,723.0,807.02,Installment,Online,Khaled T.,0,4.0,False,False
ORD101410,2023-10-29,CUST0542,Adel El-Sayed,Alexandria,SMB,CLOTHING,Women's Dress,1,896.98,0.0,896.98,392.07,504.91,Card,Phone,Mona K.,0,2.0,False,False
ORD105569,2025-10-23,CUST0352,Sara Sherif,Mansoura,Consumer,Sports,Dumbbell Set,2,1866.46,0.0,3732.92,2203.5,1529.42,Cash,Online,Nourhan S.,3,4.0,False,False
ORD101479,2023-11-16,CUST0297,Youssef Mahmoud,Cairo,Consumer,Electronics,Phone Case,1,260.74,0.0,260.74,89.1,171.64,Cash,Phone,Nourhan S.,0,5.0,False,False
ORD105619,2025-10-31,CUST0295,Salma Aziz,Cairo,SMB,Clothing,Sneakers,2,1414.92,0.0,2829.84,1390.0,1439.84,Mobile Wallet,Online,,7,5.0,False,False
ORD103027,2024-08-31,CUST0015,Yasmin Mahmoud,Giza,Consumer,Beauty,Makeup Kit,2,615.08,25.0,922.62,486.02,436.6,Card,In-store,Mona K.,0,4.0,True,False
ORD105950,2025-12-11,CUST0032,Salma Sherif,Cairo,Consumer,Groceries,Rice 5kg,1,214.63,0.0,214.63,143.95,70.68,Installment,In-store,Khaled T.,0,5.0,False,False
ORD101465,2023-11-11,CUST0161,Karim Khalil,Cairo,Consumer,Home & Kitchen,Cookware Set,1,2311.74,0.0,2311.74,1329.41,982.33,Mobile Wallet,Online,Khaled T.,4,1.0,False,False
ORD103250,2024-10-12,CUST0394,Karim Mostafa,Alexandria,SMB,Sports,Dumbbell Set,2,1695.54,0.0,3391.08,2164.88,1226.2,Card,In-store,Nourhan S.,0,3.0,False,False
ORD103172,2024-09-25,CUST0052,Ahmed Mahmoud,Alexandria,SMB,Beauty,Makeup Kit,2,554.05,0.0,1108.1,524.92,583.18,Card,In-store,Youssef A.,0,2.0,False,False
ORD102995,2024-08-20,CUST0100,Hassan Abdel Rahman,Mansoura,SMB,Home & Kitchen,Air Fryer,2,2689.16,5.0,5109.4,3335.28,1774.12,Installment,In-store,Khaled T.,0,3.0,True,False
ORD100390,2023-03-21,CUST0214,Rania Khalil,Alexandria,SMB,ELECTRONICS,Smart Watch,1,3274.8,0.0,3274.8,2115.99,1158.81,Card,Online,Nourhan S.,1,5.0,False,False
ORD103241,2024-10-11,CUST0374,Amr Aziz,Cairo,Consumer,Groceries,Olive Oil 1L,1,267.19,0.0,267.19,185.72,81.47,Mobile Wallet,Online,Khaled T.,4,4.0,False,False
ORD101070,2023-08-05,CUST0406,Mona Khalil,Cairo,SMB,Electronics,Bluetooth Speaker,1,987.46,0.0,-987.46,573.52,-413.94,Installment,Online,Nourhan S.,2,5.0,False,True
ORD100387,2023-03-20,CUST0461,Amr Mahmoud,Cairo,SMB,Electronics,Wireless Earbuds,1,1262.37,0.0,1262.37,776.75,485.62,Installment,In-store,Youssef A.,0,,False,False
ORD101878,2024-01-26,CUST0485,Mahmoud Farouk,Giza,Consumer,Groceries,Honey Jar,1,341.53,0.0,341.53,204.03,137.5,Card,Online,,2,2.0,False,False
ORD105800,2025-11-24,CUST0411,Rania Mostafa,Giza,Consumer,Beauty,Hair Dryer,1,864.91,15.0,735.17,437.06,298.11,Card,Online,Mona K.,4,4.0,True,False
ORD101303,2023-10-04,CUST0584,Dina Mostafa,Alexandria,SMB,Clothing,Women's Dress,2,865.81,25.0,1298.71,773.78,524.93,Card,Online,Youssef A.,1,1.0,True,False
ORD102013,2024-02-22,CUST0471,Sara Abdel Rahman,Cairo,Consumer,Home & Kitchen,Vacuum Cleaner,1,3220.96,0.0,-3220.96,1818.82,-1402.14,Installment,Phone,Nourhan S.,0,5.0,False,True
ORD105433,2025-09-30,CUST0205,Omar Mostafa,Alexandria,Consumer,Beauty,Perfume,1,1208.76,0.0,1208.76,599.31,609.45,Card,Phone,Nourhan S.,0,2.0,False,False
ORD101339,2023-10-12,CUST0331,Adel Mostafa,Cairo,Consumer,Beauty,Hair Dryer,2,933.24,0.0,1866.48,870.56,995.92,Cash,Phone,Nourhan S.,0,4.0,False,False
ORD101649,2023-12-09,CUST0483,Adel Hassan,Tanta,Consumer,Electronics,Bluetooth Speaker,1,875.13,0.0,875.13,550.08,325.05,Installment,Online,Nourhan S.,1,4.0,False,False
ORD104431,2025-03-28,CUST0487,Laila Abdel Rahman,Aswan,Consumer,Clothing,Sneakers,2,1502.68,0.0,3005.36,1341.76,1663.6,Card,Online,,3,4.0,False,False
ORD103055,2024-09-06,CUST0456,Laila Mahmoud,Alexandria,Consumer,Sports,Running Shoes,1,1644.79,0.0,1644.79,827.57,817.22,Mobile Wallet,Online,,3,5.0,False,False
ORD103520,2024-11-28,CUST0580,Mahmoud Mostafa,Giza,SMB,Sports,Yoga Mat,1,475.28,15.0,403.99,221.9,182.09,Cash,Online,Omar F.,1,3.0,True,False
ORD104833,2025-06-03,CUST0238,Youssef Ibrahim,Giza,Consumer,Sports,Yoga Mat,2,479.62,0.0,959.24,445.94,513.3,Card,Online,,5,4.0,False,False
ORD105212,2025-08-20,CUST0437,Mona Mostafa,Cairo,SMB,Clothing,Men's T-Shirt,1,359.18,0.0,359.18,151.31,207.87,Card,Online,,5,5.0,False,False
ORD102958,2024-08-13,CUST0020,Salma Mostafa,Giza,Consumer,Clothing,Hoodie,1,675.42,0.0,675.42,297.06,378.36,Card,Online,Khaled T.,2,3.0,False,False
ORD104146,2025-02-24,CUST0317,Mahmoud Farouk,Alexandria,Consumer,Clothing,Sneakers,2,1370.72,15.0,2330.22,1443.38,886.84,Mobile Wallet,In-store,Mona K.,0,5.0,True,False
ORD103693,2024-12-24,CUST0537,Nourhan Hassan,,Consumer,Clothing,Jeans,2,795.45,0.0,1590.9,609.24,981.66,Card,Online,Sara M.,5,4.0,False,False
ORD100822,2023-05-29,CUST0556,Rania El-Sayed,Tanta,Consumer,Clothing,Women's Dress,1,864.69,0.0,864.69,392.2,472.49,Cash,Online,,3,4.0,False,False
ORD103923,2025-01-29,CUST0088,Mona El-Sayed,Mansoura,Consumer,Electronics,Phone Case,1,232.18,0.0,232.18,89.85,142.33,Cash,Online,Omar F.,3,4.0,False,False
ORD105112,2025-07-29,CUST0239,Youssef Mostafa,Giza,Consumer,Electronics,Power Bank,2,624.54,0.0,1249.08,712.86,536.22,Mobile Wallet,Online,,1,5.0,False,False
ORD105892,2025-12-01,CUST0185,Rania El-Sayed,Alexandria,Consumer,Beauty,Hair Dryer,1,905.48,0.0,905.48,448.2,457.28,Cash,In-store,Mona K.,0,1.0,False,False
ORD103549,2024-11-29,CUST0304,Salma Farouk,Cairo,SMB,Electronics,Wireless Earbuds,2,1258.2,20.0,2013.12,1499.38,513.74,Card,In-store,Omar F.,0,3.0,True,False
ORD101804,2024-01-12,CUST0333,Laila El-Sayed,Alexandria,Consumer,Clothing,Men's T-Shirt,1,341.22,0.0,341.22,150.22,191.0,Mobile Wallet,In-store,Omar F.,0,4.0,False,False
ORD103363,2024-11-06,CUST0399,Amr Abdel Rahman,Mansoura,Consumer,Home & Kitchen,Air Fryer,1,2808.35,20.0,2246.68,1741.2,505.48,Card,Online,,3,4.0,True,False
ORD102497,2024-05-08,CUST0216,Mona Ibrahim,Giza,SMB,Home & Kitchen,Blender,1,1047.49,0.0,1047.49,577.65,469.84,Card,In-store,Sara M.,0,4.0,False,False
ORD104409,2025-03-26,CUST0051,Yasmin El-Sayed,Cairo,Enterprise,Electronics,Bluetooth Speaker,5,947.11,0.0,4735.55,2747.25,1988.3,Mobile Wallet,Online,Khaled T.,0,2.0,False,False
ORD101445,2023-11-07,CUST0236,Sara Sherif,Cairo,SMB,Home & Kitchen,Cookware Set,1,2253.48,0.0,2253.48,1238.39,1015.09,Cash,Online,Youssef A.,0,5.0,False,False
ORD102022,2024-02-24,CUST0225,Mahmoud El-Sayed,Cairo,Consumer,Electronics,Power Bank,1,631.22,0.0,631.22,361.93,269.29,Card,In-store,Youssef A.,0,4.0,False,False
ORD104954,2025-06-25,CUST0355,Khaled El-Sayed,Cairo,SMB,Electronics,Wireless Earbuds,1,1133.69,0.0,1133.69,738.31,395.38,Mobile Wallet,Online,Sara M.,1,3.0,False,False
ORD104302,2025-03-14,CUST0508,Amr Aziz,Giza,SMB,Electronics,Power Bank,1,574.8,0.0,574.8,352.78,222.02,Card,In-store,Youssef A.,0,2.0,False,False
ORD102479,2024-05-04,CUST0351,Karim Farouk,Alexandria,SMB,Clothing,Hoodie,1,598.9,0.0,598.9,300.51,298.39,Card,Online,Khaled T.,0,4.0,False,False
ORD101111,2023-08-21,CUST0097,Khaled Mostafa,Mansoura,SMB,Clothing,Hoodie,5,677.37,0.0,3386.85,1511.05,1875.8,Card,Online,,3,5.0,False,False
ORD103322,2024-10-27,CUST0410,Nourhan Abdel Rahman,Aswan,Enterprise,Beauty,Skincare Set,1,739.36,0.0,739.36,336.2,403.16,Card,Online,Omar F.,2,4.0,False,False
ORD101341,2023-10-13,CUST0216,Mona Ibrahim,Giza,SMB,Home & Kitchen,Coffee Maker,1,1423.41,0.0,1423.41,834.79,588.62,Card,Online,Sara M.,0,2.0,False,False
ORD100793,2023-05-21,CUST0223,Ahmed Ibrahim,Cairo,Consumer,Groceries,Honey Jar,1,332.62,0.0,332.62,198.08,134.54,Mobile Wallet,Phone,Youssef A.,0,4.0,False,False
ORD103694,2024-12-24,CUST0453,Sara Aziz,Giza,Consumer,Beauty,Hair Dryer,5,953.07,0.0,4765.35,2343.0,2422.35,Mobile Wallet,Online,,3,4.0,False,False
ORD102976,2024-08-16,CUST0285,Ahmed Hassan,Mansoura,Consumer,Beauty,Skincare Set,1,862.03,0.0,862.03,355.6,506.43,Mobile Wallet,In-store,Nourhan S.,0,2.0,False,False
ORD104021,2025-02-10,CUST0579,Omar Aziz,Tanta,Consumer,Electronics,Power Bank,2,631.4,0.0,1262.8,723.54,539.26,Cash,In-store,Khaled T.,0,5.0,False,False
ORD100884,2023-06-14,CUST0435,Dina El-Sayed,Cairo,Consumer,Electronics,Phone Case,1,269.4,0.0,269.4,86.37,183.03,Mobile Wallet,Online,Sara M.,2,4.0,False,False
ORD101723,2023-12-27,CUST0395,Sara Sherif,Aswan,Consumer,Clothing,Men's T-Shirt,1,340.87,0.0,340.87,154.07,186.8,Card,Online,,3,5.0,False,False
ORD103893,2025-01-24,CUST0327,Dina Hassan,alexandria,SMB,Electronics,Smart Watch,1,3275.82,5.0,3112.03,2032.14,1079.89,Cash,Phone,Youssef A.,0,3.0,True,False
ORD103502,2024-11-26,CUST0488,Nourhan Khalil,Alexandria,Enterprise,Home & Kitchen,Air Fryer,5,2648.99,15.0,11258.21,8365.8,2892.41,Card,In-store,Nourhan S.,0,1.0,True,False
ORD103295,2024-10-20,CUST0006,Sara Khalil,Tanta,Consumer,Home & Kitchen,Coffee Maker,2,1430.75,0.0,2861.5,1657.92,1203.58,Mobile Wallet,In-store,Mona K.,0,3.0,False,False
ORD102985,2024-08-18,CUST0589,Yasmin Mahmoud,cairo,Consumer,Electronics,Wireless Earbuds,1,1210.5,5.0,1149.97,783.74,366.23,Cash,Online,Omar F.,4,5.0,True,False
ORD102618,2024-05-30,CUST0356,Nourhan Farouk,Cairo,Consumer,Sports,Dumbbell Set,1,1863.88,0.0,1863.88,1149.48,714.4,Mobile Wallet,In-store,Khaled T.,0,4.0,False,False
ORD102261,2024-03-26,CUST0223,Ahmed Ibrahim,Cairo,Consumer,Sports,Dumbbell Set,1,1931.54,0.0,1931.54,1148.77,782.77,Card,Online,,2,5.0,False,False
ORD100259,2023-03-02,CUST0389,Adel Aziz,Giza,Enterprise,Clothing,Sneakers,2,1444.7,25.0,2167.05,1372.98,794.07,Card,In-store,Mona K.,0,4.0,True,False
ORD104022,2025-02-10,CUST0466,Nourhan Hassan,Alexandria,Consumer,Clothing,Sneakers,1,1394.67,0.0,1394.67,710.68,683.99,Card,Online,,7,3.0,False,False
ORD102763,2024-06-25,CUST0164,Rania Mahmoud,Cairo,Consumer,Sports,Running Shoes,1,1516.36,0.0,1516.36,880.35,636.01,Card,Online,Khaled T.,0,4.0,False,False
ORD101974,2024-02-13,CUST0141,Nourhan Hassan,Giza,Consumer,Groceries,Honey Jar,1,315.49,0.0,315.49,207.99,107.5,Card,Online,Khaled T.,3,2.0,False,False
ORD104972,2025-06-28,CUST0057,Amr Hassan,Tanta,Consumer,Sports,Yoga Mat,1,425.21,0.0,425.21,214.36,210.85,Cash,Online,,2,3.0,False,False
ORD102527,2024-05-14,CUST0394,Karim Mostafa,Alexandria,SMB,Clothing,Hoodie,1,644.97,0.0,644.97,303.04,341.93,Mobile Wallet,Online,Mona K.,1,2.0,False,False
ORD102711,2024-06-15,CUST0444,Heba Farouk,Aswan,Consumer,Groceries,Honey Jar,2,297.94,0.0,595.88,396.52,199.36,Installment,Online,,5,5.0,False,False
ORD104917,2025-06-19,CUST0224,Laila Sherif,Alexandria,Consumer,Beauty,Hair Dryer,1,878.95,0.0,878.95,440.92,438.03,Installment,Online,,5,5.0,False,False
ORD102294,2024-03-30,CUST0370,Yasmin Sherif,Alexandria,SMB,Home & Kitchen,Vacuum Cleaner,1,3419.63,0.0,3419.63,1859.39,1560.24,Cash,In-store,Youssef A.,0,3.0,False,False
ORD102027,2024-02-25,CUST0046,Youssef Hassan,Tanta,SMB,Sports,Football,1,391.75,0.0,391.75,178.99,212.76,Cash,In-store,Omar F.,0,2.0,False,False
ORD105320,2025-09-10,CUST0136,Rania Mostafa,Tanta,Consumer,Sports,Dumbbell Set,1,1756.81,0.0,1756.81,1139.91,616.9,Cash,Online,Nourhan S.,1,5.0,False,False
ORD102416,2024-04-21,CUST0188,Adel Sherif,Alexandria,Consumer,Electronics,Bluetooth Speaker,2,968.8,0.0,1937.6,1150.34,787.26,Card,Online,,2,4.0,False,False
ORD102981,2024-08-17,CUST0407,Tarek Abdel Rahman,Aswan,Consumer,Clothing,Women's Dress,2,907.74,0.0,1815.48,838.38,977.1,Card,Online,Nourhan S.,3,4.0,False,False
ORD105165,2025-08-08,CUST0022,Hassan Sherif,Giza,Consumer,Clothing,Jeans,1,760.47,0.0,760.47,323.04,437.43,Mobile Wallet,In-store,Youssef A.,0,,False,False
ORD102598,2024-05-25,CUST0062,Omar Ibrahim,Aswan,Consumer,Clothing,Men's T-Shirt,1,330.04,0.0,330.04,150.28,179.76,Cash,In-store,Youssef A.,0,4.0,False,False
ORD104739,2025-05-18,CUST0124,Nada Ibrahim,Cairo,SMB,Groceries,Olive Oil 1L,1,302.14,0.0,302.14,187.19,114.95,Mobile Wallet,Phone,Youssef A.,0,4.0,False,False
ORD105495,2025-10-10,CUST0029,Laila Mostafa,Giza,SMB,Home & Kitchen,Cookware Set,2,2270.84,0.0,4541.68,2476.5,2065.18,Mobile Wallet,In-store,Omar F.,0,1.0,False,False
ORD103640,2024-12-13,CUST0487,Laila Abdel Rahman,Aswan,Consumer,Groceries,Honey Jar,1,295.27,0.0,295.27,204.06,91.21,Mobile Wallet,Online,,2,5.0,False,False
ORD103932,2025-01-31,CUST0232,Hassan Mahmoud,Tanta,Consumer,Clothing,Men's T-Shirt,1,353.43,0.0,353.43,150.14,203.29,Card,Online,Youssef A.,3,5.0,False,False
ORD103652,2024-12-15,CUST0516,Karim Hassan,Cairo,Consumer,Electronics,Bluetooth Speaker,1,924.57,0.0,924.57,534.17,390.4,Card,In-store,Mona K.,0,,False,False
ORD104747,2025-05-20,CUST0346,Salma Hassan,Aswan,SMB,Sports,Football,1,361.86,0.0,361.86,179.2,182.66,Installment,In-store,Sara M.,0,3.0,False,False
ORD103545,2024-11-29,CUST0008,Mona Khalil,Cairo,SMB,Beauty,Makeup Kit,1,571.43,10.0,514.29,259.71,254.58,Cash,Phone,Sara M.,0,5.0,True,False
ORD102557,2024-05-19,CUST0560,Sara El-Sayed,Cairo,SMB,Sports,Running Shoes,1,1594.12,0.0,1594.12,892.38,701.74,Installment,Online,,3,5.0,False,False
ORD105464,2025-10-05,CUST0427,Nada Ibrahim,Cairo,Consumer,Clothing,Hoodie,1,638.9,0.0,638.9,295.07,343.83,Card,Online,Khaled T.,2,4.0,False,False
ORD105825,2025-11-27,CUST0502,Mahmoud Mahmoud,Giza,Consumer,Electronics,Wireless Earbuds,2,1112.47,5.0,2113.69,1482.24,631.45,Card,In-store,Omar F.,0,,True,False
ORD100886,2023-06-14,CUST0363,Youssef Hassan,Alexandria,Consumer,Clothing,Hoodie,1,633.98,0.0,633.98,305.17,328.81,Cash,Online,,4,3.0,False,False
ORD101587,2023-11-29,CUST0431,Tarek Hassan,Giza,Enterprise,Groceries,Honey Jar,2,331.35,5.0,629.57,394.36,235.21,Card,In-store,Omar F.,0,,True,False
ORD105809,2025-11-25,CUST0295,Salma Aziz,Cairo,SMB,Beauty,Perfume,2,1392.62,15.0,2367.45,1159.68,1207.77,Cash,Online,,1,4.0,True,False
ORD102626,2024-05-31,CUST0232,Hassan Mahmoud,Tanta,Consumer,Electronics,Phone Case,2,233.81,0.0,467.62,174.72,292.9,Card,Online,,1,5.0,False,False
ORD101541,2023-11-24,CUST0402,Yasmin Hassan,Aswan,Consumer,Clothing,Women's Dress,1,969.54,15.0,824.11,413.4,410.71,Mobile Wallet,Online,,1,4.0,True,False
ORD102476,2024-05-04,CUST0588,Nourhan Sherif,Aswan,SMB,Home & Kitchen,Vacuum Cleaner,1,3373.42,0.0,3373.42,1826.96,1546.46,Card,Online,Mona K.,1,3.0,False,False
ORD102682,2024-06-10,CUST0343,Omar Abdel Rahman,Giza,Consumer,Home & Kitchen,Vacuum Cleaner,2,3298.63,0.0,6597.26,3773.92,2823.34,Installment,Online,,2,4.0,False,False
ORD105920,2025-12-05,CUST0393,Yasmin Aziz,Cairo,Consumer,Home & Kitchen,Blender,1,1174.28,0.0,1174.28,575.29,598.99,Card,In-store,Nourhan S.,0,2.0,False,False
ORD101183,2023-09-08,CUST0396,Youssef Aziz,Cairo,Consumer,Beauty,Makeup Kit,2,595.8,0.0,1191.6,476.44,715.16,Cash,Online,,2,3.0,False,False
ORD100751,2023-05-14,CUST0197,Youssef Sherif,Giza,Consumer,Electronics,Smart Watch,2,3247.88,0.0,6495.76,4137.08,2358.68,Card,Online,Youssef A.,2,2.0,False,False
ORD102093,2024-03-05,CUST0134,Sara Ibrahim,Giza,Consumer,Groceries,Honey Jar,1,310.67,15.0,264.07,206.58,57.49,Mobile Wallet,Online,,2,4.0,True,False
ORD105182,2025-08-12,CUST0359,Rania Abdel Rahman,Tanta,SMB,Beauty,Makeup Kit,3,638.33,0.0,1914.99,737.4,1177.59,Mobile Wallet,Online,Nourhan S.,3,5.0,False,False
ORD105391,2025-09-22,CUST0287,Karim Aziz,Cairo,SMB,Sports,Football,1,410.02,0.0,410.02,172.43,237.59,Card,Online,Nourhan S.,2,4.0,False,False
ORD101233,2023-09-20,CUST0519,Ahmed Ibrahim,Giza,Consumer,Sports,Running Shoes,1,1675.28,0.0,1675.28,809.85,865.43,Card,Online,,2,1.0,False,False
ORD101698,2023-12-24,CUST0216,Mona Ibrahim,Giza,SMB,Clothing,Sneakers,5,1338.0,0.0,6690.0,3348.25,3341.75,Cash,Online,Youssef A.,3,3.0,False,False
ORD100502,2023-04-07,CUST0364,Salma Sherif,Giza,Consumer,Electronics,Power Bank,1,625.71,0.0,625.71,333.92,291.79,Card,Online,Mona K.,1,5.0,False,False
ORD100648,2023-04-25,CUST0082,Karim Ibrahim,Cairo,SMB,Beauty,Skincare Set,1,863.6,0.0,863.6,341.87,521.73,Card,In-store,Sara M.,0,,False,False
ORD103647,2024-12-14,CUST0298,Mahmoud Sherif,Giza,Consumer,Clothing,Men's T-Shirt,1,334.67,0.0,334.67,153.73,180.94,Mobile Wallet,In-store,Sara M.,0,5.0,False,False
ORD105292,2025-09-05,CUST0495,Rania Mostafa,Giza,Consumer,Electronics,Bluetooth Speaker,1,1012.1,0.0,1012.1,531.57,480.53,Card,In-store,Khaled T.,0,2.0,False,False
ORD102250,2024-03-23,CUST0393,Yasmin Aziz,Cairo,Consumer,Beauty,Hair Dryer,2,922.96,0.0,1845.92,887.86,958.06,Installment,In-store,Sara M.,0,4.0,False,False
ORD103413,2024-11-14,CUST0202,Heba Mostafa,Alexandria,Consumer,Groceries,Rice 5kg,1,216.57,0.0,216.57,156.82,59.75,Card,Online,,7,5.0,False,False
ORD105349,2025-09-15,CUST0216,Mona Ibrahim,Giza,SMB,Electronics,Smart Watch,1,3498.02,0.0,3498.02,2061.76,1436.26,Installment,Online,Youssef A.,5,5.0,False,False
ORD103927,2025-01-30,CUST0078,Ahmed Hassan,Alexandria,Consumer,Groceries,Olive Oil 1L,1,292.29,0.0,292.29,183.4,108.89,Card,In-store,Youssef A.,0,4.0,False,False
ORD104462,2025-03-31,CUST0005,Mahmoud Khalil,Alexandria,Consumer,Clothing,Jeans,2,786.79,15.0,1337.54,656.08,681.46,Cash,In-store,Khaled T.,0,2.0,True,False
ORD100252,2023-03-01,CUST0447,Youssef Ibrahim,Cairo,SMB,Home & Kitchen,Air Fryer,1,2775.88,0.0,2775.88,1709.18,1066.7,Cash,Online,,1,3.0,False,False
ORD103736,2024-12-30,CUST0586,Mona Ibrahim,Alexandria,Consumer,Sports,Yoga Mat,1,472.87,0.0,472.87,212.14,260.73,Mobile Wallet,Phone,Khaled T.,0,3.0,False,False
ORD104213,2025-03-05,CUST0438,Ahmed Farouk,Mansoura,Consumer,Beauty,Skincare Set,1,841.18,0.0,841.18,359.02,482.16,Mobile Wallet,Phone,Sara M.,0,,False,False
ORD100837,2023-06-02,CUST0225,Mahmoud El-Sayed,Cairo,Consumer,Clothing,Jeans,1,727.34,0.0,727.34,331.2,396.14,Card,In-store,Youssef A.,0,4.0,False,False
ORD106054,2025-12-30,CUST0020,Salma Mostafa,Giza,Consumer,Home & Kitchen,Blender,1,1112.66,0.0,1112.66,594.72,517.94,Cash,Online,Khaled T.,7,5.0,False,False
ORD104958,2025-06-26,CUST0216,Mona Ibrahim,Giza,SMB,Groceries,Rice 5kg,1,224.18,0.0,224.18,144.59,79.59,Cash,Online,Nourhan S.,4,4.0,False,False
ORD101525,2023-11-23,CUST0103,Adel Sherif,Giza,Consumer,Electronics,Power Bank,2,593.76,15.0,1009.39,710.68,298.71,Card,Online,Mona K.,1,4.0,True,False
ORD100012,2023-01-03,CUST0019,Hassan Mahmoud,Mansoura,Enterprise,Clothing,Sneakers,2,1424.17,0.0,2848.34,1373.32,1475.02,Installment,In-store,Mona K.,0,4.0,False,False
ORD101157,2023-09-02,CUST0546,Youssef Khalil,Alexandria,Consumer,Clothing,Men's T-Shirt,1,347.43,0.0,347.43,150.39,197.04,Installment,Phone,Mona K.,0,1.0,False,False
ORD102740,2024-06-21,CUST0034,Dina Mostafa,Giza,SMB,Electronics,Wireless Earbuds,1,1266.99,0.0,1266.99,758.15,508.84,Cash,In-store,Nourhan S.,0,2.0,False,False
ORD104697,2025-05-11,CUST0451,Khaled Farouk,Cairo,Consumer,Sports,Yoga Mat,1,450.94,0.0,450.94,223.24,227.7,Cash,Phone,Mona K.,0,5.0,False,False
ORD105605,2025-10-28,CUST0459,Amr Ibrahim,Tanta,Consumer,Home & Kitchen,Cookware Set,2,2304.06,0.0,4608.12,2633.76,1974.36,Mobile Wallet,Online,,3,1.0,False,False
ORD100988,2023-07-14,CUST0434,Dina Farouk,Alexandria,Consumer,Groceries,Coffee 250g,1,179.97,0.0,179.97,101.54,78.43,Installment,Online,,1,4.0,False,False
ORD100102,2023-01-23,CUST0276,Omar Aziz,Mansoura,Consumer,Electronics,Smart Watch,1,3465.54,0.0,3465.54,2106.28,1359.26,Card,Online,,1,5.0,False,False
ORD105658,2025-11-05,CUST0428,Yasmin Ibrahim,Alexandria,Consumer,Sports,Dumbbell Set,1,1753.07,0.0,1753.07,1114.15,638.92,Cash,Online,Mona K.,4,4.0,False,False
ORD103496,2024-11-25,CUST0485,Mahmoud Farouk,Giza,Consumer,Home & Kitchen,Air Fryer,2,2996.8,5.0,5693.92,3502.76,2191.16,Card,Online,Omar F.,1,1.0,True,False
ORD103077,2024-09-09,CUST0149,Hassan Farouk,Alexandria,Consumer,Electronics,Bluetooth Speaker,3,965.5,0.0,2896.5,1672.2,1224.3,Mobile Wallet,Online,,0,4.0,False,False
ORD102443,2024-04-27,CUST0570,Nada Sherif,Cairo,SMB,Electronics,Phone Case,1,250.7,0.0,250.7,91.96,158.74,Cash,Online,,2,5.0,False,False
ORD101571,2023-11-27,CUST0093,Nourhan Mahmoud,Giza,Consumer,Beauty,Hair Dryer,2,929.97,25.0,1394.96,876.7,518.26,Mobile Wallet,Online,Sara M.,1,5.0,True,False
ORD102421,2024-04-22,CUST0494,Mahmoud Mostafa,Alexandria,Consumer,Clothing,Hoodie,2,613.98,0.0,1227.96,580.94,647.02,Mobile Wallet,In-store,Mona K.,0,4.0,False,False
ORD100758,2023-05-15,CUST0293,Sara Hassan,Cairo,SMB,Electronics,Bluetooth Speaker,3,971.15,25.0,2185.09,1702.92,482.17,Cash,Online,Mona K.,0,,True,False
ORD100453,2023-03-30,CUST0181,Omar Mostafa,Mansoura,Consumer,Home & Kitchen,Air Fryer,1,2791.46,0.0,2791.46,1678.97,1112.49,Card,In-store,Sara M.,0,5.0,False,False
ORD104502,2025-04-05,CUST0293,Sara Hassan,Cairo,SMB,Clothing,Jeans,1,781.02,10.0,702.92,325.07,377.85,Card,Online,Mona K.,2,2.0,True,False
ORD102819,2024-07-08,CUST0139,Ahmed Hassan,Tanta,Consumer,Sports,Running Shoes,1,1570.91,0.0,1570.91,870.91,700.0,Mobile Wallet,Online,Youssef A.,3,5.0,False,False
ORD100942,2023-06-29,CUST0366,Khaled El-Sayed,Alexandria,Consumer,Beauty,Perfume,2,1199.66,0.0,2399.32,1172.16,1227.16,Mobile Wallet,Phone,Nourhan S.,0,4.0,False,False
ORD100357,2023-03-16,CUST0421,Nourhan Hassan,Mansoura,SMB,Groceries,Olive Oil 1L,1,281.6,20.0,225.28,186.38,38.9,Cash,Online,Youssef A.,3,4.0,True,False
ORD102738,2024-06-21,CUST0588,Nourhan Sherif,Aswan,SMB,Home & Kitchen,Blender,1,1088.58,0.0,1088.58,590.25,498.33,Mobile Wallet,In-store,Omar F.,0,5.0,False,False
ORD103319,2024-10-26,CUST0193,Rania Aziz,Aswan,Consumer,Home & Kitchen,Blender,1,1052.09,0.0,1052.09,620.91,431.18,Card,Online,Sara M.,0,2.0,False,False
ORD105094,2025-07-25,CUST0530,Adel Ibrahim,Alexandria,SMB,Home & Kitchen,Blender,1,1080.86,0.0,1080.86,614.17,466.69,Card,In-store,Nourhan S.,0,,False,False
ORD104355,2025-03-20,CUST0037,Laila Farouk,aswan,Consumer,SPORTS,Dumbbell Set,2,1731.54,0.0,3463.08,2305.26,1157.82,Card,Online,Omar F.,3,4.0,False,False
ORD102142,2024-03-11,CUST0386,Youssef Mahmoud,Alexandria,Consumer,Electronics,Phone Case,3,249.64,0.0,748.92,256.74,492.18,Card,Online,Mona K.,4,5.0,False,False
ORD101110,2023-08-20,CUST0358,Amr Aziz,Cairo,Consumer,Sports,Dumbbell Set,1,1765.08,0.0,1765.08,1114.67,650.41,Card,Online,Sara M.,0,5.0,False,False
ORD102767,2024-06-26,CUST0258,Rania Aziz,Tanta,SMB,Electronics,Wireless Earbuds,1,1113.18,0.0,1113.18,785.56,327.62,Cash,Phone,Sara M.,0,4.0,False,False
ORD105580,2025-10-25,CUST0240,Salma Ibrahim,Mansoura,SMB,Electronics,Power Bank,1,646.67,0.0,646.67,335.63,311.04,Card,In-store,Omar F.,0,5.0,False,False
ORD105514,2025-10-13,CUST0058,Ahmed Farouk,Tanta,Enterprise,Clothing,Sneakers,1,1462.64,0.0,1462.64,684.98,777.66,Cash,Online,Omar F.,4,5.0,False,False
ORD101644,2023-12-08,CUST0188,Adel Sherif,Alexandria,Consumer,Groceries,Coffee 250g,1,171.21,0.0,171.21,102.35,68.86,Cash,In-store,Youssef A.,0,5.0,False,False
ORD100369,2023-03-18,CUST0126,Nourhan Khalil,Alexandria,Consumer,Sports,Running Shoes,1,1658.76,0.0,1658.76,809.23,849.53,Cash,In-store,Sara M.,0,1.0,False,False
ORD103164,2024-09-25,CUST0126,Nourhan Khalil,Alexandria,Consumer,Beauty,Hair Dryer,1,874.34,0.0,874.34,448.14,426.2,Card,In-store,Mona K.,0,5.0,False,False
ORD100071,2023-01-17,CUST0248,Karim Mostafa,Mansoura,Consumer,Clothing,Jeans,1,719.04,0.0,719.04,326.85,392.19,Card,In-store,Nourhan S.,0,5.0,False,False
ORD101536,2023-11-24,CUST0518,Nourhan Farouk,Cairo,SMB,Electronics,Phone Case,1,238.72,10.0,214.85,92.45,122.4,Cash,Online,Sara M.,2,4.0,True,False
ORD102998,2024-08-21,CUST0588,Nourhan Sherif,Aswan,SMB,Groceries,Olive Oil 1L,1,301.82,0.0,301.82,179.83,121.99,Mobile Wallet,Online,Mona K.,3,5.0,False,False
ORD105568,2025-10-23,CUST0377,Sara Ibrahim,Aswan,SMB,Sports,Running Shoes,2,1691.68,0.0,3383.36,1699.74,1683.62,Installment,Online,Mona K.,3,4.0,False,False
ORD102491,2024-05-07,CUST0347,Mona Mostafa,Alexandria,Enterprise,Groceries,Coffee 250g,5,166.43,0.0,832.15,490.7,341.45,Cash,In-store,Sara M.,0,5.0,False,False
ORD103210,2024-10-04,CUST0337,Yasmin Ibrahim,Cairo,SMB,Groceries,Rice 5kg,1,210.21,0.0,210.21,150.47,59.74,Mobile Wallet,Phone,Mona K.,0,4.0,False,False
ORD101716,2023-12-26,CUST0597,Adel Farouk,Mansoura,Consumer,Groceries,Honey Jar,1,330.68,0.0,330.68,198.32,132.36,Installment,In-store,Omar F.,0,4.0,False,False
ORD100223,2023-02-20,CUST0310,Adel Farouk,Cairo,Consumer,Electronics,Power Bank,3,557.4,0.0,1672.2,1048.5,623.7,Cash,In-store,Youssef A.,0,5.0,False,False
ORD103562,2024-11-30,CUST0263,Mahmoud El-Sayed,Tanta,SMB,Clothing,Women's Dress,1,866.59,20.0,693.27,391.78,301.49,Mobile Wallet,In-store,Mona K.,0,5.0,True,False
ORD101112,2023-08-21,CUST0453,Sara Aziz,Giza,Consumer,Groceries,Honey Jar,1,336.9,0.0,336.9,204.08,132.82,Card,Online,Omar F.,4,5.0,False,False
ORD106016,2025-12-24,CUST0249,Yasmin Aziz,Alexandria,Consumer,Electronics,Phone Case,1,232.05,0.0,232.05,85.52,146.53,Cash,In-store,Youssef A.,0,2.0,False,False
ORD102039,2024-02-29,CUST0481,Khaled Mostafa,Alexandria,Consumer,Sports,Dumbbell Set,1,1827.87,0.0,1827.87,1051.18,776.69,Mobile Wallet,Online,,1,3.0,False,False
ORD104496,2025-04-05,CUST0267,Nourhan Mahmoud,cairo,Consumer,Groceries,Rice 5kg,1,204.69,0.0,204.69,150.62,54.07,Card,Online,Sara M.,4,4.0,False,False
ORD105525,2025-10-16,CUST0215,Rania Mahmoud,Tanta,Consumer,Clothing,Sneakers,1,1338.25,25.0,1003.69,709.75,293.94,Card,In-store,Sara M.,0,4.0,True,False
ORD100585,2023-04-16,CUST0031,Dina Mostafa,aswan,Consumer,Groceries,Coffee 250g,1,171.81,0.0,171.81,97.0,74.81,Mobile Wallet,In-store,Nourhan S.,0,,False,False
ORD101277,2023-09-29,CUST0290,Yasmin Farouk,Giza,Consumer,Clothing,Hoodie,1,615.34,0.0,615.34,298.37,316.97,Cash,Online,,2,,False,False
ORD101885,2024-01-27,CUST0494,Mahmoud Mostafa,Alexandria,Consumer,Electronics,Phone Case,1,242.33,0.0,242.33,89.88,152.45,Installment,Online,,1,4.0,False,False
ORD102164,2024-03-14,CUST0160,Mona Sherif,Alexandria,Consumer,Electronics,Phone Case,5,250.71,0.0,1253.55,446.65,806.9,Mobile Wallet,Online,Nourhan S.,2,5.0,False,False
ORD102709,2024-06-14,CUST0288,Ahmed Abdel Rahman,Cairo,SMB,Beauty,Makeup Kit,1,564.64,0.0,564.64,244.69,319.95,Card,Online,,1,3.0,False,False
ORD101380,2023-10-24,CUST0594,Tarek Ibrahim,Aswan,SMB,Home & Kitchen,Blender,2,1109.11,0.0,2218.22,1189.64,1028.58,Mobile Wallet,Online,,0,3.0,False,False
ORD104127,2025-02-22,CUST0331,Adel Mostafa,Cairo,Consumer,Sports,Dumbbell Set,1,1927.56,0.0,1927.56,1129.11,798.45,Mobile Wallet,In-store,Mona K.,0,3.0,False,False
ORD101509,2023-11-22,CUST0008,Mona Khalil,Cairo,SMB,Home & Kitchen,Blender,2,1172.99,20.0,1876.78,1199.44,677.34,Mobile Wallet,In-store,Nourhan S.,0,4.0,True,False
ORD105833,2025-11-27,CUST0127,Nada Hassan,Alexandria,Consumer,Home & Kitchen,Cookware Set,1,2044.14,5.0,1941.93,1318.85,623.08,Card,Online,,2,4.0,True,False
ORD102969,2024-08-15,CUST0532,Adel El-Sayed,Giza,Consumer,Clothing,Men's T-Shirt,2,357.27,5.0,678.81,298.82,379.99,Card,Online,,1,1.0,True,False
ORD100883,2023-06-13,CUST0444,Heba Farouk,Aswan,Consumer,Home & Kitchen,Air Fryer,1,2627.79,0.0,2627.79,1632.48,995.31,Card,Online,Sara M.,7,4.0,False,False
ORD103272,2024-10-17,CUST0456,Laila Mahmoud,Alexandria,Consumer,Electronics,Smart Watch,1,3405.24,0.0,-3405.24,2189.44,-1215.8,Cash,Online,Sara M.,5,4.0,False,True
ORD104867,2025-06-09,CUST0532,Adel El-Sayed,Giza,Consumer,Groceries,Olive Oil 1L,3,276.87,0.0,830.61,517.98,312.63,Cash,Online,Mona K.,4,4.0,False,False
ORD101268,2023-09-26,CUST0238,Youssef Ibrahim,Giza,Consumer,Electronics,Power Bank,1,642.45,0.0,642.45,347.76,294.69,Card,In-store,Khaled T.,0,4.0,False,False
ORD106059,2025-12-31,CUST0338,Yasmin Farouk,Alexandria,Consumer,Beauty,Perfume,1,1322.11,0.0,1322.11,585.77,736.34,Cash,Online,Omar F.,1,5.0,False,False
ORD102316,2024-04-03,CUST0247,Tarek Hassan,Cairo,Consumer,Sports,Dumbbell Set,1,1711.1,0.0,1711.1,1053.82,657.28,Card,Online,Mona K.,3,3.0,False,False
ORD101997,2024-02-18,CUST0266,Yasmin Ibrahim,Cairo,Consumer,Electronics,Phone Case,1,241.78,0.0,241.78,92.41,149.37,Card,Online,,2,4.0,False,False
ORD100715,2023-05-07,CUST0197,Youssef Sherif,Giza,Consumer,Sports,Running Shoes,1,1570.74,0.0,1570.74,884.3,686.44,Card,Phone,Mona K.,0,3.0,False,False
ORD100164,2023-02-07,CUST0378,Laila Ibrahim,Mansoura,SMB,Home & Kitchen,Cookware Set,1,2148.29,0.0,2148.29,1338.97,809.32,Mobile Wallet,In-store,Nourhan S.,0,4.0,False,False
ORD105789,2025-11-23,CUST0465,Adel Abdel Rahman,Giza,Consumer,Sports,Running Shoes,1,1480.89,25.0,1110.67,884.31,226.36,Card,Online,Youssef A.,0,3.0,True,False
ORD104880,2025-06-12,CUST0301,Laila Sherif,giza,Consumer,Clothing,Men's T-Shirt,1,351.57,0.0,351.57,153.02,198.55,Card,Online,Nourhan S.,2,,False,False
ORD105493,2025-10-10,CUST0176,Dina Abdel Rahman,Giza,SMB,Electronics,Phone Case,1,234.86,0.0,234.86,88.69,146.17,Mobile Wallet,In-store,Youssef A.,0,4.0,False,False
ORD101356,2023-10-18,CUST0114,Rania Aziz,Tanta,SMB,Home & Kitchen,Air Fryer,1,2634.79,0.0,2634.79,1765.0,869.79,Mobile Wallet,Online,Nourhan S.,1,3.0,False,False
ORD104832,2025-06-03,CUST0003,Omar Sherif,Alexandria,Consumer,Clothing,Men's T-Shirt,1,343.95,0.0,343.95,155.27,188.68,Mobile Wallet,In-store,Mona K.,0,5.0,False,False
ORD105563,2025-10-23,CUST0434,Dina Farouk,Alexandria,Consumer,Sports,Yoga Mat,2,416.0,0.0,832.0,457.46,374.54,Card,Online,Sara M.,2,5.0,False,False
ORD105174,2025-08-09,CUST0390,Khaled Sherif,Aswan,Enterprise,Beauty,Perfume,1,1252.84,5.0,1190.2,584.58,605.62,Card,Phone,Mona K.,0,3.0,True,False
ORD105698,2025-11-13,CUST0417,Nourhan El-Sayed,Tanta,Consumer,GROCERIES,Coffee 250g,1,171.58,0.0,171.58,96.1,75.48,Card,In-store,Khaled T.,0,5.0,False,False
ORD103021,2024-08-30,CUST0472,Ahmed Farouk,Alexandria,Consumer,Beauty,Perfume,1,1399.82,0.0,1399.82,599.9,799.92,Card,Online,Khaled T.,1,3.0,False,False
ORD100283,2023-03-06,CUST0521,Salma Farouk,Giza,Consumer,Electronics,Smart Watch,2,3742.81,0.0,7485.62,4381.7,3103.92,Cash,Online,Omar F.,2,4.0,False,False
ORD103351,2024-11-03,CUST0043,Ahmed Khalil,Cairo,Consumer,Sports,Dumbbell Set,2,1816.43,0.0,3632.86,2162.68,1470.18,Card,Online,,1,2.0,False,False
ORD101061,2023-08-03,CUST0392,Karim Mahmoud,Giza,Consumer,Clothing,Hoodie,1,650.51,0.0,650.51,313.55,336.96,Cash,In-store,Mona K.,0,4.0,False,False
ORD105538,2025-10-18,CUST0385,Adel Mahmoud,Aswan,Consumer,Sports,Dumbbell Set,1,1866.46,0.0,1866.46,1133.52,732.94,Mobile Wallet,In-store,Omar F.,0,5.0,False,False
ORD100168,2023-02-08,CUST0369,Khaled Aziz,Tanta,SMB,Electronics,Power Bank,5,628.46,0.0,3142.3,1794.95,1347.35,Card,Online,Omar F.,3,,False,False
ORD101735,2023-12-29,CUST0126,Nourhan Khalil,Alexandria,Consumer,Clothing,Men's T-Shirt,1,351.51,20.0,281.21,142.77,138.44,Card,Online,,5,5.0,True,False
ORD105074,2025-07-21,CUST0215,Rania Mahmoud,Tanta,Consumer,Home & Kitchen,Air Fryer,1,2728.13,0.0,2728.13,1676.44,1051.69,Card,In-store,Sara M.,0,1.0,False,False
ORD104911,2025-06-18,CUST0002,Amr Khalil,Cairo,Consumer,Electronics,Bluetooth Speaker,1,977.79,0.0,977.79,555.46,422.33,Installment,Online,Nourhan S.,5,4.0,False,False
ORD104648,2025-05-02,CUST0369,Khaled Aziz,Tanta,SMB,Clothing,Men's T-Shirt,1,346.26,0.0,346.26,157.07,189.19,Cash,Online,,2,4.0,False,False
ORD105603,2025-10-28,CUST0582,Khaled Abdel Rahman,Alexandria,Consumer,Clothing,Hoodie,5,622.82,0.0,3114.1,1461.65,1652.45,Card,In-store,Omar F.,0,3.0,False,False
ORD100968,2023-07-07,CUST0072,Omar Ibrahim,Mansoura,Consumer,Groceries,Olive Oil 1L,1,282.19,0.0,282.19,174.57,107.62,Installment,In-store,Mona K.,0,3.0,False,False
ORD100804,2023-05-24,CUST0595,Heba El-Sayed,Giza,SMB,Beauty,Perfume,1,1232.27,0.0,1232.27,617.49,614.78,Cash,Phone,Nourhan S.,0,4.0,False,False
ORD102824,2024-07-10,CUST0123,Ahmed Khalil,Tanta,Consumer,Groceries,Coffee 250g,1,170.89,0.0,170.89,104.78,66.11,Mobile Wallet,Online,Sara M.,5,4.0,False,False
ORD100255,2023-03-01,CUST0464,Adel Mahmoud,Aswan,SMB,Electronics,Power Bank,2,631.51,10.0,1136.72,708.82,427.9,Cash,Online,,1,5.0,True,False
ORD100797,2023-05-22,CUST0249,Yasmin Aziz,Alexandria,Consumer,Beauty,Makeup Kit,1,566.48,0.0,566.48,258.4,308.08,Card,Online,,4,3.0,False,False
ORD102389,2024-04-16,CUST0393,Yasmin Aziz,Cairo,Consumer,Clothing,Hoodie,1,644.34,0.0,644.34,298.63,345.71,Installment,Online,,2,4.0,False,False
ORD104726,2025-05-16,CUST0257,Sara Farouk,Giza,Consumer,Home & Kitchen,Cookware Set,1,2151.85,0.0,2151.85,1329.7,822.15,Cash,Online,,2,,False,False
ORD103936,2025-02-01,CUST0078,Ahmed Hassan,Alexandria,Consumer,Groceries,Coffee 250g,1,172.13,0.0,172.13,95.32,76.81,Mobile Wallet,In-store,Nourhan S.,0,4.0,False,False
ORD102361,2024-04-10,CUST0171,Heba Hassan,Aswan,Consumer,ELECTRONICS,Wireless Earbuds,1,1186.2,0.0,1186.2,784.8,401.4,Mobile Wallet,Online,,2,5.0,False,False
ORD100732,2023-05-10,CUST0519,Ahmed Ibrahim,Giza,Consumer,Beauty,Perfume,1,1231.91,0.0,1231.91,570.74,661.17,Mobile Wallet,In-store,,0,5.0,False,False
ORD101565,2023-11-26,CUST0317,Mahmoud Farouk,Alexandria,Consumer,Home & Kitchen,Vacuum Cleaner,1,3019.83,15.0,2566.86,1840.69,726.17,Cash,Online,Nourhan S.,2,4.0,True,False
ORD103011,2024-08-25,CUST0458,Nourhan Ibrahim,Cairo,Consumer,Beauty,Makeup Kit,1,583.0,0.0,583.0,249.26,333.74,Cash,In-store,Omar F.,0,5.0,False,False
ORD103256,2024-10-13,CUST0434,Dina Farouk,alexandria,Consumer,Clothing,Sneakers,1,1366.17,0.0,1366.17,728.72,637.45,Card,Online,,3,4.0,False,False
ORD104839,2025-06-04,CUST0501,Hassan Abdel Rahman,Tanta,Consumer,Home & Kitchen,Cookware Set,1,2237.94,15.0,1902.25,1343.76,558.49,Cash,Online,Sara M.,1,5.0,True,False
ORD105684,2025-11-10,CUST0057,Amr Hassan,Tanta,Consumer,Clothing,Hoodie,1,677.51,25.0,508.13,304.07,204.06,Card,In-store,,0,,True,False
ORD100332,2023-03-12,CUST0449,Laila Aziz,Alexandria,Consumer,Home & Kitchen,Vacuum Cleaner,1,3076.46,0.0,3076.46,1809.92,1266.54,Cash,Online,Khaled T.,7,5.0,False,False
ORD103024,2024-08-31,CUST0304,Salma Farouk,Cairo,SMB,Clothing,Jeans,1,764.89,0.0,764.89,324.8,440.09,Card,In-store,Omar F.,0,2.0,False,False
ORD102839,2024-07-14,CUST0063,Nada Mostafa,Cairo,Consumer,Beauty,Hair Dryer,1,924.05,0.0,924.05,449.73,474.32,Card,Online,,5,1.0,False,False
ORD103458,2024-11-22,CUST0311,Amr Aziz,Cairo,Consumer,Home & Kitchen,Vacuum Cleaner,1,3042.88,15.0,-2586.45,1970.77,-615.68,Card,Online,Sara M.,5,5.0,True,True
ORD101105,2023-08-19,CUST0266,Yasmin Ibrahim,Cairo,Consumer,Clothing,Hoodie,1,650.69,20.0,520.55,302.54,218.01,Mobile Wallet,In-store,Omar F.,0,4.0,True,False
ORD101870,2024-01-25,CUST0357,Mona Hassan,aswan,Consumer,Clothing,Hoodie,1,666.31,0.0,666.31,287.36,378.95,Mobile Wallet,Online,,3,5.0,False,False
ORD104298,2025-03-14,CUST0293,Sara Hassan,Cairo,SMB,Groceries,Rice 5kg,2,211.78,0.0,423.56,288.7,134.86,Card,Online,,5,5.0,False,False
ORD103491,2024-11-25,CUST0386,Youssef Mahmoud,Alexandria,Consumer,Beauty,Hair Dryer,1,955.41,20.0,764.33,457.99,306.34,Cash,Online,Mona K.,2,5.0,True,False
ORD104861,2025-06-08,CUST0557,Omar Sherif,Giza,Enterprise,Clothing,Jeans,2,799.54,0.0,1599.08,660.34,938.74,Cash,Online,Omar F.,2,4.0,False,False
ORD104715,2025-05-14,CUST0567,Nourhan Aziz,Alexandria,Consumer,Electronics,Power Bank,3,571.85,0.0,1715.55,1018.98,696.57,Mobile Wallet,In-store,Sara M.,0,5.0,False,False
ORD105413,2025-09-26,CUST0044,Mahmoud Hassan,Giza,Consumer,Groceries,Olive Oil 1L,1,278.64,0.0,278.64,178.72,99.92,Card,In-store,Mona K.,0,5.0,False,False
ORD104595,2025-04-23,CUST0414,Youssef Hassan,Alexandria,SMB,Clothing,Jeans,1,762.15,10.0,685.94,320.03,365.91,Card,Online,,1,2.0,True,False
ORD100603,2023-04-18,CUST0514,Mona Mahmoud,Giza,SMB,Clothing,Jeans,1,788.54,0.0,788.54,319.78,468.76,Cash,In-store,,0,5.0,False,False
ORD105655,2025-11-05,CUST0080,Amr Abdel Rahman,Alexandria,SMB,Beauty,Perfume,2,1313.26,0.0,2626.52,1248.72,1377.8,Cash,In-store,Mona K.,0,5.0,False,False
ORD102460,2024-05-01,CUST0127,Nada Hassan,Alexandria,Consumer,Home & Kitchen,Blender,1,1099.08,0.0,1099.08,618.33,480.75,Mobile Wallet,Online,Youssef A.,2,,False,False
ORD102930,2024-08-05,CUST0395,Sara Sherif,Aswan,Consumer,Electronics,Smart Watch,1,3533.54,0.0,-3533.54,2046.41,-1487.13,Card,Online,Mona K.,1,5.0,False,True
ORD105503,2025-10-12,CUST0063,Nada Mostafa,Cairo,Consumer,Home & Kitchen,Air Fryer,1,2943.34,0.0,2943.34,1619.52,1323.82,Card,In-store,Sara M.,0,,False,False
ORD105907,2025-12-04,CUST0287,Karim Aziz,Cairo,SMB,Home & Kitchen,Air Fryer,1,2949.08,0.0,2949.08,1729.92,1219.16,Mobile Wallet,In-store,Mona K.,0,2.0,False,False
ORD102533,2024-05-15,CUST0160,Mona Sherif,Alexandria,Consumer,Groceries,Rice 5kg,5,208.14,0.0,1040.7,753.95,286.75,Mobile Wallet,Online,,2,5.0,False,False
ORD105170,2025-08-09,CUST0480,Amr Khalil,Cairo,SMB,Groceries,Rice 5kg,1,203.28,0.0,203.28,154.47,48.81,Mobile Wallet,Online,Nourhan S.,3,2.0,False,False
ORD104121,2025-02-21,CUST0226,Adel El-Sayed,Alexandria,SMB,Beauty,Hair Dryer,2,961.57,0.0,1923.14,943.72,979.42,Card,Online,,0,2.0,False,False
ORD105651,2025-11-04,CUST0035,Heba Khalil,Cairo,Consumer,Sports,Football,1,365.67,0.0,365.67,173.48,192.19,Card,Online,,0,3.0,False,False
ORD100089,2023-01-21,CUST0386,Youssef Mahmoud,Alexandria,Consumer,Home & Kitchen,Vacuum Cleaner,2,3325.83,0.0,6651.66,3822.02,2829.64,Card,Online,,3,3.0,False,False
ORD102606,2024-05-27,CUST0380,Amr Khalil,Giza,Consumer,Sports,Running Shoes,1,1579.82,0.0,1579.82,822.69,757.13,Mobile Wallet,In-store,Sara M.,0,5.0,False,False
ORD105672,2025-11-08,CUST0084,Mona Hassan,Cairo,SMB,Home & Kitchen,Cookware Set,1,2368.99,0.0,-2368.99,1273.27,-1095.72,Cash,In-store,Khaled T.,0,4.0,False,True
ORD102076,2024-03-03,CUST0529,Adel Khalil,Alexandria,Consumer,Electronics,Wireless Earbuds,1,1193.63,0.0,1193.63,786.02,407.61,Installment,In-store,Khaled T.,0,5.0,False,False
ORD105347,2025-09-15,CUST0456,Laila Mahmoud,Alexandria,Consumer,Home & Kitchen,Cookware Set,1,2292.72,25.0,1719.54,1257.27,462.27,Cash,Online,,3,,True,False
ORD100356,2023-03-16,CUST0144,Khaled Hassan,Cairo,SMB,Electronics,Phone Case,1,233.32,0.0,233.32,91.08,142.24,Mobile Wallet,Online,Youssef A.,1,4.0,False,False
ORD104901,2025-06-16,CUST0421,Nourhan Hassan,Mansoura,SMB,Groceries,Honey Jar,1,305.74,0.0,305.74,208.29,97.45,Mobile Wallet,Online,,1,,False,False
ORD103213,2024-10-04,CUST0241,Omar Khalil,Alexandria,SMB,Clothing,Jeans,1,770.78,0.0,770.78,306.25,464.53,Cash,In-store,Nourhan S.,0,4.0,False,False
ORD101045,2023-07-28,CUST0131,Mona Abdel Rahman,Cairo,Consumer,Sports,Running Shoes,1,1592.9,0.0,1592.9,809.99,782.91,Card,Online,Omar F.,2,2.0,False,False
ORD100612,2023-04-20,CUST0391,Omar Aziz,Aswan,Consumer,Home & Kitchen,Coffee Maker,1,1460.74,0.0,1460.74,869.23,591.51,Card,In-store,Mona K.,0,2.0,False,False
ORD100805,2023-05-25,CUST0186,Dina Hassan,Mansoura,Consumer,Groceries,Coffee 250g,1,191.41,0.0,191.41,96.09,95.32,Mobile Wallet,In-store,Mona K.,0,4.0,False,False
ORD105306,2025-09-08,CUST0050,Hassan Khalil,Tanta,SMB,Sports,Football,5,377.12,0.0,1885.6,868.45,1017.15,Cash,In-store,Nourhan S.,0,3.0,False,False
ORD103107,2024-09-14,CUST0079,Dina Khalil,Aswan,Consumer,Home & Kitchen,Air Fryer,1,2798.14,0.0,2798.14,1633.33,1164.81,Installment,Online,Nourhan S.,5,5.0,False,False
ORD101146,2023-08-30,CUST0385,Adel Mahmoud,Aswan,Consumer,Clothing,Men's T-Shirt,1,363.01,0.0,363.01,152.9,210.11,Card,Online,,2,3.0,False,False
ORD104179,2025-02-28,CUST0208,Khaled Mostafa,Cairo,Enterprise,Electronics,Bluetooth Speaker,3,874.52,0.0,2623.56,1595.64,1027.92,Card,Phone,Sara M.,0,4.0,False,False
ORD103523,2024-11-28,CUST0080,Amr Abdel Rahman,Alexandria,SMB,Clothing,Women's Dress,1,957.0,20.0,765.6,416.43,349.17,Mobile Wallet,In-store,Omar F.,0,4.0,True,False
ORD101013,2023-07-20,CUST0310,Adel Farouk,cairo,Consumer,Sports,Yoga Mat,1,442.55,15.0,376.17,211.45,164.72,Card,Online,,1,5.0,True,False
ORD105771,2025-11-22,CUST0537,Nourhan Hassan,cairo,Consumer,Home & Kitchen,Air Fryer,3,2782.24,25.0,6260.04,5080.32,1179.72,Cash,In-store,,0,5.0,True,False
ORD104787,2025-05-26,CUST0222,Yasmin Hassan,Cairo,Consumer,Groceries,Coffee 250g,2,182.05,0.0,364.1,200.94,163.16,Card,In-store,Nourhan S.,0,5.0,False,False
ORD101002,2023-07-17,CUST0462,Mona Farouk,Tanta,Enterprise,Home & Kitchen,Vacuum Cleaner,2,2961.66,0.0,5923.32,3733.78,2189.54,Installment,Online,,1,,False,False
ORD100605,2023-04-19,CUST0281,Adel Mahmoud,Cairo,Consumer,Groceries,Olive Oil 1L,2,268.36,20.0,429.38,352.08,77.3,Cash,Online,Sara M.,5,2.0,True,False
ORD104569,2025-04-18,CUST0299,Rania Khalil,Cairo,Enterprise,Clothing,Hoodie,1,627.67,10.0,564.9,312.63,252.27,Card,In-store,Sara M.,0,2.0,True,False
ORD104282,2025-03-12,CUST0159,Mona Sherif,Alexandria,SMB,Electronics,Wireless Earbuds,2,1261.05,0.0,2522.1,1457.04,1065.06,Mobile Wallet,Phone,Sara M.,0,4.0,False,False
ORD100556,2023-04-13,CUST0077,Hassan Farouk,Cairo,Consumer,Electronics,Smart Watch,1,3569.31,0.0,3569.31,2034.69,1534.62,Mobile Wallet,In-store,Sara M.,0,5.0,False,False
ORD103878,2025-01-21,CUST0076,Nourhan Khalil,Mansoura,SMB,Electronics,Wireless Earbuds,1,1284.0,0.0,1284.0,764.49,519.51,Installment,Online,Sara M.,1,,False,False
ORD105867,2025-11-29,CUST0044,Mahmoud Hassan,Giza,Consumer,Clothing,Jeans,1,690.27,25.0,517.7,330.65,187.05,Mobile Wallet,In-store,Sara M.,0,5.0,True,False
ORD103537,2024-11-28,CUST0505,Ahmed Abdel Rahman,Alexandria,SMB,Clothing,Men's T-Shirt,1,343.69,10.0,309.32,147.57,161.75,Cash,Online,Mona K.,5,4.0,True,False
ORD102190,2024-03-18,CUST0297,Youssef Mahmoud,Cairo,Consumer,Beauty,Hair Dryer,1,903.86,0.0,903.86,445.35,458.51,Cash,Online,Sara M.,2,4.0,False,False
ORD104485,2025-04-04,CUST0082,Karim Ibrahim,Cairo,SMB,Beauty,Skincare Set,1,792.72,0.0,792.72,359.93,432.79,Cash,Phone,Omar F.,0,4.0,False,False
ORD104159,2025-02-26,CUST0032,Salma Sherif,Cairo,Consumer,Beauty,Makeup Kit,1,609.97,0.0,609.97,243.01,366.96,Card,In-store,Khaled T.,0,5.0,False,False
ORD101977,2024-02-13,CUST0054,Yasmin Khalil,Cairo,SMB,Clothing,Sneakers,1,1335.88,0.0,1335.88,701.35,634.53,Cash,In-store,Mona K.,0,4.0,False,False
ORD100414,2023-03-24,CUST0566,Khaled Farouk,Alexandria,Consumer,Sports,Yoga Mat,1,445.56,0.0,445.56,214.78,230.78,Mobile Wallet,In-store,Youssef A.,0,5.0,False,False
ORD105408,2025-09-26,CUST0243,Tarek Mahmoud,Cairo,Consumer,Sports,Yoga Mat,1,441.55,0.0,441.55,214.77,226.78,Cash,Online,Sara M.,2,3.0,False,False
ORD103433,2024-11-19,CUST0393,Yasmin Aziz,Cairo,Consumer,Beauty,Perfume,2,1221.1,0.0,2442.2,1207.1,1235.1,Mobile Wallet,Online,Sara M.,3,3.0,False,False
ORD104651,2025-05-03,CUST0399,Amr Abdel Rahman,Mansoura,Consumer,Clothing,Men's T-Shirt,1,349.33,0.0,349.33,144.79,204.54,Installment,Online,Youssef A.,3,3.0,False,False
ORD104617,2025-04-27,CUST0362,Sara Khalil,Mansoura,Consumer,Beauty,Makeup Kit,1,578.32,0.0,578.32,254.36,323.96,Mobile Wallet,Online,Mona K.,4,3.0,False,False
ORD105414,2025-09-26,CUST0321,Rania Mahmoud,Cairo,Consumer,HOME & KITCHEN,Cookware Set,1,2159.55,0.0,2159.55,1274.81,884.74,Mobile Wallet,Online,Sara M.,1,4.0,False,False
ORD102692,2024-06-12,CUST0029,Laila Mostafa,Giza,SMB,Sports,Yoga Mat,1,463.42,0.0,463.42,210.71,252.71,Cash,In-store,Omar F.,0,5.0,False,False
ORD100043,2023-01-10,CUST0218,Yasmin El-Sayed,Tanta,Consumer,Home & Kitchen,Air Fryer,1,2813.77,0.0,2813.77,1725.66,1088.11,Cash,In-store,Youssef A.,0,3.0,False,False
ORD101720,2023-12-27,CUST0504,Heba Mostafa,Mansoura,Consumer,Clothing,Sneakers,2,1411.64,0.0,-2823.28,1463.44,-1359.84,Mobile Wallet,In-store,Omar F.,0,,False,True
ORD101046,2023-07-29,CUST0105,Nada Mahmoud,Cairo,Consumer,Groceries,Olive Oil 1L,1,294.33,0.0,294.33,172.91,121.42,Cash,Online,Sara M.,2,3.0,False,False
ORD100165,2023-02-08,CUST0416,Sara Khalil,Giza,SMB,Groceries,Olive Oil 1L,2,281.05,0.0,562.1,350.16,211.94,Card,Online,Sara M.,1,5.0,False,False
ORD103817,2025-01-11,CUST0120,Youssef Hassan,Giza,SMB,Beauty,Skincare Set,1,788.52,0.0,788.52,343.38,445.14,Mobile Wallet,In-store,Mona K.,0,5.0,False,False
ORD100122,2023-01-28,CUST0197,Youssef Sherif,Giza,Consumer,Electronics,Smart Watch,2,3238.17,0.0,6476.34,4266.66,2209.68,Card,Online,,1,,False,False
ORD101415,2023-10-29,CUST0306,Karim Aziz,Aswan,Consumer,Electronics,Phone Case,1,266.53,0.0,266.53,92.15,174.38,Card,In-store,Sara M.,0,5.0,False,False
ORD101254,2023-09-24,CUST0029,Laila Mostafa,Giza,SMB,Home & Kitchen,Coffee Maker,1,1483.43,0.0,1483.43,835.72,647.71,Mobile Wallet,In-store,Youssef A.,0,3.0,False,False
ORD106034,2025-12-28,CUST0500,Adel Khalil,Cairo,SMB,Clothing,Sneakers,5,1324.5,0.0,6622.5,3583.95,3038.55,Card,Online,,5,4.0,False,False
ORD105303,2025-09-07,CUST0543,Ahmed Mahmoud,Alexandria,Consumer,Clothing,Sneakers,1,1290.11,0.0,1290.11,665.83,624.28,Mobile Wallet,Online,,0,5.0,False,False
ORD102473,2024-05-03,CUST0388,Nourhan Hassan,Mansoura,SMB,Electronics,Smart Watch,2,3254.88,0.0,6509.76,4275.86,2233.9,Card,Online,Nourhan S.,2,4.0,False,False
ORD101054,2023-07-31,CUST0057,Amr Hassan,Tanta,Consumer,Beauty,Perfume,2,1243.14,0.0,2486.28,1224.72,1261.56,Cash,In-store,Youssef A.,0,5.0,False,False
ORD105221,2025-08-22,CUST0085,Karim Farouk,aswan,Consumer,Clothing,Men's T-Shirt,1,333.81,0.0,333.81,148.32,185.49,Card,Online,Mona K.,1,5.0,False,False
ORD100946,2023-06-30,CUST0356,Nourhan Farouk,Cairo,Consumer,Clothing,Women's Dress,3,852.9,0.0,2558.7,1208.76,1349.94,Cash,Online,Mona K.,2,4.0,False,False
ORD102849,2024-07-15,CUST0561,Mona Ibrahim,Cairo,Consumer,Groceries,Coffee 250g,1,171.26,5.0,162.7,102.34,60.36,Card,Phone,Mona K.,0,3.0,True,False
ORD105362,2025-09-16,CUST0008,Mona Khalil,cairo,SMB,Groceries,Honey Jar,1,331.28,0.0,331.28,206.22,125.06,Mobile Wallet,Online,,2,4.0,False,False
ORD105835,2025-11-27,CUST0104,Youssef Hassan,Cairo,SMB,Beauty,Perfume,2,1293.51,15.0,2198.97,1224.62,974.35,Cash,Online,,5,5.0,True,False
ORD105489,2025-10-10,CUST0573,Heba Mahmoud,Cairo,Consumer,Clothing,Women's Dress,1,960.23,0.0,960.23,392.01,568.22,Mobile Wallet,Online,,3,5.0,False,False
ORD103249,2024-10-12,CUST0404,Khaled Abdel Rahman,Cairo,Consumer,Clothing,Sneakers,1,1398.16,0.0,1398.16,731.35,666.81,Cash,Online,Khaled T.,2,5.0,False,False
ORD100070,2023-01-16,CUST0137,Laila Mahmoud,Aswan,Consumer,Home & Kitchen,Air Fryer,1,2901.13,0.0,2901.13,1719.93,1181.2,Card,In-store,Sara M.,0,3.0,False,False
ORD100948,2023-06-30,CUST0191,Ahmed Sherif,Cairo,Enterprise,Sports,Football,1,364.87,0.0,364.87,187.48,177.39,Cash,In-store,Omar F.,0,,False,False
ORD105416,2025-09-27,CUST0200,Heba Farouk,Mansoura,Consumer,Clothing,Hoodie,1,639.9,0.0,639.9,286.42,353.48,Mobile Wallet,Online,Mona K.,7,1.0,False,False
ORD105166,2025-08-08,CUST0180,Yasmin Farouk,Aswan,Consumer,Home & Kitchen,Air Fryer,1,2745.94,0.0,2745.94,1748.52,997.42,Cash,In-store,Omar F.,0,5.0,False,False
ORD103057,2024-09-06,CUST0069,Tarek Aziz,Cairo,Enterprise,Electronics,Bluetooth Speaker,1,935.09,0.0,935.09,571.31,363.78,Cash,In-store,Nourhan S.,0,5.0,False,False
ORD100513,2023-04-08,CUST0448,Laila Abdel Rahman,Cairo,Consumer,Beauty,Hair Dryer,2,855.65,0.0,1711.3,912.46,798.84,Installment,In-store,Nourhan S.,0,4.0,False,False
ORD101419,2023-10-30,CUST0100,Hassan Abdel Rahman,Mansoura,SMB,Clothing,Hoodie,1,627.53,0.0,627.53,303.87,323.66,Cash,In-store,Mona K.,0,5.0,False,False
ORD101987,2024-02-16,CUST0206,Ahmed Farouk,Tanta,SMB,Clothing,Men's T-Shirt,5,332.61,0.0,1663.05,734.55,928.5,Mobile Wallet,Online,Khaled T.,1,2.0,False,False
ORD104902,2025-06-16,CUST0146,Karim Ibrahim,Cairo,Consumer,Home & Kitchen,Coffee Maker,3,1592.73,0.0,4778.19,2567.52,2210.67,Card,In-store,Omar F.,0,4.0,False,False
ORD102017,2024-02-23,CUST0079,Dina Khalil,Aswan,Consumer,Home & Kitchen,Vacuum Cleaner,1,3027.41,0.0,3027.41,1827.25,1200.16,Card,Phone,Sara M.,0,5.0,False,False
ORD105096,2025-07-26,CUST0154,Salma Aziz,Cairo,Consumer,Home & Kitchen,Vacuum Cleaner,2,3388.06,0.0,6776.12,3700.12,3076.0,Cash,Online,Sara M.,2,4.0,False,False
ORD103643,2024-12-13,CUST0087,Karim Ibrahim,Tanta,Consumer,Beauty,Perfume,5,1293.35,0.0,6466.75,2960.8,3505.95,Card,Online,,1,4.0,False,False
ORD103528,2024-11-28,CUST0112,Dina Hassan,Alexandria,Consumer,Clothing,Women's Dress,1,848.39,20.0,678.71,385.15,293.56,Card,Online,,2,5.0,True,False
ORD102381,2024-04-14,CUST0116,Mona Ibrahim,Cairo,Enterprise,Beauty,Makeup Kit,1,560.14,0.0,560.14,251.04,309.1,Mobile Wallet,In-store,Sara M.,0,,False,False
ORD101377,2023-10-23,CUST0162,Ahmed Aziz,Giza,Enterprise,Sports,Running Shoes,1,1564.45,0.0,1564.45,860.43,704.02,Installment,In-store,Omar F.,0,5.0,False,False
ORD105608,2025-10-29,CUST0302,Sara Sherif,Giza,Consumer,Clothing,Men's T-Shirt,3,346.13,0.0,1038.39,428.52,609.87,Cash,In-store,Mona K.,0,,False,False
ORD102337,2024-04-07,CUST0258,Rania Aziz,Tanta,SMB,Clothing,Jeans,1,706.33,0.0,706.33,319.41,386.92,Mobile Wallet,In-store,Sara M.,0,3.0,False,False
ORD101248,2023-09-23,CUST0350,Dina Hassan,Alexandria,SMB,Sports,Running Shoes,1,1500.97,0.0,1500.97,816.72,684.25,Card,Online,,0,5.0,False,False
ORD100863,2023-06-09,CUST0272,Khaled Abdel Rahman,Giza,Consumer,ELECTRONICS,Bluetooth Speaker,1,973.34,0.0,973.34,558.56,414.78,Card,Phone,Sara M.,0,4.0,False,False
ORD104251,2025-03-08,CUST0323,Khaled Farouk,Cairo,SMB,Sports,Football,1,352.08,5.0,334.48,176.58,157.9,Mobile Wallet,Phone,Sara M.,0,5.0,True,False
ORD105176,2025-08-10,CUST0258,Rania Aziz,tanta,SMB,Beauty,Perfume,1,1314.62,0.0,1314.62,609.58,705.04,Cash,Online,,2,3.0,False,False
ORD106055,2025-12-30,CUST0372,Karim Sherif,Alexandria,SMB,Beauty,Perfume,1,1394.78,0.0,1394.78,575.12,819.66,Card,In-store,Khaled T.,0,5.0,False,False
ORD101232,2023-09-20,CUST0073,Ahmed Aziz,Cairo,Enterprise,Groceries,Honey Jar,2,316.74,0.0,633.48,397.34,236.14,Cash,In-store,Youssef A.,0,4.0,False,False
ORD105214,2025-08-21,CUST0247,Tarek Hassan,Cairo,Consumer,Sports,Dumbbell Set,1,1680.58,0.0,1680.58,1135.12,545.46,Card,Online,Mona K.,1,2.0,False,False
ORD101376,2023-10-23,CUST0230,Dina Sherif,Aswan,Consumer,Clothing,Jeans,1,784.8,0.0,784.8,318.04,466.76,Cash,In-store,Omar F.,0,5.0,False,False
ORD101834,2024-01-19,CUST0245,Karim Ibrahim,Giza,SMB,Home & Kitchen,Air Fryer,1,2982.72,5.0,2833.58,1773.29,1060.29,Cash,Online,Sara M.,1,4.0,True,False
ORD101067,2023-08-04,CUST0587,Khaled Aziz,Mansoura,SMB,Electronics,Smart Watch,1,3675.31,0.0,3675.31,2172.41,1502.9,Card,Online,,3,4.0,False,False
ORD100737,2023-05-11,CUST0435,Dina El-Sayed,Cairo,Consumer,Sports,Football,1,375.74,0.0,375.74,171.2,204.54,Cash,Online,,1,5.0,False,False
ORD104549,2025-04-15,CUST0076,Nourhan Khalil,Mansoura,SMB,Home & Kitchen,Cookware Set,2,2361.51,0.0,-4723.02,2677.78,-2045.24,Cash,In-store,Mona K.,0,4.0,False,True
ORD101665,2023-12-15,CUST0151,Youssef Ibrahim,cairo,Consumer,Electronics,Bluetooth Speaker,1,915.58,0.0,915.58,553.9,361.68,Mobile Wallet,In-store,Khaled T.,0,1.0,False,False
ORD105403,2025-09-24,CUST0475,Khaled Sherif,Tanta,SMB,Home & Kitchen,Vacuum Cleaner,1,3416.59,0.0,3416.59,1946.27,1470.32,Installment,In-store,Nourhan S.,0,,False,False
ORD105267,2025-08-31,CUST0235,Sara Aziz,Mansoura,Enterprise,Clothing,Hoodie,1,617.33,20.0,493.86,293.54,200.32,Mobile Wallet,In-store,Mona K.,0,5.0,True,False
ORD100448,2023-03-29,CUST0262,Khaled Hassan,Cairo,Enterprise,Electronics,Phone Case,2,246.37,0.0,492.74,184.46,308.28,Card,In-store,Nourhan S.,0,4.0,False,False
ORD101144,2023-08-28,CUST0198,Rania Hassan,Mansoura,Consumer,Home & Kitchen,Vacuum Cleaner,1,3155.71,0.0,-3155.71,1912.81,-1242.9,Cash,Online,Omar F.,2,4.0,False,True
ORD104224,2025-03-06,CUST0183,Amr Hassan,Aswan,SMB,Electronics,Smart Watch,1,3673.28,0.0,3673.28,2098.19,1575.09,Mobile Wallet,In-store,Youssef A.,0,5.0,False,False
ORD101388,2023-10-26,CUST0463,Laila Khalil,alexandria,Consumer,Electronics,Wireless Earbuds,1,1159.42,0.0,1159.42,722.06,437.36,Cash,In-store,Mona K.,0,5.0,False,False
ORD101768,2024-01-02,CUST0459,Amr Ibrahim,Tanta,Consumer,Groceries,Honey Jar,1,310.08,0.0,310.08,207.78,102.3,Cash,In-store,Youssef A.,0,4.0,False,False
ORD101494,2023-11-20,CUST0539,Laila Mahmoud,Giza,SMB,Clothing,Men's T-Shirt,1,362.95,20.0,290.36,156.41,133.95,Cash,In-store,Omar F.,0,,True,False
ORD102735,2024-06-20,CUST0371,Heba El-Sayed,Cairo,Consumer,Clothing,Hoodie,1,673.72,0.0,673.72,285.25,388.47,Cash,Online,Sara M.,2,2.0,False,False
ORD102737,2024-06-21,CUST0569,Yasmin Hassan,Giza,SMB,Electronics,Phone Case,1,254.45,0.0,254.45,88.29,166.16,Mobile Wallet,Phone,Youssef A.,0,1.0,False,False
ORD106061,2025-12-31,CUST0338,Yasmin Farouk,Alexandria,Consumer,Electronics,Wireless Earbuds,2,1268.2,0.0,2536.4,1528.1,1008.3,Cash,Online,,2,5.0,False,False
ORD102494,2024-05-08,CUST0179,Ahmed Khalil,Cairo,Consumer,Beauty,Skincare Set,2,759.0,0.0,1518.0,692.96,825.04,Card,In-store,Sara M.,0,4.0,False,False
ORD105797,2025-11-24,CUST0213,Khaled Mostafa,mansoura,Consumer,Beauty,Hair Dryer,3,919.51,5.0,2620.6,1320.36,1300.24,Mobile Wallet,In-store,Nourhan S.,0,3.0,True,False
ORD102292,2024-03-29,CUST0240,Salma Ibrahim,Mansoura,SMB,Electronics,Wireless Earbuds,1,1167.25,25.0,875.44,726.7,148.74,Card,Online,Youssef A.,2,5.0,True,False
ORD102328,2024-04-05,CUST0442,Youssef Ibrahim,Mansoura,SMB,Beauty,Perfume,1,1255.78,5.0,1192.99,611.94,581.05,Installment,In-store,Mona K.,0,5.0,True,False
ORD100382,2023-03-19,CUST0472,Ahmed Farouk,Alexandria,Consumer,Sports,Running Shoes,1,1602.33,0.0,1602.33,820.03,782.3,Cash,In-store,Omar F.,0,1.0,False,False
ORD105322,2025-09-11,CUST0136,Rania Mostafa,Tanta,Consumer,Beauty,Perfume,1,1223.61,0.0,1223.61,624.81,598.8,Mobile Wallet,In-store,,0,4.0,False,False
ORD103539,2024-11-29,CUST0250,Adel Aziz,cairo,Enterprise,Home & Kitchen,Coffee Maker,1,1581.1,15.0,1343.94,840.82,503.12,Cash,In-store,Khaled T.,0,5.0,True,False
ORD103216,2024-10-05,CUST0383,Mona Sherif,tanta,Consumer,Sports,Yoga Mat,1,464.15,0.0,464.15,219.13,245.02,Card,Online,Youssef A.,3,1.0,False,False
ORD100551,2023-04-12,CUST0556,Rania El-Sayed,Tanta,Consumer,Sports,Dumbbell Set,1,1699.46,0.0,1699.46,1132.19,567.27,Card,Online,,5,5.0,False,False
ORD105271,2025-09-01,CUST0171,Heba Hassan,aswan,Consumer,Clothing,Sneakers,1,1431.66,0.0,1431.66,683.64,748.02,Cash,Online,,1,4.0,False,False
ORD102973,2024-08-16,CUST0136,Rania Mostafa,tanta,Consumer,Groceries,Rice 5kg,1,235.23,0.0,235.23,143.66,91.57,Installment,In-store,Khaled T.,0,,False,False
ORD103863,2025-01-17,CUST0307,Ahmed Farouk,Mansoura,Consumer,Home & Kitchen,Air Fryer,1,2672.08,0.0,2672.08,1642.45,1029.63,Mobile Wallet,Phone,Nourhan S.,0,4.0,False,False
ORD101390,2023-10-26,CUST0520,Mahmoud Abdel Rahman,Giza,Consumer,Beauty,Skincare Set,1,741.74,0.0,741.74,352.17,389.57,Mobile Wallet,Online,Khaled T.,2,,False,False
ORD101817,2024-01-15,CUST0400,Mona Khalil,Cairo,Consumer,Sports,Running Shoes,1,1577.58,5.0,-1498.7,821.86,-676.84,Cash,Phone,Nourhan S.,0,4.0,True,True
ORD101931,2024-02-05,CUST0319,Mona Aziz,Giza,Consumer,Clothing,Women's Dress,1,838.59,0.0,838.59,391.5,447.09,Card,Online,,2,3.0,False,False
ORD100809,2023-05-26,CUST0199,Khaled Abdel Rahman,Cairo,Consumer,Beauty,Hair Dryer,1,950.55,0.0,950.55,469.42,481.13,Mobile Wallet,Online,,4,5.0,False,False
ORD105799,2025-11-24,CUST0532,Adel El-Sayed,Giza,Consumer,Beauty,Skincare Set,5,849.07,25.0,3184.01,1800.15,1383.86,Cash,Online,,3,4.0,True,False
ORD104111,2025-02-21,CUST0498,Dina Ibrahim,Alexandria,Consumer,Clothing,Sneakers,2,1461.05,0.0,2922.1,1387.98,1534.12,Cash,In-store,Khaled T.,0,5.0,False,False
ORD103894,2025-01-24,CUST0213,Khaled Mostafa,Mansoura,Consumer,Home & Kitchen,Vacuum Cleaner,1,3126.26,0.0,3126.26,1951.73,1174.53,Cash,Online,Khaled T.,3,5.0,False,False
ORD104998,2025-07-03,CUST0532,Adel El-Sayed,Giza,Consumer,Beauty,Hair Dryer,5,849.78,0.0,4248.9,2362.1,1886.8,Cash,Online,Youssef A.,1,,False,False
ORD100647,2023-04-25,CUST0366,Khaled El-Sayed,Alexandria,Consumer,Home & Kitchen,Air Fryer,1,2871.4,0.0,2871.4,1668.85,1202.55,Card,In-store,Youssef A.,0,4.0,False,False
ORD104653,2025-05-03,CUST0434,Dina Farouk,Alexandria,Consumer,Home & Kitchen,Coffee Maker,1,1472.94,0.0,1472.94,857.98,614.96,Cash,In-store,Mona K.,0,5.0,False,False
ORD105857,2025-11-29,CUST0547,Laila Abdel Rahman,tanta,Consumer,Electronics,Smart Watch,2,3538.18,5.0,6722.54,4197.86,2524.68,Card,Online,Omar F.,1,5.0,True,False
ORD102359,2024-04-10,CUST0131,Mona Abdel Rahman,cairo,Consumer,Clothing,Sneakers,1,1355.12,15.0,1151.85,679.75,472.1,Mobile Wallet,Online,Sara M.,3,3.0,True,False
ORD100087,2023-01-21,CUST0314,Ahmed Abdel Rahman,Giza,Consumer,Groceries,Coffee 250g,1,183.47,0.0,183.47,102.42,81.05,Card,In-store,Nourhan S.,0,1.0,False,False
ORD102906,2024-07-29,CUST0023,Mona Mostafa,Cairo,Consumer,Groceries,Rice 5kg,1,214.0,20.0,171.2,150.86,20.34,Card,Phone,Nourhan S.,0,3.0,True,False
ORD104332,2025-03-17,CUST0093,Nourhan Mahmoud,Giza,Consumer,Electronics,Smart Watch,1,3745.73,0.0,3745.73,2195.55,1550.18,Cash,In-store,Mona K.,0,4.0,False,False
ORD100601,2023-04-18,CUST0497,Khaled Khalil,Cairo,SMB,Clothing,Men's T-Shirt,1,355.98,0.0,355.98,149.83,206.15,Card,Online,Khaled T.,2,3.0,False,False
ORD104297,2025-03-14,CUST0556,Rania El-Sayed,Tanta,Consumer,Home & Kitchen,Air Fryer,1,2887.95,0.0,2887.95,1663.15,1224.8,Cash,In-store,Omar F.,0,3.0,False,False
ORD104498,2025-04-05,CUST0271,Mona Farouk,Aswan,Consumer,Beauty,Perfume,1,1235.5,0.0,1235.5,620.69,614.81,Mobile Wallet,In-store,Nourhan S.,0,5.0,False,False
ORD100335,2023-03-13,CUST0384,Heba Khalil,Cairo,Consumer,Electronics,Bluetooth Speaker,1,1003.87,0.0,1003.87,563.69,440.18,Card,Online,Mona K.,2,4.0,False,False
ORD102344,2024-04-08,CUST0572,Karim Sherif,Alexandria,SMB,Clothing,Hoodie,1,619.3,0.0,619.3,290.86,328.44,Cash,In-store,Omar F.,0,5.0,False,False
ORD102069,2024-03-02,CUST0264,Amr Aziz,Giza,Consumer,Beauty,Skincare Set,5,763.5,0.0,3817.5,1826.15,1991.35,Installment,In-store,Mona K.,0,4.0,False,False
ORD105704,2025-11-14,CUST0579,Omar Aziz,Tanta,Consumer,Sports,Dumbbell Set,1,1804.92,0.0,1804.92,1113.55,691.37,Cash,In-store,Youssef A.,0,3.0,False,False
ORD101432,2023-11-02,CUST0209,Mona Mostafa,Alexandria,SMB,Electronics,Bluetooth Speaker,1,905.82,0.0,905.82,563.14,342.68,Cash,In-store,Sara M.,0,4.0,False,False
ORD105841,2025-11-28,CUST0567,Nourhan Aziz,Alexandria,Consumer,Home & Kitchen,Coffee Maker,1,1525.45,10.0,1372.9,871.42,501.48,Cash,Online,,4,1.0,True,False
ORD100084,2023-01-19,CUST0093,Nourhan Mahmoud,Giza,Consumer,Groceries,Honey Jar,1,300.92,0.0,-300.92,195.71,-105.21,Cash,In-store,Sara M.,0,4.0,False,True
ORD102483,2024-05-05,CUST0220,Ahmed Hassan,Tanta,SMB,SPORTS,Yoga Mat,1,446.11,0.0,446.11,229.58,216.53,Mobile Wallet,In-store,Youssef A.,0,3.0,False,False
ORD103346,2024-11-02,CUST0571,Yasmin Khalil,Cairo,Consumer,Electronics,Power Bank,2,583.12,0.0,1166.24,700.74,465.5,Cash,Online,Youssef A.,5,,False,False
ORD100330,2023-03-12,CUST0531,Tarek Khalil,Alexandria,Consumer,Electronics,Phone Case,2,239.3,0.0,478.6,173.08,305.52,Card,Phone,Omar F.,0,4.0,False,False
ORD101329,2023-10-11,CUST0096,Karim Abdel Rahman,Tanta,Consumer,Home & Kitchen,Air Fryer,1,2671.0,0.0,2671.0,1703.66,967.34,Card,In-store,Omar F.,0,1.0,False,False
ORD100424,2023-03-25,CUST0567,Nourhan Aziz,Alexandria,Consumer,Groceries,Olive Oil 1L,2,280.17,0.0,560.34,367.52,192.82,Card,Online,,3,4.0,False,False
ORD101470,2023-11-12,CUST0486,Nada Sherif,Alexandria,Consumer,Groceries,Rice 5kg,2,226.87,0.0,453.74,295.72,158.02,Cash,Phone,Nourhan S.,0,4.0,False,False
ORD103916,2025-01-28,CUST0017,Youssef Farouk,cairo,Consumer,Clothing,Sneakers,1,1482.41,0.0,1482.41,733.79,748.62,Mobile Wallet,In-store,Youssef A.,0,5.0,False,False
ORD105594,2025-10-27,CUST0298,Mahmoud Sherif,Giza,Consumer,Beauty,Skincare Set,1,761.92,0.0,761.92,357.1,404.82,Mobile Wallet,Online,,1,4.0,False,False
ORD100013,2023-01-03,CUST0431,Tarek Hassan,Giza,Enterprise,Electronics,Power Bank,1,562.99,0.0,562.99,345.93,217.06,Cash,Online,,4,5.0,False,False
ORD100661,2023-04-27,CUST0033,Yasmin El-Sayed,Tanta,Consumer,Clothing,Women's Dress,1,846.41,0.0,846.41,392.5,453.91,Cash,In-store,Khaled T.,0,4.0,False,False
ORD101981,2024-02-14,CUST0565,Yasmin Mostafa,Cairo,Consumer,Groceries,Coffee 250g,2,174.74,0.0,349.48,209.42,140.06,Cash,In-store,Nourhan S.,0,5.0,False,False
ORD100866,2023-06-09,CUST0277,Tarek Mostafa,mansoura,Consumer,Beauty,Perfume,1,1380.24,0.0,1380.24,587.9,792.34,Installment,Phone,Khaled T.,0,2.0,False,False
ORD100271,2023-03-03,CUST0495,Rania Mostafa,Giza,Consumer,Sports,Dumbbell Set,1,1880.84,0.0,1880.84,1145.12,735.72,Cash,Online,,0,4.0,False,False
ORD101586,2023-11-29,CUST0478,Tarek Khalil,giza,Consumer,Groceries,Rice 5kg,1,203.51,10.0,183.16,149.0,34.16,Cash,Online,,5,4.0,True,False
ORD105222,2025-08-22,CUST0574,Karim El-Sayed,Alexandria,SMB,Electronics,Wireless Earbuds,1,1231.67,0.0,1231.67,733.56,498.11,Cash,Online,Omar F.,2,5.0,False,False
ORD104458,2025-03-30,CUST0596,Mahmoud Ibrahim,Cairo,Consumer,Home & Kitchen,Coffee Maker,2,1460.99,0.0,2921.98,1697.66,1224.32,Card,Online,Khaled T.,2,3.0,False,False
ORD102987,2024-08-18,CUST0532,Adel El-Sayed,Giza,Consumer,Electronics,Smart Watch,1,3697.5,0.0,3697.5,2148.12,1549.38,Card,In-store,Khaled T.,0,4.0,False,False
ORD104292,2025-03-13,CUST0485,Mahmoud Farouk,giza,Consumer,Groceries,Olive Oil 1L,1,298.32,0.0,298.32,178.34,119.98,Installment,Online,,1,5.0,False,False
ORD100765,2023-05-16,CUST0071,Mahmoud Sherif,Giza,Consumer,Beauty,Hair Dryer,3,921.09,0.0,2763.27,1311.66,1451.61,Cash,Phone,Youssef A.,0,4.0,False,False
ORD105146,2025-08-05,CUST0347,Mona Mostafa,Alexandria,Enterprise,Beauty,Skincare Set,2,854.21,0.0,1708.42,670.9,1037.52,Cash,In-store,Omar F.,0,3.0,False,False
ORD100019,2023-01-04,CUST0376,Mahmoud Ibrahim,Giza,Consumer,Sports,Running Shoes,3,1570.36,15.0,4004.42,2432.43,1571.99,Card,Online,Nourhan S.,1,1.0,True,False
ORD100035,2023-01-07,CUST0471,Sara Abdel Rahman,Cairo,Consumer,Home & Kitchen,Air Fryer,3,2954.22,0.0,8862.66,5189.67,3672.99,Card,In-store,Youssef A.,0,5.0,False,False
ORD102151,2024-03-12,CUST0020,Salma Mostafa,Giza,Consumer,Electronics,Phone Case,1,242.12,0.0,242.12,87.74,154.38,Card,In-store,Nourhan S.,0,5.0,False,False
ORD101775,2024-01-05,CUST0025,Yasmin Khalil,Mansoura,SMB,Sports,Dumbbell Set,1,1844.25,0.0,1844.25,1068.16,776.09,Card,Online,Khaled T.,4,,False,False
ORD103068,2024-09-08,CUST0270,Salma Sherif,Giza,SMB,Clothing,Men's T-Shirt,3,347.02,0.0,1041.06,434.64,606.42,Mobile Wallet,Online,,0,4.0,False,False
ORD101040,2023-07-27,CUST0577,Laila El-Sayed,alexandria,SMB,Sports,Yoga Mat,1,432.16,0.0,432.16,228.31,203.85,Card,In-store,Mona K.,0,5.0,False,False
ORD102653,2024-06-05,CUST0153,Ahmed Hassan,cairo,Enterprise,Electronics,Phone Case,1,253.23,0.0,253.23,92.03,161.2,Mobile Wallet,Online,,1,5.0,False,False
ORD102623,2024-05-31,CUST0574,Karim El-Sayed,Alexandria,SMB,Groceries,Coffee 250g,3,190.88,0.0,572.64,304.5,268.14,Mobile Wallet,Online,Mona K.,0,3.0,False,False
ORD100700,2023-05-05,CUST0329,Heba Aziz,Mansoura,Consumer,Clothing,Women's Dress,1,866.38,0.0,866.38,410.5,455.88,Cash,In-store,Mona K.,0,4.0,False,False
ORD103493,2024-11-25,CUST0433,Salma Khalil,Alexandria,Consumer,Sports,Running Shoes,2,1483.99,20.0,2374.38,1617.92,756.46,Mobile Wallet,Online,Sara M.,1,5.0,True,False
ORD104638,2025-04-30,CUST0445,Mahmoud Aziz,Cairo,Consumer,Electronics,Phone Case,2,268.47,0.0,536.94,182.7,354.24,Mobile Wallet,Online,Khaled T.,2,,False,False
ORD100658,2023-04-27,CUST0036,Heba Mahmoud,Alexandria,Consumer,Groceries,Honey Jar,1,317.97,0.0,317.97,192.32,125.65,Cash,In-store,Youssef A.,0,5.0,False,False
ORD105337,2025-09-13,CUST0520,Mahmoud Abdel Rahman,Giza,Consumer,Groceries,Olive Oil 1L,2,259.24,0.0,518.48,377.56,140.92,Card,Online,Sara M.,2,4.0,False,False
ORD103265,2024-10-16,CUST0478,Tarek Khalil,Giza,Consumer,Groceries,Olive Oil 1L,2,266.6,0.0,533.2,364.26,168.94,Cash,In-store,Nourhan S.,0,3.0,False,False
ORD103450,2024-11-22,CUST0145,Sara Hassan,Mansoura,Consumer,Clothing,Men's T-Shirt,5,335.17,5.0,1592.06,732.55,859.51,Installment,In-store,Nourhan S.,0,5.0,True,False
ORD101866,2024-01-25,CUST0447,Youssef Ibrahim,Cairo,SMB,Home & Kitchen,Cookware Set,1,2361.04,20.0,1888.83,1271.13,617.7,Card,In-store,Khaled T.,0,2.0,True,False
ORD101864,2024-01-25,CUST0584,Dina Mostafa,Alexandria,SMB,Beauty,Skincare Set,1,861.87,0.0,861.87,342.75,519.12,Cash,In-store,Youssef A.,0,5.0,False,False
ORD100406,2023-03-23,CUST0416,Sara Khalil,Giza,SMB,HOME & KITCHEN,Coffee Maker,2,1464.23,0.0,2928.46,1683.8,1244.66,Card,Online,Khaled T.,7,5.0,False,False
ORD105948,2025-12-10,CUST0239,Youssef Mostafa,Giza,Consumer,Electronics,Bluetooth Speaker,1,971.09,0.0,971.09,563.43,407.66,Mobile Wallet,Online,Sara M.,5,5.0,False,False
ORD102077,2024-03-03,CUST0561,Mona Ibrahim,Cairo,Consumer,Home & Kitchen,Cookware Set,2,2291.68,0.0,4583.36,2551.16,2032.2,Cash,Online,Mona K.,2,2.0,False,False
ORD103972,2025-02-05,CUST0114,Rania Aziz,Tanta,SMB,Groceries,Coffee 250g,1,189.57,0.0,189.57,101.27,88.3,Mobile Wallet,In-store,Khaled T.,0,2.0,False,False
ORD104137,2025-02-23,CUST0286,Tarek Aziz,Giza,SMB,Clothing,Men's T-Shirt,1,367.49,0.0,367.49,146.62,220.87,Cash,Online,,4,,False,False
ORD105143,2025-08-04,CUST0088,Mona El-Sayed,Mansoura,Consumer,Electronics,Power Bank,2,556.4,0.0,1112.8,704.7,408.1,Mobile Wallet,Online,,3,5.0,False,False
ORD102635,2024-06-01,CUST0595,Heba El-Sayed,Giza,SMB,Sports,Running Shoes,1,1593.63,0.0,1593.63,846.37,747.26,Cash,Online,Mona K.,0,5.0,False,False
ORD100897,2023-06-19,CUST0573,Heba Mahmoud,Cairo,Consumer,Home & Kitchen,Air Fryer,1,2847.33,0.0,2847.33,1698.21,1149.12,Card,Online,,3,3.0,False,False
ORD104286,2025-03-12,CUST0504,Heba Mostafa,Mansoura,Consumer,Beauty,Makeup Kit,2,572.09,0.0,1144.18,483.56,660.62,Installment,Online,,2,3.0,False,False
ORD105507,2025-10-12,CUST0339,Karim Mahmoud,Alexandria,SMB,Sports,Running Shoes,1,1555.8,0.0,1555.8,811.68,744.12,Card,In-store,Mona K.,0,3.0,False,False
ORD105760,2025-11-21,CUST0587,Khaled Aziz,Mansoura,SMB,Groceries,Rice 5kg,1,237.47,25.0,178.1,147.26,30.84,Cash,Online,,7,3.0,True,False
ORD104281,2025-03-12,CUST0244,Youssef Aziz,Tanta,Consumer,Home & Kitchen,Coffee Maker,1,1512.38,0.0,1512.38,818.7,693.68,Mobile Wallet,Online,,2,4.0,False,False
ORD103982,2025-02-07,CUST0079,Dina Khalil,Aswan,Consumer,Home & Kitchen,Blender,1,1159.81,0.0,1159.81,627.17,532.64,Card,In-store,Mona K.,0,4.0,False,False
ORD100073,2023-01-17,CUST0443,Khaled El-Sayed,Alexandria,Consumer,Clothing,Jeans,1,779.15,0.0,779.15,327.61,451.54,Card,Online,,1,3.0,False,False
ORD105399,2025-09-23,CUST0481,Khaled Mostafa,Alexandria,Consumer,Clothing,Hoodie,1,641.82,0.0,641.82,287.34,354.48,Card,Online,Sara M.,4,4.0,False,False
ORD100157,2023-02-06,CUST0414,Youssef Hassan,Alexandria,SMB,Sports,Yoga Mat,1,477.6,0.0,477.6,218.13,259.47,Mobile Wallet,Online,Khaled T.,2,4.0,False,False
ORD104274,2025-03-11,CUST0425,Sara Hassan,Cairo,SMB,Electronics,Smart Watch,1,3231.58,0.0,3231.58,2032.98,1198.6,Cash,Online,Youssef A.,5,3.0,False,False
ORD100022,2023-01-05,CUST0139,Ahmed Hassan,Tanta,Consumer,Electronics,Phone Case,5,265.21,0.0,1326.05,455.55,870.5,Cash,Online,Nourhan S.,1,2.0,False,False
ORD105720,2025-11-16,CUST0575,Adel Ibrahim,Alexandria,SMB,Clothing,Women's Dress,1,888.96,0.0,888.96,391.93,497.03,Card,In-store,Khaled T.,0,,False,False
ORD105472,2025-10-06,CUST0355,Khaled El-Sayed,Cairo,SMB,Electronics,Bluetooth Speaker,1,916.77,0.0,916.77,528.11,388.66,Installment,In-store,Nourhan S.,0,4.0,False,False
ORD102973,2024-08-16,CUST0136,Rania Mostafa,tanta,Consumer,Groceries,Rice 5kg,1,235.23,0.0,235.23,143.66,91.57,Installment,In-store,Khaled T.,0,,False,False
ORD101466,2023-11-11,CUST0488,Nourhan Khalil,Alexandria,Enterprise,Home & Kitchen,Air Fryer,1,2742.47,0.0,2742.47,1756.3,986.17,Installment,Phone,Youssef A.,0,1.0,False,False
ORD102881,2024-07-25,CUST0261,Omar Sherif,Giza,Consumer,Home & Kitchen,Blender,1,1087.19,0.0,1087.19,628.18,459.01,Cash,Phone,Nourhan S.,0,1.0,False,False
ORD103480,2024-11-24,CUST0073,Ahmed Aziz,Cairo,Enterprise,Beauty,Skincare Set,1,779.32,15.0,662.42,349.27,313.15,Card,Online,Khaled T.,0,3.0,True,False
ORD104029,2025-02-11,CUST0042,Omar Aziz,Aswan,SMB,Clothing,Hoodie,1,680.19,15.0,578.16,287.65,290.51,Installment,In-store,Khaled T.,0,4.0,True,False
ORD101759,2024-01-01,CUST0375,Amr Khalil,Cairo,Consumer,Clothing,Sneakers,1,1412.18,0.0,1412.18,687.95,724.23,Cash,In-store,Sara M.,0,2.0,False,False
ORD103352,2024-11-03,CUST0563,Nada Sherif,Mansoura,SMB,Clothing,Hoodie,5,630.45,0.0,3152.25,1521.7,1630.55,Cash,In-store,Sara M.,0,2.0,False,False
ORD103270,2024-10-16,CUST0464,Adel Mahmoud,Aswan,SMB,Sports,Running Shoes,1,1478.4,0.0,1478.4,852.35,626.05,Installment,Online,Khaled T.,1,3.0,False,False
ORD102493,2024-05-07,CUST0220,Ahmed Hassan,Tanta,SMB,Clothing,Hoodie,1,667.75,0.0,667.75,313.94,353.81,Installment,In-store,Nourhan S.,0,3.0,False,False
ORD101924,2024-02-03,CUST0392,Karim Mahmoud,Giza,Consumer,Groceries,Honey Jar,3,324.76,0.0,974.28,607.59,366.69,Card,Online,Nourhan S.,7,4.0,False,False
ORD105082,2025-07-24,CUST0072,Omar Ibrahim,Mansoura,Consumer,Electronics,Smart Watch,2,3644.26,0.0,7288.52,4155.2,3133.32,Mobile Wallet,Online,,1,4.0,False,False
ORD100745,2023-05-13,CUST0001,Omar Mostafa,Alexandria,SMB,Beauty,Makeup Kit,1,639.36,0.0,639.36,260.39,378.97,Mobile Wallet,In-store,Nourhan S.,0,5.0,False,False
ORD104649,2025-05-03,CUST0479,Nada Khalil,Aswan,SMB,Electronics,Wireless Earbuds,5,1277.94,0.0,6389.7,3924.2,2465.5,Card,In-store,Nourhan S.,0,5.0,False,False
ORD105627,2025-11-01,CUST0563,Nada Sherif,mansoura,SMB,Sports,Football,1,403.65,0.0,403.65,178.18,225.47,Card,In-store,Nourhan S.,0,4.0,False,False
ORD102335,2024-04-07,CUST0369,Khaled Aziz,Tanta,SMB,Electronics,Bluetooth Speaker,1,940.98,0.0,940.98,531.42,409.56,Card,In-store,Mona K.,0,4.0,False,False
ORD105963,2025-12-13,CUST0146,Karim Ibrahim,Cairo,Consumer,Clothing,Women's Dress,1,841.24,0.0,841.24,381.79,459.45,Mobile Wallet,Online,Khaled T.,2,5.0,False,False
ORD101372,2023-10-22,CUST0534,Amr El-Sayed,Aswan,Consumer,Groceries,Coffee 250g,1,176.2,0.0,176.2,101.16,75.04,Cash,In-store,Sara M.,0,5.0,False,False
ORD104383,2025-03-23,CUST0386,Youssef Mahmoud,Alexandria,Consumer,Clothing,Men's T-Shirt,1,362.37,0.0,362.37,148.41,213.96,Cash,Online,Khaled T.,5,5.0,False,False
ORD103880,2025-01-22,CUST0548,Amr Farouk,Cairo,SMB,Electronics,Bluetooth Speaker,1,950.51,0.0,950.51,538.66,411.85,Card,In-store,Youssef A.,0,2.0,False,False
ORD103399,2024-11-13,CUST0013,Karim Sherif,Giza,Consumer,Sports,Football,2,394.33,0.0,788.66,350.58,438.08,Card,In-store,Sara M.,0,,False,False
ORD102705,2024-06-14,CUST0161,Karim Khalil,Cairo,Consumer,Clothing,Women's Dress,1,832.53,0.0,832.53,396.52,436.01,Card,Online,,3,5.0,False,False
ORD104658,2025-05-03,CUST0350,Dina Hassan,Alexandria,SMB,Groceries,Rice 5kg,1,218.3,0.0,218.3,154.61,63.69,Cash,In-store,Omar F.,0,3.0,False,False
ORD105482,2025-10-08,CUST0459,Amr Ibrahim,Tanta,Consumer,Groceries,Coffee 250g,1,176.48,0.0,176.48,100.66,75.82,Card,Online,Youssef A.,0,,False,False
ORD105188,2025-08-14,CUST0528,Tarek Mahmoud,Cairo,Consumer,Sports,Running Shoes,1,1544.81,0.0,1544.81,859.74,685.07,Cash,In-store,Mona K.,0,4.0,False,False
ORD105824,2025-11-27,CUST0252,Adel Sherif,Alexandria,SMB,Clothing,Women's Dress,2,927.13,20.0,1483.41,818.2,665.21,Cash,In-store,Mona K.,0,4.0,True,False
ORD102745,2024-06-22,CUST0300,Nourhan Khalil,Cairo,Enterprise,Electronics,Phone Case,3,233.26,0.0,699.78,258.63,441.15,Cash,Online,,0,1.0,False,False
ORD102419,2024-04-21,CUST0409,Ahmed Farouk,Cairo,Consumer,Electronics,Power Bank,2,627.31,0.0,1254.62,702.34,552.28,Mobile Wallet,In-store,Youssef A.,0,2.0,False,False
ORD102200,2024-03-19,CUST0588,Nourhan Sherif,Aswan,SMB,Clothing,Jeans,1,795.49,0.0,795.49,309.71,485.78,Card,Phone,,0,4.0,False,False
ORD105114,2025-07-30,CUST0269,Dina Aziz,Alexandria,SMB,Electronics,Power Bank,2,633.8,0.0,1267.6,702.6,565.0,Cash,In-store,Youssef A.,0,2.0,False,False
ORD103426,2024-11-17,CUST0455,Salma Khalil,Cairo,Enterprise,Home & Kitchen,Vacuum Cleaner,1,3225.47,0.0,3225.47,1992.55,1232.92,Card,Phone,Mona K.,0,,False,False
ORD105737,2025-11-19,CUST0351,Karim Farouk,Alexandria,SMB,Home & Kitchen,Coffee Maker,1,1495.16,0.0,1495.16,873.31,621.85,Mobile Wallet,In-store,Omar F.,0,2.0,False,False
ORD105976,2025-12-16,CUST0358,Amr Aziz,Cairo,Consumer,Beauty,Perfume,1,1314.37,0.0,1314.37,603.65,710.72,Cash,Online,Sara M.,5,5.0,False,False
ORD103584,2024-12-02,CUST0305,Hassan Mostafa,Alexandria,SMB,Clothing,Sneakers,1,1488.55,0.0,1488.55,710.97,777.58,Installment,In-store,Mona K.,0,5.0,False,False
ORD105677,2025-11-08,CUST0405,Nada Sherif,Tanta,Consumer,Beauty,Hair Dryer,1,940.9,0.0,940.9,461.15,479.75,Card,In-store,Nourhan S.,0,5.0,False,False
ORD101162,2023-09-03,CUST0133,Sara Ibrahim,Mansoura,Enterprise,Home & Kitchen,Air Fryer,1,2741.13,0.0,2741.13,1729.94,1011.19,Cash,Online,Nourhan S.,1,4.0,False,False
ORD101863,2024-01-25,CUST0061,Dina Hassan,Aswan,Consumer,Electronics,Bluetooth Speaker,1,1021.66,0.0,1021.66,556.51,465.15,Mobile Wallet,In-store,Mona K.,0,4.0,False,False
ORD105308,2025-09-08,CUST0099,Mahmoud Ibrahim,Giza,Enterprise,Home & Kitchen,Cookware Set,2,2349.56,0.0,4699.12,2614.28,2084.84,Mobile Wallet,Online,,1,2.0,False,False
ORD104760,2025-05-22,CUST0569,Yasmin Hassan,Giza,SMB,Home & Kitchen,Blender,1,1066.55,15.0,906.57,629.06,277.51,Cash,In-store,Youssef A.,0,4.0,True,False
ORD100433,2023-03-27,CUST0502,Mahmoud Mahmoud,Giza,Consumer,Home & Kitchen,Coffee Maker,5,1475.79,0.0,7378.95,4214.05,3164.9,Card,In-store,Nourhan S.,0,4.0,False,False
ORD105515,2025-10-14,CUST0259,Omar Farouk,Giza,Consumer,Beauty,Makeup Kit,2,602.31,0.0,1204.62,479.7,724.92,Mobile Wallet,Online,,2,,False,False
ORD101936,2024-02-05,CUST0377,Sara Ibrahim,Aswan,SMB,Clothing,Women's Dress,1,926.21,0.0,926.21,416.02,510.19,Card,Online,,3,5.0,False,False
ORD105066,2025-07-19,CUST0146,Karim Ibrahim,Cairo,Consumer,Electronics,Smart Watch,2,3412.6,0.0,6825.2,4382.96,2442.24,Card,In-store,Omar F.,0,4.0,False,False
ORD103596,2024-12-05,CUST0296,Karim Ibrahim,Mansoura,SMB,Sports,Dumbbell Set,1,1938.9,0.0,1938.9,1063.44,875.46,Card,Online,Sara M.,5,4.0,False,False
ORD102605,2024-05-27,CUST0374,Amr Aziz,Cairo,Consumer,Electronics,Power Bank,1,643.8,0.0,643.8,362.75,281.05,Installment,Online,Youssef A.,3,5.0,False,False
ORD105798,2025-11-24,CUST0307,Ahmed Farouk,Mansoura,Consumer,Clothing,Women's Dress,2,938.41,10.0,1689.14,831.56,857.58,Card,In-store,Sara M.,0,5.0,True,False
ORD100137,2023-01-31,CUST0175,Karim Mostafa,Mansoura,SMB,Sports,Dumbbell Set,1,1751.62,0.0,1751.62,1117.91,633.71,Mobile Wallet,In-store,Sara M.,0,3.0,False,False
ORD105840,2025-11-28,CUST0171,Heba Hassan,Aswan,Consumer,Groceries,Olive Oil 1L,1,300.25,25.0,225.19,182.95,42.24,Mobile Wallet,Online,,0,3.0,True,False
ORD101738,2023-12-30,CUST0485,Mahmoud Farouk,Giza,Consumer,Sports,Running Shoes,2,1692.1,0.0,3384.2,1697.64,1686.56,Cash,In-store,Omar F.,0,4.0,False,False
ORD100976,2023-07-10,CUST0056,Youssef Farouk,Cairo,Consumer,Clothing,Women's Dress,1,913.37,0.0,913.37,399.65,513.72,Cash,In-store,Mona K.,0,4.0,False,False
ORD103576,2024-12-01,CUST0559,Adel Hassan,Giza,Enterprise,Home & Kitchen,Cookware Set,1,2226.16,0.0,2226.16,1251.74,974.42,Cash,In-store,Sara M.,0,5.0,False,False
ORD104893,2025-06-14,CUST0246,Nada Aziz,Giza,SMB,Electronics,Bluetooth Speaker,1,992.12,0.0,992.12,524.24,467.88,Cash,In-store,Omar F.,0,2.0,False,False
ORD102062,2024-03-01,CUST0402,Yasmin Hassan,Aswan,Consumer,Home & Kitchen,Cookware Set,1,2091.13,0.0,2091.13,1283.02,808.11,Mobile Wallet,Online,Youssef A.,7,5.0,False,False
ORD104371,2025-03-22,CUST0114,Rania Aziz,Tanta,SMB,Groceries,Honey Jar,1,326.38,0.0,326.38,207.75,118.63,Mobile Wallet,In-store,Youssef A.,0,5.0,False,False
ORD103548,2024-11-29,CUST0293,Sara Hassan,Cairo,SMB,Electronics,Phone Case,1,263.83,10.0,237.45,93.34,144.11,Mobile Wallet,In-store,Khaled T.,0,4.0,True,False
ORD104635,2025-04-29,CUST0002,Amr Khalil,Cairo,Consumer,Electronics,Bluetooth Speaker,3,983.9,0.0,2951.7,1602.66,1349.04,Mobile Wallet,In-store,Youssef A.,0,3.0,False,False
ORD104203,2025-03-03,CUST0116,Mona Ibrahim,Cairo,Enterprise,Electronics,Bluetooth Speaker,1,997.02,0.0,997.02,537.43,459.59,Card,Online,Sara M.,4,1.0,False,False
ORD100602,2023-04-18,CUST0558,Omar Ibrahim,Cairo,Consumer,Clothing,Jeans,1,692.91,0.0,-692.91,324.0,-368.91,Mobile Wallet,In-store,Omar F.,0,,False,True
ORD101024,2023-07-22,CUST0084,Mona Hassan,Cairo,SMB,Beauty,Hair Dryer,1,886.37,0.0,886.37,435.78,450.59,Cash,Online,Youssef A.,2,5.0,False,False
ORD105939,2025-12-08,CUST0350,Dina Hassan,Alexandria,SMB,Clothing,Hoodie,1,654.6,0.0,654.6,300.73,353.87,Cash,Online,,1,5.0,False,False
ORD102571,2024-05-23,CUST0356,Nourhan Farouk,Cairo,Consumer,Clothing,Men's T-Shirt,1,376.03,0.0,376.03,149.57,226.46,Installment,Phone,,0,4.0,False,False
ORD102172,2024-03-14,CUST0576,Heba Aziz,Cairo,Consumer,Beauty,Perfume,1,1335.97,0.0,1335.97,592.1,743.87,Cash,In-store,Mona K.,0,3.0,False,False
ORD102016,2024-02-23,CUST0571,Yasmin Khalil,Cairo,Consumer,Beauty,Makeup Kit,1,616.18,0.0,616.18,258.2,357.98,Cash,Online,Nourhan S.,3,1.0,False,False
ORD103568,2024-11-30,CUST0567,Nourhan Aziz,Alexandria,Consumer,Groceries,Honey Jar,2,323.56,15.0,550.05,395.4,154.65,Card,Online,Sara M.,1,3.0,True,False
ORD100241,2023-02-26,CUST0204,Rania Farouk,Cairo,Consumer,Groceries,Olive Oil 1L,1,281.96,0.0,281.96,183.51,98.45,Installment,In-store,Sara M.,0,3.0,False,False
ORD103536,2024-11-28,CUST0506,Adel Khalil,Mansoura,Consumer,Home & Kitchen,Coffee Maker,1,1451.51,5.0,1378.93,876.56,502.37,Mobile Wallet,Online,,1,5.0,True,False
ORD100722,2023-05-08,CUST0113,Omar Sherif,Cairo,Consumer,Sports,Dumbbell Set,1,1698.73,0.0,1698.73,1114.96,583.77,Installment,Online,Youssef A.,1,5.0,False,False
ORD101429,2023-11-01,CUST0105,Nada Mahmoud,Cairo,Consumer,Electronics,Smart Watch,2,3540.69,0.0,7081.38,4172.28,2909.1,Card,Online,Mona K.,2,5.0,False,False
ORD100726,2023-05-09,CUST0310,Adel Farouk,Cairo,Consumer,Groceries,Rice 5kg,3,220.61,0.0,661.83,430.86,230.97,Mobile Wallet,In-store,Sara M.,0,3.0,False,False
ORD101696,2023-12-23,CUST0024,Amr Mahmoud,mansoura,SMB,Clothing,Hoodie,1,634.95,0.0,634.95,289.93,345.02,Mobile Wallet,In-store,Nourhan S.,0,3.0,False,False
ORD102761,2024-06-25,CUST0030,Mona Abdel Rahman,Cairo,Consumer,Beauty,Makeup Kit,2,589.18,0.0,1178.36,510.88,667.48,Mobile Wallet,In-store,Mona K.,0,3.0,False,False
ORD104227,2025-03-06,CUST0357,Mona Hassan,Aswan,Consumer,Beauty,Perfume,2,1352.29,0.0,2704.58,1220.44,1484.14,Card,Online,Mona K.,2,4.0,False,False
ORD106014,2025-12-23,CUST0297,Youssef Mahmoud,Cairo,Consumer,Sports,Running Shoes,1,1543.7,0.0,1543.7,836.25,707.45,Mobile Wallet,Phone,Khaled T.,0,4.0,False,False
ORD100178,2023-02-11,CUST0439,Hassan Ibrahim,Alexandria,Consumer,Clothing,Men's T-Shirt,1,354.93,0.0,354.93,148.9,206.03,Card,Online,,4,3.0,False,False
ORD104843,2025-06-05,CUST0056,Youssef Farouk,Cairo,Consumer,Electronics,Smart Watch,1,3694.62,0.0,3694.62,2160.54,1534.08,Card,Phone,Khaled T.,0,2.0,False,False
ORD102554,2024-05-19,CUST0216,Mona Ibrahim,Giza,SMB,Clothing,Jeans,1,806.09,0.0,806.09,328.93,477.16,Card,In-store,Nourhan S.,0,,False,False
ORD105455,2025-10-03,CUST0191,Ahmed Sherif,Cairo,Enterprise,Clothing,Jeans,1,721.56,10.0,649.4,324.99,324.41,Cash,Online,,5,1.0,True,False
ORD102265,2024-03-26,CUST0068,Mona Sherif,Cairo,SMB,Sports,Dumbbell Set,1,1836.41,0.0,1836.41,1129.68,706.73,Mobile Wallet,Online,,3,4.0,False,False
ORD100454,2023-03-30,CUST0282,Youssef El-Sayed,Cairo,Consumer,Home & Kitchen,Vacuum Cleaner,2,3446.98,0.0,6893.96,3685.26,3208.7,Card,In-store,Youssef A.,0,5.0,False,False
ORD104746,2025-05-20,CUST0162,Ahmed Aziz,Giza,Enterprise,Home & Kitchen,Blender,1,1020.08,0.0,1020.08,619.53,400.55,Mobile Wallet,Online,,0,1.0,False,False
ORD100101,2023-01-22,CUST0264,Amr Aziz,Giza,Consumer,Sports,Yoga Mat,1,438.14,0.0,438.14,210.47,227.67,Mobile Wallet,In-store,Omar F.,0,5.0,False,False
ORD100895,2023-06-17,CUST0501,Hassan Abdel Rahman,Tanta,Consumer,Groceries,Honey Jar,1,322.72,0.0,322.72,194.23,128.49,Installment,In-store,Youssef A.,0,4.0,False,False
ORD102310,2024-04-01,CUST0522,Karim Mahmoud,Alexandria,SMB,Home & Kitchen,Vacuum Cleaner,1,3339.24,0.0,3339.24,1876.7,1462.54,Mobile Wallet,Online,Youssef A.,4,,False,False
ORD104944,2025-06-23,CUST0216,Mona Ibrahim,Giza,SMB,ELECTRONICS,Power Bank,2,619.05,0.0,1238.1,687.74,550.36,Cash,Online,Youssef A.,7,3.0,False,False
ORD105636,2025-11-02,CUST0477,Nourhan Mostafa,Alexandria,Consumer,Beauty,Perfume,2,1223.06,0.0,2446.12,1207.72,1238.4,Mobile Wallet,In-store,Omar F.,0,4.0,False,False
ORD101312,2023-10-06,CUST0561,Mona Ibrahim,Cairo,Consumer,Groceries,Coffee 250g,2,171.77,0.0,343.54,196.88,146.66,Card,In-store,Sara M.,0,3.0,False,False
ORD102463,2024-05-02,CUST0435,Dina El-Sayed,Cairo,Consumer,Electronics,Smart Watch,1,3743.07,0.0,3743.07,2118.88,1624.19,Card,In-store,Omar F.,0,5.0,False,False
ORD100959,2023-07-04,CUST0019,Hassan Mahmoud,Mansoura,Enterprise,Groceries,Coffee 250g,1,177.57,0.0,177.57,98.84,78.73,Mobile Wallet,In-store,Mona K.,0,,False,False
ORD100832,2023-06-01,CUST0245,Karim Ibrahim,Giza,SMB,Groceries,Coffee 250g,1,171.03,0.0,171.03,100.62,70.41,Cash,Online,Sara M.,3,3.0,False,False
ORD105998,2025-12-20,CUST0255,Yasmin Aziz,Tanta,Consumer,Electronics,Bluetooth Speaker,1,923.81,0.0,923.81,526.48,397.33,Cash,Online,Omar F.,1,3.0,False,False
ORD101448,2023-11-08,CUST0585,Hassan Abdel Rahman,Tanta,Consumer,Home & Kitchen,Vacuum Cleaner,1,3440.89,0.0,3440.89,1915.8,1525.09,Mobile Wallet,In-store,Sara M.,0,5.0,False,False
ORD102203,2024-03-19,CUST0163,Mahmoud Abdel Rahman,Giza,SMB,Beauty,Hair Dryer,2,932.57,0.0,1865.14,873.12,992.02,Card,Online,Omar F.,2,3.0,False,False
ORD103429,2024-11-19,CUST0143,Ahmed Ibrahim,Alexandria,Consumer,Sports,Running Shoes,3,1583.53,0.0,4750.59,2596.32,2154.27,Cash,Online,Khaled T.,2,,False,False
ORD100059,2023-01-14,CUST0081,Hassan Mostafa,Cairo,Consumer,SPORTS,Football,1,360.56,0.0,360.56,172.77,187.79,Card,Online,,1,2.0,False,False
ORD105103,2025-07-27,CUST0163,Mahmoud Abdel Rahman,Giza,SMB,Sports,Football,1,364.4,0.0,364.4,180.79,183.61,Installment,Online,Youssef A.,0,5.0,False,False
ORD105033,2025-07-12,CUST0302,Sara Sherif,Giza,Consumer,Groceries,Honey Jar,1,304.24,0.0,304.24,206.46,97.78,Cash,Online,,2,,False,False
ORD105561,2025-10-23,CUST0168,Omar Aziz,Cairo,Consumer,Home & Kitchen,Coffee Maker,1,1416.44,0.0,1416.44,830.14,586.3,Cash,Online,,1,4.0,False,False
ORD104063,2025-02-15,CUST0501,Hassan Abdel Rahman,Tanta,Consumer,Electronics,Phone Case,1,259.11,0.0,259.11,87.7,171.41,Cash,In-store,Omar F.,0,,False,False
ORD101185,2023-09-08,CUST0010,Mona Farouk,Cairo,Consumer,Sports,Football,5,383.13,0.0,1915.65,918.05,997.6,Cash,Phone,Mona K.,0,5.0,False,False
ORD102879,2024-07-24,CUST0068,Mona Sherif,Cairo,SMB,Groceries,Coffee 250g,2,169.72,0.0,339.44,206.38,133.06,Cash,Online,,0,,False,False
ORD103202,2024-10-01,CUST0213,Khaled Mostafa,Mansoura,Consumer,Clothing,Men's T-Shirt,1,340.0,0.0,340.0,154.03,185.97,Mobile Wallet,In-store,Omar F.,0,5.0,False,False
ORD101636,2023-12-07,CUST0007,Youssef Abdel Rahman,Mansoura,SMB,Clothing,Hoodie,1,655.17,0.0,655.17,296.28,358.89,Mobile Wallet,Phone,Omar F.,0,3.0,False,False
ORD102007,2024-02-21,CUST0238,Youssef Ibrahim,Giza,Consumer,Electronics,Power Bank,1,584.11,0.0,584.11,363.61,220.5,Mobile Wallet,In-store,Mona K.,0,,False,False
ORD104889,2025-06-14,CUST0120,Youssef Hassan,Giza,SMB,Electronics,Power Bank,2,590.16,0.0,1180.32,709.38,470.94,Mobile Wallet,In-store,Mona K.,0,2.0,False,False
ORD103657,2024-12-16,CUST0415,Laila Farouk,Cairo,Consumer,Electronics,Phone Case,1,234.98,0.0,234.98,91.16,143.82,Card,Online,Omar F.,2,4.0,False,False
ORD100301,2023-03-08,CUST0504,Heba Mostafa,Mansoura,Consumer,Sports,Football,2,397.22,0.0,794.44,348.06,446.38,Cash,In-store,Omar F.,0,4.0,False,False
ORD105654,2025-11-04,CUST0526,Laila Ibrahim,Giza,Enterprise,Clothing,Jeans,1,701.39,0.0,701.39,326.96,374.43,Mobile Wallet,Online,Nourhan S.,2,,False,False
ORD101026,2023-07-24,CUST0494,Mahmoud Mostafa,Alexandria,Consumer,Electronics,Power Bank,1,577.61,5.0,548.73,336.6,212.13,Card,In-store,Mona K.,0,5.0,True,False
ORD102703,2024-06-13,CUST0422,Mona Khalil,Cairo,Consumer,Electronics,Wireless Earbuds,1,1191.81,0.0,1191.81,769.92,421.89,Installment,Phone,Nourhan S.,0,1.0,False,False
ORD105650,2025-11-04,CUST0406,Mona Khalil,Cairo,SMB,Beauty,Skincare Set,1,845.41,0.0,845.41,349.88,495.53,Mobile Wallet,Online,Nourhan S.,2,4.0,False,False
ORD102029,2024-02-26,CUST0565,Yasmin Mostafa,Cairo,Consumer,Beauty,Skincare Set,1,818.6,0.0,818.6,366.29,452.31,Mobile Wallet,Online,,0,4.0,False,False
ORD104230,2025-03-06,CUST0451,Khaled Farouk,cairo,Consumer,Beauty,Makeup Kit,1,593.42,0.0,593.42,256.61,336.81,Card,In-store,Nourhan S.,0,4.0,False,False
ORD100049,2023-01-12,CUST0600,Mahmoud Mostafa,Giza,Enterprise,Groceries,Olive Oil 1L,1,258.14,0.0,258.14,171.16,86.98,Installment,Online,Nourhan S.,1,5.0,False,False
ORD104813,2025-05-31,CUST0154,Salma Aziz,Cairo,Consumer,Beauty,Skincare Set,1,863.11,0.0,863.11,356.37,506.74,Mobile Wallet,Online,Mona K.,2,4.0,False,False
ORD102698,2024-06-13,CUST0579,Omar Aziz,Tanta,Consumer,Groceries,Coffee 250g,1,185.68,0.0,185.68,104.91,80.77,Card,Online,Omar F.,1,4.0,False,False
ORD103233,2024-10-09,CUST0480,Amr Khalil,Cairo,SMB,Groceries,Olive Oil 1L,2,287.24,0.0,574.48,366.96,207.52,Mobile Wallet,In-store,Youssef A.,0,1.0,False,False
ORD102098,2024-03-05,CUST0190,Hassan Farouk,Mansoura,SMB,Clothing,Sneakers,1,1480.71,0.0,1480.71,717.46,763.25,Mobile Wallet,Online,Youssef A.,1,3.0,False,False
ORD100167,2023-02-08,CUST0496,Khaled Khalil,Alexandria,Consumer,Electronics,Phone Case,1,266.7,0.0,266.7,92.5,174.2,Installment,In-store,Sara M.,0,5.0,False,False
ORD103787,2025-01-05,CUST0482,Yasmin El-Sayed,Mansoura,SMB,Beauty,Skincare Set,2,752.5,0.0,1505.0,717.54,787.46,Card,In-store,Khaled T.,0,,False,False
ORD102617,2024-05-30,CUST0233,Sara Sherif,Mansoura,Consumer,Electronics,Smart Watch,2,3716.58,0.0,7433.16,4005.78,3427.38,Mobile Wallet,In-store,Sara M.,0,3.0,False,False
ORD105108,2025-07-29,CUST0364,Salma Sherif,Giza,Consumer,Electronics,Phone Case,1,246.84,0.0,246.84,86.73,160.11,Card,In-store,Nourhan S.,0,,False,False
ORD104718,2025-05-15,CUST0339,Karim Mahmoud,Alexandria,SMB,Beauty,Hair Dryer,2,927.9,0.0,1855.8,888.38,967.42,Cash,Online,Nourhan S.,0,2.0,False,False
ORD105590,2025-10-27,CUST0052,Ahmed Mahmoud,Alexandria,SMB,Beauty,Hair Dryer,1,942.35,0.0,942.35,438.36,503.99,Card,In-store,Omar F.,0,4.0,False,False
ORD101693,2023-12-23,CUST0087,Karim Ibrahim,Tanta,Consumer,Beauty,Perfume,3,1351.03,0.0,4053.09,1798.44,2254.65,Card,In-store,Khaled T.,0,,False,False
ORD103098,2024-09-13,CUST0587,Khaled Aziz,mansoura,SMB,Electronics,Bluetooth Speaker,1,921.98,0.0,921.98,567.91,354.07,Cash,Online,,4,4.0,False,False
ORD103534,2024-11-28,CUST0439,Hassan Ibrahim,Alexandria,Consumer,Home & Kitchen,Air Fryer,1,2961.44,25.0,2221.08,1663.22,557.86,Card,Online,Youssef A.,2,4.0,True,False
ORD102855,2024-07-18,CUST0234,Salma Khalil,Cairo,Consumer,Electronics,Bluetooth Speaker,3,1009.57,0.0,3028.71,1602.78,1425.93,Cash,In-store,Omar F.,0,,False,False
ORD104124,2025-02-22,CUST0403,Dina Aziz,Cairo,Consumer,Groceries,Olive Oil 1L,3,260.72,0.0,-782.16,535.65,-246.51,Card,Online,,1,4.0,False,True
ORD102354,2024-04-10,CUST0025,Yasmin Khalil,Mansoura,SMB,Clothing,Sneakers,2,1423.38,0.0,2846.76,1469.16,1377.6,Card,Online,Youssef A.,0,2.0,False,False
ORD101271,2023-09-27,CUST0421,Nourhan Hassan,Mansoura,SMB,Beauty,Skincare Set,1,764.42,0.0,764.42,366.29,398.13,Cash,Online,Nourhan S.,2,2.0,False,False
ORD101932,2024-02-05,CUST0382,Heba Khalil,Giza,Consumer,Sports,Running Shoes,1,1554.25,0.0,1554.25,844.83,709.42,Installment,Online,Youssef A.,1,5.0,False,False
ORD102014,2024-02-22,CUST0300,Nourhan Khalil,Cairo,Enterprise,Home & Kitchen,Vacuum Cleaner,1,3035.33,0.0,3035.33,1963.42,1071.91,Mobile Wallet,In-store,Youssef A.,0,3.0,False,False
ORD103747,2025-01-01,CUST0557,Omar Sherif,Giza,Enterprise,Groceries,Honey Jar,1,325.57,0.0,325.57,191.93,133.64,Mobile Wallet,In-store,Youssef A.,0,5.0,False,False
ORD104362,2025-03-21,CUST0410,Nourhan Abdel Rahman,Aswan,Enterprise,Sports,Dumbbell Set,1,1850.05,0.0,1850.05,1127.6,722.45,Card,In-store,Sara M.,0,5.0,False,False
ORD100945,2023-06-30,CUST0075,Youssef Mahmoud,Alexandria,Consumer,Electronics,Bluetooth Speaker,1,976.7,0.0,976.7,565.78,410.92,Card,Online,Sara M.,4,4.0,False,False
ORD105494,2025-10-10,CUST0334,Laila Mahmoud,Alexandria,SMB,Groceries,Olive Oil 1L,2,300.89,0.0,601.78,358.82,242.96,Installment,In-store,Nourhan S.,0,5.0,False,False
ORD105516,2025-10-14,CUST0119,Hassan Aziz,tanta,Consumer,Sports,Running Shoes,1,1568.26,0.0,1568.26,822.66,745.6,Cash,Phone,Khaled T.,0,3.0,False,False
ORD102614,2024-05-29,CUST0059,Heba Mahmoud,Tanta,Consumer,Electronics,Phone Case,2,241.5,0.0,483.0,179.66,303.34,Installment,Online,Khaled T.,2,5.0,False,False
ORD103908,2025-01-26,CUST0312,Mona Sherif,Tanta,Consumer,Electronics,Power Bank,1,591.04,0.0,591.04,366.53,224.51,Installment,Phone,Mona K.,0,3.0,False,False
ORD104611,2025-04-26,CUST0456,Laila Mahmoud,Alexandria,Consumer,Home & Kitchen,Coffee Maker,2,1525.27,0.0,3050.54,1693.54,1357.0,Cash,In-store,Nourhan S.,0,2.0,False,False
ORD105063,2025-07-18,CUST0176,Dina Abdel Rahman,Giza,SMB,Beauty,Makeup Kit,1,612.94,0.0,612.94,260.17,352.77,Card,Online,Youssef A.,4,5.0,False,False
ORD103308,2024-10-23,CUST0476,Ahmed Abdel Rahman,Cairo,Consumer,BEAUTY,Skincare Set,1,745.51,0.0,745.51,366.8,378.71,Mobile Wallet,Online,,5,4.0,False,False
ORD100799,2023-05-23,CUST0361,Sara Khalil,Cairo,Consumer,Beauty,Hair Dryer,2,845.4,0.0,1690.8,874.92,815.88,Card,Online,,3,5.0,False,False
ORD102518,2024-05-11,CUST0503,Ahmed Farouk,Aswan,Consumer,Beauty,Skincare Set,1,766.91,0.0,766.91,346.37,420.54,Card,Online,,0,,False,False
ORD104243,2025-03-08,CUST0102,Nada Mostafa,Cairo,Enterprise,Home & Kitchen,Coffee Maker,1,1387.23,0.0,1387.23,878.73,508.5,Cash,In-store,Mona K.,0,5.0,False,False
ORD102032,2024-02-27,CUST0168,Omar Aziz,Cairo,Consumer,Home & Kitchen,Coffee Maker,1,1576.63,0.0,1576.63,810.26,766.37,Card,Online,Khaled T.,3,5.0,False,False
ORD102044,2024-02-29,CUST0416,Sara Khalil,Giza,SMB,Beauty,Makeup Kit,1,635.23,0.0,635.23,250.25,384.98,Mobile Wallet,Online,,2,4.0,False,False
ORD105601,2025-10-28,CUST0200,Heba Farouk,Mansoura,Consumer,Home & Kitchen,Air Fryer,1,2645.49,0.0,-2645.49,1673.45,-972.04,Card,In-store,Youssef A.,0,4.0,False,True
ORD103535,2024-11-28,CUST0184,Laila Mostafa,aswan,Consumer,Home & Kitchen,Coffee Maker,1,1463.58,25.0,1097.68,812.81,284.87,Installment,Online,Omar F.,1,1.0,True,False
ORD100443,2023-03-29,CUST0466,Nourhan Hassan,Alexandria,Consumer,Clothing,Men's T-Shirt,1,366.49,0.0,366.49,143.98,222.51,Mobile Wallet,Online,,7,5.0,False,False
ORD100561,2023-04-13,CUST0271,Mona Farouk,Aswan,Consumer,Clothing,Jeans,1,714.77,0.0,714.77,326.0,388.77,Mobile Wallet,Online,,1,,False,False
ORD102056,2024-03-01,CUST0041,Amr Ibrahim,Alexandria,Consumer,Electronics,Smart Watch,5,3745.46,0.0,18727.3,10262.85,8464.45,Mobile Wallet,In-store,Nourhan S.,0,5.0,False,False
ORD105038,2025-07-12,CUST0155,Dina Abdel Rahman,Aswan,Consumer,Groceries,Rice 5kg,1,234.69,0.0,234.69,154.78,79.91,Installment,In-store,Mona K.,0,2.0,False,False
ORD103052,2024-09-05,CUST0211,Adel Sherif,Mansoura,SMB,Clothing,Men's T-Shirt,1,339.4,0.0,339.4,148.58,190.82,Card,Online,Khaled T.,2,4.0,False,False
ORD102665,2024-06-06,CUST0064,Khaled Mahmoud,Mansoura,Consumer,Beauty,Perfume,1,1230.45,0.0,1230.45,602.31,628.14,Cash,Online,Mona K.,2,2.0,False,False
ORD100931,2023-06-27,CUST0535,Mona Abdel Rahman,Alexandria,SMB,Electronics,Bluetooth Speaker,2,983.03,0.0,1966.06,1056.58,909.48,Card,Online,Omar F.,1,5.0,False,False
ORD103701,2024-12-25,CUST0405,Nada Sherif,Tanta,Consumer,Groceries,Olive Oil 1L,2,280.89,0.0,561.78,374.4,187.38,Cash,In-store,Nourhan S.,0,4.0,False,False
ORD100456,2023-03-30,CUST0464,Adel Mahmoud,Aswan,SMB,Groceries,Olive Oil 1L,1,283.46,0.0,283.46,172.19,111.27,Cash,Phone,Sara M.,0,3.0,False,False
ORD105090,2025-07-25,CUST0159,Mona Sherif,Alexandria,SMB,Clothing,Hoodie,1,602.33,0.0,602.33,287.79,314.54,Mobile Wallet,Online,,4,4.0,False,False
ORD101060,2023-08-03,CUST0391,Omar Aziz,Aswan,Consumer,Clothing,Hoodie,5,605.86,0.0,3029.3,1565.45,1463.85,Mobile Wallet,Online,Nourhan S.,2,5.0,False,False
ORD104346,2025-03-19,CUST0138,Youssef Ibrahim,Tanta,Consumer,Clothing,Jeans,1,806.04,0.0,806.04,334.1,471.94,Cash,In-store,Mona K.,0,5.0,False,False
ORD101765,2024-01-02,CUST0325,Khaled Farouk,Giza,Consumer,Clothing,Hoodie,1,647.04,0.0,647.04,295.11,351.93,Cash,Phone,Youssef A.,0,2.0,False,False
ORD100067,2023-01-15,CUST0387,Heba El-Sayed,Giza,Consumer,Electronics,Wireless Earbuds,2,1225.09,0.0,2450.18,1507.44,942.74,Card,In-store,Mona K.,0,1.0,False,False
ORD104712,2025-05-14,CUST0040,Tarek Aziz,Alexandria,Consumer,Clothing,Men's T-Shirt,1,372.5,0.0,372.5,143.23,229.27,Card,In-store,Sara M.,0,5.0,False,False
ORD103801,2025-01-08,CUST0469,Nada Ibrahim,Cairo,Consumer,Clothing,Hoodie,2,619.54,0.0,1239.08,589.18,649.9,Mobile Wallet,Online,,2,,False,False
ORD105728,2025-11-18,CUST0460,Karim Ibrahim,Tanta,Consumer,Beauty,Makeup Kit,1,574.77,20.0,459.82,239.38,220.44,Cash,Online,,2,4.0,True,False
ORD105673,2025-11-08,CUST0378,Laila Ibrahim,Mansoura,SMB,Electronics,Smart Watch,1,3582.86,0.0,3582.86,2095.33,1487.53,Cash,Online,,1,,False,False
ORD100830,2023-05-31,CUST0162,Ahmed Aziz,Giza,Enterprise,Clothing,Men's T-Shirt,5,374.52,0.0,1872.6,712.8,1159.8,Card,Phone,Youssef A.,0,4.0,False,False
ORD104093,2025-02-18,CUST0467,Omar Hassan,Giza,Consumer,Home & Kitchen,Cookware Set,2,2041.75,0.0,4083.5,2507.4,1576.1,Cash,Phone,Mona K.,0,5.0,False,False
ORD106013,2025-12-22,CUST0499,Hassan Abdel Rahman,Tanta,Consumer,Beauty,Makeup Kit,2,596.68,0.0,1193.36,499.02,694.34,Cash,Online,Youssef A.,0,5.0,False,False
ORD101391,2023-10-26,CUST0367,Dina Abdel Rahman,Cairo,Consumer,Electronics,Power Bank,1,580.31,0.0,580.31,364.19,216.12,Card,In-store,Mona K.,0,4.0,False,False
ORD104596,2025-04-23,CUST0253,Amr Farouk,Alexandria,Consumer,Electronics,Power Bank,1,573.04,0.0,573.04,358.94,214.1,Cash,Online,Youssef A.,0,4.0,False,False
ORD100247,2023-02-28,CUST0515,Salma El-Sayed,Mansoura,Consumer,Electronics,Smart Watch,1,3258.6,0.0,3258.6,2096.55,1162.05,Card,In-store,Mona K.,0,3.0,False,False
ORD103603,2024-12-06,CUST0211,Adel Sherif,Mansoura,SMB,Clothing,Jeans,1,758.08,0.0,758.08,317.83,440.25,Mobile Wallet,Online,,0,4.0,False,False
ORD104417,2025-03-27,CUST0373,Tarek Aziz,Cairo,Consumer,Electronics,Smart Watch,1,3362.35,0.0,3362.35,2024.84,1337.51,Cash,Online,Youssef A.,1,1.0,False,False
ORD104083,2025-02-17,CUST0430,Khaled Mostafa,Mansoura,SMB,Groceries,Olive Oil 1L,2,271.99,0.0,543.98,345.4,198.58,Card,In-store,Nourhan S.,0,5.0,False,False
ORD104225,2025-03-06,CUST0063,Nada Mostafa,Cairo,Consumer,Groceries,Coffee 250g,2,192.35,0.0,384.7,201.36,183.34,Mobile Wallet,In-store,Omar F.,0,5.0,False,False
ORD103999,2025-02-08,CUST0407,Tarek Abdel Rahman,Aswan,Consumer,Electronics,Smart Watch,1,3661.83,0.0,3661.83,2121.66,1540.17,Card,Online,,1,4.0,False,False
ORD104139,2025-02-23,CUST0379,Youssef Mostafa,Mansoura,SMB,Electronics,Power Bank,1,566.86,0.0,566.86,339.17,227.69,Installment,Online,Omar F.,0,4.0,False,False
ORD103490,2024-11-25,CUST0193,Rania Aziz,Aswan,Consumer,Home & Kitchen,Coffee Maker,3,1597.67,10.0,4313.71,2644.83,1668.88,Mobile Wallet,Online,Omar F.,5,4.0,True,False
ORD101068,2023-08-04,CUST0167,Tarek Sherif,Cairo,Consumer,Clothing,Hoodie,2,621.16,0.0,1242.32,576.78,665.54,Cash,In-store,Omar F.,0,2.0,False,False
ORD103143,2024-09-21,CUST0304,Salma Farouk,,SMB,Sports,Running Shoes,1,1652.86,0.0,1652.86,831.11,821.75,Mobile Wallet,In-store,Nourhan S.,0,4.0,False,False
ORD104042,2025-02-12,CUST0130,Salma El-Sayed,Cairo,Consumer,Home & Kitchen,Air Fryer,1,3013.12,0.0,3013.12,1744.67,1268.45,Cash,Online,,0,4.0,False,False
ORD105145,2025-08-05,CUST0443,Khaled El-Sayed,Alexandria,Consumer,Clothing,Women's Dress,2,890.72,0.0,1781.44,792.42,989.02,Card,Phone,Sara M.,0,4.0,False,False
ORD103814,2025-01-11,CUST0528,Tarek Mahmoud,Cairo,Consumer,Clothing,Sneakers,2,1435.0,0.0,2870.0,1439.44,1430.56,Cash,Online,Nourhan S.,1,5.0,False,False
ORD101480,2023-11-16,CUST0355,Khaled El-Sayed,Cairo,SMB,Home & Kitchen,Air Fryer,1,2781.91,0.0,2781.91,1671.34,1110.57,Card,Online,,0,4.0,False,False
ORD104071,2025-02-16,CUST0365,Adel Hassan,Alexandria,Consumer,Groceries,Honey Jar,2,313.83,0.0,627.66,382.46,245.2,Card,Phone,Sara M.,0,3.0,False,False
ORD106057,2025-12-31,CUST0377,Sara Ibrahim,Aswan,SMB,ELECTRONICS,Wireless Earbuds,1,1146.61,0.0,1146.61,773.56,373.05,Cash,In-store,Youssef A.,0,3.0,False,False
ORD102650,2024-06-04,CUST0186,Dina Hassan,mansoura,Consumer,Sports,Football,5,373.87,0.0,1869.35,883.5,985.85,Card,Online,,1,4.0,False,False
ORD103987,2025-02-07,CUST0168,Omar Aziz,Cairo,Consumer,Groceries,Coffee 250g,1,192.13,0.0,192.13,100.22,91.91,Cash,In-store,Nourhan S.,0,3.0,False,False
ORD100077,2023-01-18,CUST0319,Mona Aziz,Giza,Consumer,Electronics,Wireless Earbuds,2,1145.48,0.0,2290.96,1546.4,744.56,Cash,Online,,5,2.0,False,False
ORD103310,2024-10-24,CUST0252,Adel Sherif,Alexandria,SMB,Electronics,Power Bank,1,582.75,0.0,582.75,355.03,227.72,Card,In-store,Youssef A.,0,3.0,False,False
ORD103219,2024-10-06,CUST0180,Yasmin Farouk,Aswan,Consumer,Sports,Running Shoes,1,1515.01,0.0,1515.01,823.74,691.27,Card,Online,,1,5.0,False,False
ORD105944,2025-12-09,CUST0193,Rania Aziz,Aswan,Consumer,Groceries,Coffee 250g,1,183.46,0.0,183.46,96.55,86.91,Installment,Online,Nourhan S.,5,4.0,False,False
ORD101239,2023-09-22,CUST0039,Amr Farouk,Mansoura,Consumer,Beauty,Makeup Kit,1,637.32,0.0,637.32,250.62,386.7,Cash,In-store,Mona K.,0,5.0,False,False
ORD101851,2024-01-21,CUST0568,Mona Farouk,Cairo,Consumer,Clothing,Men's T-Shirt,2,323.74,0.0,647.48,311.72,335.76,Card,Phone,Mona K.,0,1.0,False,False
ORD104408,2025-03-26,CUST0242,Khaled Ibrahim,Giza,Consumer,Beauty,Perfume,1,1313.68,0.0,1313.68,582.7,730.98,Cash,In-store,Khaled T.,0,4.0,False,False
ORD100746,2023-05-13,CUST0526,Laila Ibrahim,Giza,Enterprise,Beauty,Makeup Kit,1,618.81,0.0,618.81,243.81,375.0,Card,Phone,Youssef A.,0,5.0,False,False
ORD100567,2023-04-15,CUST0451,Khaled Farouk,Cairo,Consumer,Groceries,Olive Oil 1L,1,296.59,0.0,296.59,177.46,119.13,Card,Online,Mona K.,3,3.0,False,False
ORD105721,2025-11-16,CUST0128,Rania Aziz,Alexandria,Consumer,Sports,Football,3,372.82,0.0,1118.46,562.89,555.57,Card,Online,Khaled T.,0,2.0,False,False
ORD105758,2025-11-21,CUST0369,Khaled Aziz,,SMB,Electronics,Phone Case,3,262.9,5.0,-749.26,270.48,-478.78,Cash,In-store,Nourhan S.,0,5.0,True,True
ORD101728,2023-12-29,CUST0251,Omar Mostafa,Cairo,Consumer,Clothing,Women's Dress,1,931.89,0.0,931.89,383.52,548.37,Cash,In-store,Sara M.,0,3.0,False,False
ORD103253,2024-10-12,CUST0207,Dina Abdel Rahman,Alexandria,SMB,Electronics,Phone Case,2,251.69,0.0,503.38,177.92,325.46,Card,Online,,1,4.0,False,False
ORD100483,2023-04-04,CUST0271,Mona Farouk,Aswan,Consumer,Clothing,Hoodie,1,635.09,0.0,635.09,293.65,341.44,Mobile Wallet,Online,,3,1.0,False,False
ORD101917,2024-02-02,CUST0482,Yasmin El-Sayed,Mansoura,SMB,Beauty,Makeup Kit,1,557.67,0.0,557.67,245.87,311.8,Mobile Wallet,In-store,Omar F.,0,3.0,False,False
ORD100744,2023-05-13,CUST0399,Amr Abdel Rahman,Mansoura,Consumer,Electronics,Wireless Earbuds,1,1277.64,0.0,1277.64,751.94,525.7,Card,Phone,Nourhan S.,0,5.0,False,False
ORD102899,2024-07-28,CUST0137,Laila Mahmoud,Aswan,Consumer,Beauty,Makeup Kit,1,560.2,0.0,560.2,255.93,304.27,Installment,Phone,Nourhan S.,0,,False,False
ORD102388,2024-04-16,CUST0201,Amr Ibrahim,Mansoura,SMB,Home & Kitchen,Vacuum Cleaner,3,3400.36,0.0,10201.08,5560.2,4640.88,Card,Online,Youssef A.,4,5.0,False,False
ORD101475,2023-11-15,CUST0316,Amr Ibrahim,Alexandria,SMB,Electronics,Wireless Earbuds,1,1239.91,0.0,1239.91,728.81,511.1,Installment,Online,Mona K.,0,4.0,False,False
ORD104957,2025-06-26,CUST0368,Nourhan Ibrahim,Tanta,Consumer,Clothing,Men's T-Shirt,1,346.65,0.0,-346.65,146.56,-200.09,Installment,In-store,Nourhan S.,0,5.0,False,True
ORD102999,2024-08-21,CUST0366,Khaled El-Sayed,Alexandria,Consumer,Home & Kitchen,Coffee Maker,1,1617.96,0.0,1617.96,887.43,730.53,Installment,In-store,Omar F.,0,,False,False
ORD105664,2025-11-07,CUST0016,Nada Aziz,Mansoura,Consumer,Electronics,Power Bank,1,638.95,0.0,638.95,361.53,277.42,Cash,Online,,1,5.0,False,False
ORD100681,2023-04-29,CUST0207,Dina Abdel Rahman,alexandria,SMB,Electronics,Phone Case,1,268.37,0.0,268.37,86.15,182.22,Installment,Online,,2,4.0,False,False
ORD100780,2023-05-19,CUST0061,Dina Hassan,Aswan,Consumer,Clothing,Women's Dress,1,906.63,0.0,-906.63,396.04,-510.59,Card,Online,Youssef A.,2,4.0,False,True
ORD106037,2025-12-28,CUST0064,Khaled Mahmoud,Mansoura,Consumer,Sports,Yoga Mat,1,422.69,0.0,422.69,210.64,212.05,Cash,In-store,Nourhan S.,0,4.0,False,False
ORD100818,2023-05-27,CUST0496,Khaled Khalil,Alexandria,Consumer,Clothing,Sneakers,2,1324.03,5.0,2515.66,1418.58,1097.08,Mobile Wallet,Online,Khaled T.,0,4.0,True,False
ORD105048,2025-07-14,CUST0581,Tarek El-Sayed,Mansoura,Consumer,Electronics,Smart Watch,2,3302.21,0.0,6604.42,4319.68,2284.74,Card,Online,Mona K.,3,5.0,False,False
ORD102218,2024-03-20,CUST0070,Nourhan Mostafa,Alexandria,Consumer,Clothing,Hoodie,2,617.23,20.0,987.57,576.26,411.31,Mobile Wallet,Online,,5,4.0,True,False
ORD103753,2025-01-02,CUST0344,Mona Abdel Rahman,Mansoura,Consumer,Sports,Running Shoes,3,1668.3,0.0,5004.9,2479.11,2525.79,Mobile Wallet,In-store,Omar F.,0,5.0,False,False
ORD103797,2025-01-07,CUST0300,Nourhan Khalil,Cairo,Enterprise,Clothing,Women's Dress,1,906.6,0.0,906.6,407.35,499.25,Card,Online,Mona K.,0,4.0,False,False
ORD101791,2024-01-09,CUST0580,Mahmoud Mostafa,Giza,SMB,Clothing,Hoodie,2,668.08,0.0,1336.16,604.76,731.4,Card,Online,,2,2.0,False,False
ORD105462,2025-10-04,CUST0200,Heba Farouk,Mansoura,Consumer,Electronics,Wireless Earbuds,1,1141.3,0.0,1141.3,728.19,413.11,Mobile Wallet,Online,,4,4.0,False,False
ORD102474,2024-05-03,CUST0137,Laila Mahmoud,Aswan,Consumer,Electronics,Power Bank,1,594.44,0.0,594.44,337.04,257.4,Mobile Wallet,In-store,Mona K.,0,5.0,False,False
ORD105894,2025-12-01,CUST0058,Ahmed Farouk,Tanta,Enterprise,Sports,Dumbbell Set,1,1779.88,0.0,1779.88,1111.02,668.86,Card,In-store,Omar F.,0,3.0,False,False
ORD101385,2023-10-25,CUST0272,Khaled Abdel Rahman,Giza,Consumer,Groceries,Honey Jar,1,300.05,0.0,300.05,205.6,94.45,Installment,In-store,Nourhan S.,0,5.0,False,False
ORD104459,2025-03-30,CUST0075,Youssef Mahmoud,Alexandria,Consumer,Electronics,Power Bank,1,598.45,0.0,598.45,333.66,264.79,Card,Online,Khaled T.,1,3.0,False,False
ORD101542,2023-11-24,CUST0562,Amr Farouk,Cairo,Consumer,Clothing,Men's T-Shirt,2,326.09,20.0,521.74,304.78,216.96,Card,In-store,Khaled T.,0,2.0,True,False
ORD104661,2025-05-04,CUST0072,Omar Ibrahim,Mansoura,Consumer,Electronics,Smart Watch,1,3532.42,0.0,3532.42,2122.54,1409.88,Card,Online,Sara M.,5,3.0,False,False
ORD103114,2024-09-15,CUST0470,Nada Mahmoud,Cairo,Consumer,Sports,Football,1,398.85,0.0,398.85,174.12,224.73,Mobile Wallet,Phone,Youssef A.,0,5.0,False,False
ORD106030,2025-12-27,CUST0029,Laila Mostafa,Giza,SMB,Groceries,Coffee 250g,1,175.6,0.0,175.6,101.77,73.83,Cash,Online,Omar F.,7,4.0,False,False
ORD102633,2024-06-01,CUST0563,Nada Sherif,Mansoura,SMB,Beauty,Hair Dryer,2,922.91,0.0,1845.82,879.76,966.06,Cash,Online,,0,2.0,False,False
ORD105724,2025-11-16,CUST0508,Amr Aziz,Giza,SMB,Home & Kitchen,Blender,1,1059.95,0.0,1059.95,622.74,437.21,Card,In-store,Youssef A.,0,,False,False
ORD104401,2025-03-26,CUST0425,Sara Hassan,Cairo,SMB,Beauty,Hair Dryer,1,857.68,0.0,857.68,437.29,420.39,Card,In-store,Youssef A.,0,5.0,False,False
ORD100345,2023-03-15,CUST0578,Tarek Aziz,Cairo,Consumer,Groceries,Honey Jar,1,294.96,0.0,294.96,198.33,96.63,Mobile Wallet,In-store,Mona K.,0,1.0,False,False
ORD104264,2025-03-09,CUST0002,Amr Khalil,Cairo,Consumer,Home & Kitchen,Blender,2,1103.57,0.0,2207.14,1213.38,993.76,Cash,Online,,1,5.0,False,False
ORD104335,2025-03-17,CUST0424,Nourhan Sherif,Giza,SMB,Home & Kitchen,Coffee Maker,1,1608.71,0.0,1608.71,865.02,743.69,Cash,Online,Sara M.,1,5.0,False,False
ORD100447,2023-03-29,CUST0265,Dina Sherif,Aswan,Enterprise,Beauty,Skincare Set,1,820.57,0.0,820.57,365.77,454.8,Card,In-store,Omar F.,0,4.0,False,False
ORD104273,2025-03-11,CUST0067,Adel Abdel Rahman,Cairo,SMB,Beauty,Hair Dryer,3,860.68,0.0,2582.04,1305.45,1276.59,Installment,Online,,4,5.0,False,False
ORD100949,2023-07-01,CUST0450,Khaled Hassan,Tanta,Consumer,Electronics,Phone Case,1,265.52,0.0,265.52,93.32,172.2,Mobile Wallet,In-store,Nourhan S.,0,4.0,False,False
ORD102615,2024-05-29,CUST0001,Omar Mostafa,Alexandria,SMB,Clothing,Hoodie,1,694.4,0.0,694.4,302.03,392.37,Cash,Phone,,0,4.0,False,False
ORD101267,2023-09-26,CUST0067,Adel Abdel Rahman,Cairo,SMB,Beauty,Skincare Set,1,802.53,0.0,802.53,346.35,456.18,Mobile Wallet,In-store,Nourhan S.,0,2.0,False,False
ORD104695,2025-05-10,CUST0144,Khaled Hassan,Cairo,SMB,Groceries,Honey Jar,1,345.44,0.0,345.44,206.5,138.94,Card,In-store,Nourhan S.,0,4.0,False,False
ORD101188,2023-09-09,CUST0216,Mona Ibrahim,Giza,SMB,Home & Kitchen,Blender,1,1131.63,0.0,1131.63,576.29,555.34,Cash,Online,Omar F.,3,3.0,False,False
ORD100814,2023-05-27,CUST0133,Sara Ibrahim,Mansoura,Enterprise,Home & Kitchen,Blender,1,1119.93,15.0,951.94,594.02,357.92,Card,In-store,Omar F.,0,3.0,True,False
ORD100310,2023-03-10,CUST0284,Hassan Mahmoud,Alexandria,Consumer,Beauty,Hair Dryer,5,955.13,0.0,4775.65,2243.9,2531.75,Card,Online,Youssef A.,0,2.0,False,False
ORD104317,2025-03-15,CUST0507,Amr Farouk,Aswan,Consumer,Home & Kitchen,Coffee Maker,2,1383.05,0.0,2766.1,1763.42,1002.68,Card,In-store,Khaled T.,0,,False,False
ORD104932,2025-06-21,CUST0351,Karim Farouk,Alexandria,SMB,Electronics,Smart Watch,1,3235.18,0.0,3235.18,2172.49,1062.69,Mobile Wallet,Online,,2,5.0,False,False
ORD103810,2025-01-09,CUST0040,Tarek Aziz,Alexandria,Consumer,Electronics,Phone Case,1,243.88,0.0,243.88,87.69,156.19,Mobile Wallet,Online,Sara M.,2,5.0,False,False
ORD103179,2024-09-27,CUST0038,Rania El-Sayed,Mansoura,Consumer,Home & Kitchen,Air Fryer,1,2804.92,0.0,2804.92,1671.62,1133.3,Card,Online,Youssef A.,4,4.0,False,False
ORD105682,2025-11-10,CUST0193,Rania Aziz,Aswan,Consumer,Beauty,Perfume,2,1196.18,0.0,2392.36,1221.86,1170.5,Mobile Wallet,Online,Omar F.,2,,False,False
ORD100480,2023-04-03,CUST0125,Laila Mostafa,Tanta,Consumer,Sports,Running Shoes,1,1654.43,0.0,1654.43,865.98,788.45,Card,Phone,Omar F.,0,4.0,False,False
ORD104927,2025-06-20,CUST0248,Karim Mostafa,Mansoura,Consumer,Groceries,Rice 5kg,1,208.7,0.0,208.7,153.45,55.25,Card,Online,Youssef A.,2,5.0,False,False
ORD102648,2024-06-04,CUST0576,Heba Aziz,Cairo,Consumer,Electronics,Bluetooth Speaker,1,998.74,0.0,998.74,533.45,465.29,Card,In-store,Khaled T.,0,,False,False
ORD104455,2025-03-30,CUST0090,Ahmed Hassan,Giza,Enterprise,Sports,Running Shoes,1,1641.46,25.0,1231.1,866.19,364.91,Mobile Wallet,Online,,3,5.0,True,False
ORD104663,2025-05-04,CUST0068,Mona Sherif,Cairo,SMB,Beauty,Skincare Set,1,853.71,0.0,853.71,333.1,520.61,Cash,In-store,Mona K.,0,5.0,False,False
ORD100594,2023-04-17,CUST0595,Heba El-Sayed,Giza,SMB,Groceries,Olive Oil 1L,3,274.11,0.0,822.33,515.91,306.42,Mobile Wallet,In-store,Sara M.,0,5.0,False,False
ORD101528,2023-11-23,CUST0085,Karim Farouk,Aswan,Consumer,Electronics,Phone Case,1,266.35,10.0,239.72,87.96,151.76,Card,Online,Youssef A.,2,4.0,True,False
ORD103766,2025-01-03,CUST0262,Khaled Hassan,Cairo,Enterprise,Electronics,Wireless Earbuds,1,1240.97,0.0,1240.97,727.28,513.69,Installment,In-store,Nourhan S.,0,2.0,False,False
ORD103841,2025-01-15,CUST0325,Khaled Farouk,Giza,Consumer,Home & Kitchen,Cookware Set,1,2370.13,0.0,2370.13,1340.07,1030.06,Cash,Online,Youssef A.,7,4.0,False,False
ORD104233,2025-03-06,CUST0036,Heba Mahmoud,Alexandria,Consumer,Clothing,Men's T-Shirt,1,362.98,0.0,362.98,148.59,214.39,Installment,Online,Nourhan S.,3,3.0,False,False
ORD103444,2024-11-21,CUST0446,Mona Hassan,Cairo,Consumer,Clothing,Sneakers,1,1407.36,15.0,-1196.26,673.72,-522.54,Cash,Online,Sara M.,1,5.0,True,True
ORD101975,2024-02-13,CUST0258,Rania Aziz,Tanta,SMB,Beauty,Skincare Set,1,862.98,0.0,862.98,335.6,527.38,Card,In-store,Khaled T.,0,4.0,False,False
ORD105719,2025-11-16,CUST0355,Khaled El-Sayed,Cairo,SMB,Clothing,Men's T-Shirt,1,353.57,0.0,353.57,156.03,197.54,Card,In-store,Mona K.,0,1.0,False,False
ORD105690,2025-11-12,CUST0246,Nada Aziz,Giza,SMB,Home & Kitchen,Blender,1,1074.73,0.0,1074.73,622.25,452.48,Mobile Wallet,Online,,3,5.0,False,False
ORD101573,2023-11-27,CUST0134,Sara Ibrahim,Giza,Consumer,Beauty,Makeup Kit,1,576.43,10.0,518.79,240.87,277.92,Mobile Wallet,In-store,Mona K.,0,5.0,True,False
ORD101516,2023-11-22,CUST0079,Dina Khalil,Aswan,Consumer,CLOTHING,Men's T-Shirt,1,328.49,5.0,312.07,148.31,163.76,Cash,In-store,Khaled T.,0,5.0,True,False
ORD100538,2023-04-12,CUST0277,Tarek Mostafa,Mansoura,Consumer,Home & Kitchen,Air Fryer,1,2583.99,0.0,2583.99,1707.0,876.99,Card,In-store,Youssef A.,0,5.0,False,False
ORD102396,2024-04-17,CUST0442,Youssef Ibrahim,Mansoura,SMB,Groceries,Olive Oil 1L,1,270.64,0.0,270.64,188.01,82.63,Mobile Wallet,In-store,Omar F.,0,4.0,False,False
ORD103672,2024-12-21,CUST0021,Heba El-Sayed,Alexandria,SMB,Home & Kitchen,Blender,1,1019.31,0.0,1019.31,595.64,423.67,Installment,Online,Mona K.,7,4.0,False,False
ORD100256,2023-03-01,CUST0471,Sara Abdel Rahman,,Consumer,Groceries,Olive Oil 1L,2,289.42,0.0,578.84,346.06,232.78,Card,In-store,Youssef A.,0,,False,False
ORD103193,2024-09-29,CUST0478,Tarek Khalil,Giza,Consumer,Clothing,Men's T-Shirt,2,328.33,0.0,656.66,313.36,343.3,Card,In-store,Mona K.,0,5.0,False,False
ORD104500,2025-04-05,CUST0189,Khaled Sherif,Alexandria,Enterprise,Clothing,Men's T-Shirt,1,359.76,0.0,359.76,154.24,205.52,Card,In-store,Khaled T.,0,1.0,False,False
ORD100655,2023-04-26,CUST0194,Laila Farouk,Cairo,Consumer,Groceries,Coffee 250g,2,169.0,0.0,338.0,206.66,131.34,Cash,In-store,Nourhan S.,0,5.0,False,False
ORD105079,2025-07-22,CUST0513,Mahmoud Abdel Rahman,Mansoura,Enterprise,Clothing,Hoodie,1,602.76,0.0,602.76,306.06,296.7,Cash,In-store,Youssef A.,0,3.0,False,False
ORD104283,2025-03-12,CUST0597,Adel Farouk,Mansoura,Consumer,Home & Kitchen,Cookware Set,1,2031.97,0.0,2031.97,1311.4,720.57,Mobile Wallet,Phone,Sara M.,0,5.0,False,False
ORD101783,2024-01-06,CUST0562,Amr Farouk,Cairo,Consumer,Groceries,Rice 5kg,2,231.1,25.0,346.65,291.92,54.73,Cash,Phone,Mona K.,0,4.0,True,False
ORD104421,2025-03-27,CUST0228,Karim Sherif,alexandria,SMB,CLOTHING,Men's T-Shirt,2,376.1,0.0,752.2,296.2,456.0,Cash,In-store,Nourhan S.,0,1.0,False,False
ORD105159,2025-08-07,CUST0296,Karim Ibrahim,Mansoura,SMB,CLOTHING,Hoodie,1,605.6,0.0,605.6,289.99,315.61,Mobile Wallet,Online,Mona K.,2,5.0,False,False
ORD102145,2024-03-12,CUST0336,Youssef El-Sayed,Tanta,Consumer,Groceries,Olive Oil 1L,5,294.33,0.0,1471.65,944.35,527.3,Mobile Wallet,Online,Nourhan S.,1,4.0,False,False
ORD104977,2025-06-28,CUST0586,Mona Ibrahim,Alexandria,Consumer,Beauty,Skincare Set,1,774.28,0.0,-774.28,365.71,-408.57,Cash,In-store,Youssef A.,0,5.0,False,True
ORD105567,2025-10-23,CUST0008,Mona Khalil,Cairo,SMB,Groceries,Honey Jar,1,307.26,0.0,307.26,198.89,108.37,Cash,Online,Nourhan S.,5,2.0,False,False
ORD105083,2025-07-24,CUST0245,Karim Ibrahim,Giza,SMB,Electronics,Wireless Earbuds,1,1276.48,0.0,1276.48,780.08,496.4,Cash,In-store,Sara M.,0,4.0,False,False
ORD102213,2024-03-20,CUST0489,Amr Sherif,Cairo,SMB,Groceries,Olive Oil 1L,1,295.14,0.0,295.14,187.2,107.94,Card,Phone,Nourhan S.,0,4.0,False,False
ORD100322,2023-03-11,CUST0224,Laila Sherif,Alexandria,Consumer,Clothing,Hoodie,1,604.06,0.0,604.06,292.87,311.19,Card,Phone,Nourhan S.,0,5.0,False,False
ORD102278,2024-03-27,CUST0403,Dina Aziz,Cairo,Consumer,Home & Kitchen,Vacuum Cleaner,1,3302.57,0.0,3302.57,1827.29,1475.28,Card,Online,,1,4.0,False,False
ORD102595,2024-05-25,CUST0072,Omar Ibrahim,Mansoura,Consumer,Home & Kitchen,Air Fryer,1,2876.13,0.0,2876.13,1757.32,1118.81,Card,In-store,Nourhan S.,0,3.0,False,False
ORD102895,2024-07-28,CUST0254,Khaled Hassan,Cairo,Consumer,Electronics,Wireless Earbuds,1,1143.34,0.0,1143.34,754.58,388.76,Mobile Wallet,Online,Sara M.,4,5.0,False,False
ORD104160,2025-02-26,CUST0563,Nada Sherif,Mansoura,SMB,Clothing,Hoodie,1,700.97,0.0,700.97,301.83,399.14,Card,Phone,Omar F.,0,5.0,False,False
ORD101539,2023-11-24,CUST0583,Salma Farouk,Cairo,Consumer,Electronics,Smart Watch,5,3572.13,15.0,15181.55,10815.15,4366.4,Installment,In-store,Khaled T.,0,5.0,True,False
ORD105498,2025-10-11,CUST0244,Youssef Aziz,Tanta,Consumer,Groceries,Honey Jar,1,344.37,0.0,344.37,202.02,142.35,Card,Online,Youssef A.,5,1.0,False,False
ORD104096,2025-02-18,CUST0572,Karim Sherif,Alexandria,SMB,Clothing,Jeans,2,723.45,0.0,1446.9,664.16,782.74,Cash,In-store,Youssef A.,0,5.0,False,False
ORD103874,2025-01-20,CUST0175,Karim Mostafa,Mansoura,SMB,Electronics,Wireless Earbuds,2,1259.31,0.0,2518.62,1534.34,984.28,Card,Online,,3,5.0,False,False
ORD101803,2024-01-11,CUST0128,Rania Aziz,Alexandria,Consumer,Clothing,Women's Dress,2,923.65,0.0,1847.3,828.9,1018.4,Mobile Wallet,Online,Mona K.,3,1.0,False,False
ORD103740,2024-12-31,CUST0071,Mahmoud Sherif,Giza,Consumer,Electronics,Power Bank,1,563.7,0.0,563.7,332.95,230.75,Card,Online,Sara M.,2,5.0,False,False
ORD101798,2024-01-10,CUST0163,Mahmoud Abdel Rahman,Giza,SMB,Clothing,Hoodie,2,654.83,5.0,1244.18,603.7,640.48,Mobile Wallet,Online,Youssef A.,4,5.0,True,False
ORD103434,2024-11-20,CUST0128,Rania Aziz,Alexandria,Consumer,HOME & KITCHEN,Air Fryer,1,2822.2,20.0,2257.76,1615.22,642.54,Card,Phone,Youssef A.,0,5.0,True,False
ORD105152,2025-08-05,CUST0172,Amr El-Sayed,Giza,Consumer,Sports,Yoga Mat,1,447.86,0.0,447.86,218.11,229.75,Cash,Online,,4,4.0,False,False
ORD101044,2023-07-28,CUST0007,Youssef Abdel Rahman,Mansoura,SMB,Clothing,Sneakers,1,1424.31,0.0,1424.31,692.54,731.77,Cash,Phone,Mona K.,0,4.0,False,False
ORD103013,2024-08-27,CUST0128,Rania Aziz,Alexandria,Consumer,Clothing,Jeans,1,750.43,0.0,750.43,311.34,439.09,Mobile Wallet,Online,Sara M.,0,3.0,False,False
ORD100171,2023-02-09,CUST0114,Rania Aziz,Tanta,SMB,Beauty,Hair Dryer,2,970.92,0.0,1941.84,876.66,1065.18,Mobile Wallet,Online,,3,3.0,False,False
ORD102464,2024-05-02,CUST0369,Khaled Aziz,Tanta,SMB,Home & Kitchen,Blender,1,1060.2,0.0,1060.2,581.9,478.3,Card,In-store,Khaled T.,0,3.0,False,False
ORD106052,2025-12-30,CUST0398,Amr Mostafa,Alexandria,Consumer,Groceries,Honey Jar,2,294.62,0.0,589.24,397.94,191.3,Card,In-store,Sara M.,0,3.0,False,False
ORD105679,2025-11-10,CUST0224,Laila Sherif,Alexandria,Consumer,Groceries,Honey Jar,1,307.39,0.0,307.39,196.15,111.24,Cash,Online,Omar F.,1,5.0,False,False
ORD105968,2025-12-13,CUST0452,Adel Sherif,Cairo,SMB,Home & Kitchen,Cookware Set,5,2237.31,0.0,11186.55,6275.1,4911.45,Card,Online,,2,2.0,False,False
ORD104123,2025-02-21,CUST0185,Rania El-Sayed,Alexandria,Consumer,Electronics,Phone Case,2,241.32,0.0,482.64,174.88,307.76,Card,Phone,Sara M.,0,5.0,False,False
ORD101726,2023-12-28,CUST0260,Dina Sherif,Alexandria,Consumer,Clothing,Hoodie,2,687.93,5.0,1307.07,602.04,705.03,Cash,Online,Youssef A.,0,3.0,True,False
ORD100490,2023-04-04,CUST0394,Karim Mostafa,Alexandria,SMB,Home & Kitchen,Cookware Set,1,2315.16,0.0,2315.16,1290.25,1024.91,Card,In-store,Sara M.,0,4.0,False,False
ORD105926,2025-12-05,CUST0385,Adel Mahmoud,Aswan,Consumer,Home & Kitchen,Coffee Maker,2,1482.62,0.0,2965.24,1633.1,1332.14,Cash,In-store,Youssef A.,0,5.0,False,False
ORD101662,2023-12-14,CUST0077,Hassan Farouk,Cairo,Consumer,Home & Kitchen,Blender,1,1012.04,0.0,1012.04,623.46,388.58,Mobile Wallet,Online,Mona K.,5,4.0,False,False
ORD101043,2023-07-28,CUST0554,Nada Farouk,Tanta,SMB,Groceries,Rice 5kg,1,204.72,0.0,204.72,151.73,52.99,Cash,Online,Mona K.,3,4.0,False,False
ORD102795,2024-07-02,CUST0035,Heba Khalil,Cairo,Consumer,Sports,Football,2,366.47,0.0,732.94,355.86,377.08,Cash,In-store,Nourhan S.,0,1.0,False,False
ORD100136,2023-01-31,CUST0263,Mahmoud El-Sayed,Tanta,SMB,Electronics,Power Bank,1,631.91,0.0,631.91,360.7,271.21,Card,In-store,Omar F.,0,5.0,False,False
ORD102953,2024-08-12,CUST0126,Nourhan Khalil,Alexandria,Consumer,Electronics,Bluetooth Speaker,1,1010.36,0.0,1010.36,565.72,444.64,Cash,In-store,Mona K.,0,5.0,False,False
ORD103848,2025-01-16,CUST0562,Amr Farouk,Cairo,Consumer,Clothing,Men's T-Shirt,1,335.31,20.0,268.25,151.3,116.95,Cash,Online,Sara M.,7,3.0,True,False
ORD105265,2025-08-31,CUST0153,Ahmed Hassan,Cairo,Enterprise,Sports,Dumbbell Set,1,1743.29,0.0,1743.29,1116.88,626.41,Mobile Wallet,Online,Sara M.,2,2.0,False,False
ORD103928,2025-01-30,CUST0518,Nourhan Farouk,Cairo,SMB,Electronics,Phone Case,1,251.93,0.0,251.93,93.6,158.33,Installment,Online,Khaled T.,2,5.0,False,False
ORD104135,2025-02-23,CUST0236,Sara Sherif,Cairo,SMB,Beauty,Makeup Kit,1,567.57,0.0,567.57,242.75,324.82,Installment,In-store,Khaled T.,0,5.0,False,False
ORD101862,2024-01-25,CUST0403,Dina Aziz,Cairo,Consumer,Groceries,Rice 5kg,1,211.62,0.0,211.62,154.67,56.95,Cash,In-store,Khaled T.,0,,False,False
ORD101747,2023-12-31,CUST0529,Adel Khalil,Alexandria,Consumer,Beauty,Hair Dryer,1,903.75,0.0,-903.75,428.0,-475.75,Card,In-store,Khaled T.,0,4.0,False,True
ORD100377,2023-03-19,CUST0436,Tarek Khalil,Cairo,Consumer,Beauty,Makeup Kit,3,637.46,0.0,1912.38,732.78,1179.6,Cash,Online,Khaled T.,1,3.0,False,False
ORD106048,2025-12-29,CUST0029,Laila Mostafa,Giza,SMB,Beauty,Perfume,1,1252.68,20.0,1002.14,621.49,380.65,Mobile Wallet,Online,Mona K.,1,4.0,True,False
ORD102469,2024-05-03,CUST0591,Nourhan Khalil,Alexandria,Consumer,Electronics,Wireless Earbuds,1,1154.64,0.0,1154.64,784.07,370.57,Mobile Wallet,Online,Mona K.,3,5.0,False,False
ORD104484,2025-04-03,CUST0361,Sara Khalil,Cairo,Consumer,Home & Kitchen,Vacuum Cleaner,2,3112.42,0.0,6224.84,3846.72,2378.12,Mobile Wallet,Online,Youssef A.,2,,False,False
ORD105386,2025-09-20,CUST0247,Tarek Hassan,Cairo,Consumer,Groceries,Rice 5kg,2,216.55,0.0,433.1,296.06,137.04,Card,Online,,0,4.0,False,False
ORD104941,2025-06-22,CUST0565,Yasmin Mostafa,Cairo,Consumer,Groceries,Honey Jar,1,312.58,0.0,312.58,198.93,113.65,Card,In-store,Khaled T.,0,,False,False
ORD101163,2023-09-04,CUST0436,Tarek Khalil,Cairo,Consumer,Beauty,Hair Dryer,1,944.26,0.0,944.26,458.12,486.14,Mobile Wallet,Online,Mona K.,1,4.0,False,False
ORD104525,2025-04-10,CUST0246,Nada Aziz,Giza,SMB,Clothing,Men's T-Shirt,1,353.94,0.0,353.94,143.57,210.37,Card,Online,Khaled T.,5,5.0,False,False
ORD104166,2025-02-26,CUST0368,Nourhan Ibrahim,Tanta,Consumer,Clothing,Hoodie,3,669.31,0.0,2007.93,932.01,1075.92,Cash,Online,Omar F.,3,2.0,False,False
ORD100624,2023-04-22,CUST0598,Sara Hassan,Cairo,SMB,Electronics,Wireless Earbuds,2,1254.76,0.0,2509.52,1460.6,1048.92,Installment,In-store,Khaled T.,0,5.0,False,False
ORD101830,2024-01-19,CUST0207,Dina Abdel Rahman,Alexandria,SMB,Home & Kitchen,Cookware Set,2,2032.18,0.0,4064.36,2535.34,1529.02,Card,Online,,2,3.0,False,False
ORD106001,2025-12-20,CUST0190,Hassan Farouk,Mansoura,SMB,Groceries,Honey Jar,2,321.88,0.0,643.76,401.04,242.72,Cash,In-store,Mona K.,0,3.0,False,False
ORD100909,2023-06-22,CUST0286,Tarek Aziz,Giza,SMB,Home & Kitchen,Vacuum Cleaner,1,3440.42,0.0,3440.42,1861.27,1579.15,Cash,Online,,2,3.0,False,False
ORD100672,2023-04-28,CUST0333,Laila El-Sayed,Alexandria,Consumer,Sports,Dumbbell Set,1,1808.61,0.0,1808.61,1052.59,756.02,Mobile Wallet,Online,,5,4.0,False,False
ORD104102,2025-02-19,CUST0098,Mona Abdel Rahman,Giza,Consumer,Groceries,Rice 5kg,1,211.33,5.0,200.76,157.0,43.76,Card,In-store,Khaled T.,0,4.0,True,False
ORD102019,2024-02-23,CUST0563,Nada Sherif,Mansoura,SMB,Clothing,Women's Dress,1,959.67,0.0,959.67,383.95,575.72,Card,Online,,3,3.0,False,False
ORD103741,2024-12-31,CUST0291,Rania Abdel Rahman,Cairo,SMB,Clothing,Sneakers,1,1413.13,25.0,1059.85,670.4,389.45,Card,Phone,Youssef A.,0,,True,False
ORD105255,2025-08-29,CUST0274,Rania Ibrahim,Cairo,Consumer,Clothing,Sneakers,1,1344.99,0.0,1344.99,677.53,667.46,Card,In-store,Sara M.,0,3.0,False,False
ORD100623,2023-04-22,CUST0586,Mona Ibrahim,Alexandria,Consumer,Clothing,Men's T-Shirt,1,350.15,0.0,350.15,149.88,200.27,Card,Online,Mona K.,7,5.0,False,False
ORD105140,2025-08-04,CUST0347,Mona Mostafa,Alexandria,Enterprise,Home & Kitchen,Air Fryer,1,2934.25,0.0,2934.25,1760.61,1173.64,Installment,In-store,Mona K.,0,4.0,False,False
ORD104376,2025-03-22,CUST0324,Nourhan Hassan,Cairo,Enterprise,Groceries,Coffee 250g,1,179.98,0.0,179.98,97.27,82.71,Card,Online,Youssef A.,1,2.0,False,False
ORD102254,2024-03-24,CUST0185,Rania El-Sayed,Alexandria,Consumer,Clothing,Jeans,5,726.26,0.0,3631.3,1532.35,2098.95,Card,Online,,0,3.0,False,False
ORD103147,2024-09-22,CUST0073,Ahmed Aziz,Cairo,Enterprise,Groceries,Olive Oil 1L,1,288.11,0.0,288.11,187.3,100.81,Mobile Wallet,Phone,Youssef A.,0,5.0,False,False
ORD102760,2024-06-25,CUST0359,Rania Abdel Rahman,Tanta,SMB,Clothing,Sneakers,1,1381.42,15.0,1174.21,673.16,501.05,Mobile Wallet,Phone,Youssef A.,0,5.0,True,False
ORD103604,2024-12-07,CUST0357,Mona Hassan,Aswan,Consumer,Beauty,Hair Dryer,1,833.07,0.0,833.07,458.97,374.1,Card,In-store,Nourhan S.,0,5.0,False,False
ORD105380,2025-09-19,CUST0198,Rania Hassan,Mansoura,Consumer,Beauty,Makeup Kit,1,580.32,0.0,580.32,251.59,328.73,Installment,In-store,Nourhan S.,0,5.0,False,False
ORD101501,2023-11-21,CUST0575,Adel Ibrahim,Alexandria,SMB,Home & Kitchen,Vacuum Cleaner,1,3353.49,5.0,3185.82,1991.34,1194.48,Card,Online,,3,5.0,True,False
ORD101777,2024-01-05,CUST0216,Mona Ibrahim,Giza,SMB,Home & Kitchen,Vacuum Cleaner,1,3020.64,0.0,3020.64,1964.14,1056.5,Card,Online,Khaled T.,5,1.0,False,False
ORD101251,2023-09-23,CUST0590,Dina Abdel Rahman,Cairo,Consumer,CLOTHING,Sneakers,3,1466.94,0.0,4400.82,2201.16,2199.66,Card,Online,,0,5.0,False,False
ORD100216,2023-02-19,CUST0546,Youssef Khalil,Alexandria,Consumer,Electronics,Smart Watch,1,3663.46,0.0,3663.46,2165.43,1498.03,Card,Online,Youssef A.,2,4.0,False,False
ORD104825,2025-06-02,CUST0092,Yasmin Sherif,Giza,Consumer,Clothing,Sneakers,5,1456.67,0.0,7283.35,3499.05,3784.3,Cash,Online,Omar F.,4,4.0,False,False
ORD105121,2025-07-31,CUST0495,Rania Mostafa,Giza,Consumer,Sports,Yoga Mat,1,416.31,0.0,416.31,219.63,196.68,Cash,In-store,Mona K.,0,2.0,False,False
ORD105512,2025-10-13,CUST0487,Laila Abdel Rahman,Aswan,Consumer,Beauty,Makeup Kit,1,594.13,0.0,594.13,245.03,349.1,Cash,In-store,Sara M.,0,,False,False
ORD103478,2024-11-24,CUST0285,Ahmed Hassan,Mansoura,Consumer,Home & Kitchen,Blender,1,1187.71,25.0,890.78,611.48,279.3,Mobile Wallet,In-store,Mona K.,0,5.0,True,False
ORD102270,2024-03-27,CUST0003,Omar Sherif,Alexandria,Consumer,Beauty,Skincare Set,1,791.65,15.0,672.9,339.83,333.07,Cash,In-store,Omar F.,0,4.0,True,False
ORD100471,2023-04-02,CUST0221,Mahmoud Farouk,alexandria,Consumer,Groceries,Coffee 250g,1,174.73,0.0,174.73,103.5,71.23,Cash,In-store,Omar F.,0,4.0,False,False
ORD103700,2024-12-25,CUST0600,Mahmoud Mostafa,Giza,Enterprise,Sports,Dumbbell Set,1,1766.76,0.0,1766.76,1142.28,624.48,Cash,In-store,Khaled T.,0,5.0,False,False
ORD101745,2023-12-31,CUST0027,Heba Ibrahim,Cairo,Consumer,Electronics,Bluetooth Speaker,1,984.0,0.0,984.0,568.9,415.1,Mobile Wallet,Online,,3,3.0,False,False
ORD100611,2023-04-20,CUST0369,Khaled Aziz,Tanta,SMB,Groceries,Olive Oil 1L,1,274.61,0.0,-274.61,177.89,-96.72,Cash,Online,Sara M.,2,4.0,False,True
ORD102199,2024-03-19,CUST0524,Hassan Ibrahim,Giza,Consumer,Groceries,Coffee 250g,1,193.27,0.0,193.27,97.14,96.13,Mobile Wallet,In-store,Sara M.,0,1.0,False,False
ORD101900,2024-01-30,CUST0201,Amr Ibrahim,Mansoura,SMB,Electronics,Smart Watch,1,3653.71,0.0,3653.71,2038.78,1614.93,Cash,In-store,Mona K.,0,2.0,False,False
ORD102269,2024-03-27,CUST0367,Dina Abdel Rahman,Cairo,Consumer,Home & Kitchen,Vacuum Cleaner,1,3154.84,0.0,3154.84,1975.28,1179.56,Mobile Wallet,Phone,Nourhan S.,0,4.0,False,False
ORD103028,2024-08-31,CUST0119,Hassan Aziz,Tanta,Consumer,Beauty,Skincare Set,2,801.31,0.0,1602.62,707.24,895.38,Installment,In-store,Youssef A.,0,5.0,False,False
ORD105290,2025-09-05,CUST0519,Ahmed Ibrahim,Giza,Consumer,Electronics,Wireless Earbuds,2,1208.0,0.0,2416.0,1471.24,944.76,Mobile Wallet,In-store,Nourhan S.,0,3.0,False,False
ORD100787,2023-05-20,CUST0387,Heba El-Sayed,Giza,Consumer,Groceries,Rice 5kg,2,227.91,0.0,455.82,286.78,169.04,Card,Phone,Nourhan S.,0,5.0,False,False
ORD104116,2025-02-21,CUST0566,Khaled Farouk,Alexandria,Consumer,Beauty,Skincare Set,3,822.74,0.0,2468.22,1022.94,1445.28,Card,In-store,Sara M.,0,5.0,False,False
ORD104073,2025-02-16,CUST0101,Rania Hassan,Cairo,Consumer,Clothing,Hoodie,1,647.4,0.0,647.4,301.56,345.84,Cash,Online,Omar F.,2,5.0,False,False
ORD104414,2025-03-26,CUST0239,Youssef Mostafa,Giza,Consumer,Beauty,Skincare Set,1,834.08,0.0,834.08,366.93,467.15,Mobile Wallet,Phone,Youssef A.,0,5.0,False,False
ORD104028,2025-02-11,CUST0071,Mahmoud Sherif,Giza,Consumer,Clothing,Sneakers,1,1325.73,0.0,1325.73,721.34,604.39,Cash,Phone,Khaled T.,0,4.0,False,False
ORD102378,2024-04-14,CUST0265,Dina Sherif,Aswan,Enterprise,Electronics,Wireless Earbuds,1,1266.43,0.0,1266.43,786.09,480.34,Card,In-store,Youssef A.,0,4.0,False,False
ORD102113,2024-03-07,CUST0205,Omar Mostafa,,Consumer,Electronics,Power Bank,2,631.25,0.0,1262.5,693.48,569.02,Card,Online,,3,5.0,False,False
ORD103442,2024-11-20,CUST0471,Sara Abdel Rahman,Cairo,Consumer,Sports,Yoga Mat,1,440.23,5.0,418.22,210.22,208.0,Card,In-store,Mona K.,0,5.0,True,False
ORD101369,2023-10-22,CUST0270,Salma Sherif,Giza,SMB,Clothing,Women's Dress,1,860.67,0.0,860.67,388.77,471.9,Mobile Wallet,Online,Khaled T.,4,3.0,False,False
ORD100729,2023-05-09,CUST0356,Nourhan Farouk,cairo,Consumer,Sports,Running Shoes,1,1587.09,10.0,1428.38,872.02,556.36,Card,Online,Mona K.,1,5.0,True,False
ORD101229,2023-09-19,CUST0277,Tarek Mostafa,Mansoura,Consumer,Sports,Dumbbell Set,1,1811.38,0.0,1811.38,1100.89,710.49,Cash,Online,Mona K.,2,3.0,False,False
ORD101215,2023-09-16,CUST0030,Mona Abdel Rahman,Cairo,Consumer,Home & Kitchen,Vacuum Cleaner,1,3287.72,0.0,3287.72,1893.05,1394.67,Card,Online,,3,4.0,False,False
ORD103099,2024-09-13,CUST0333,Laila El-Sayed,Alexandria,Consumer,Home & Kitchen,Coffee Maker,2,1576.24,0.0,3152.48,1689.78,1462.7,Installment,Phone,Khaled T.,0,4.0,False,False
ORD104068,2025-02-16,CUST0519,Ahmed Ibrahim,Giza,Consumer,Clothing,Jeans,1,735.93,0.0,735.93,316.99,418.94,Card,In-store,Sara M.,0,5.0,False,False
ORD103281,2024-10-18,CUST0407,Tarek Abdel Rahman,Aswan,Consumer,Electronics,Smart Watch,1,3255.11,0.0,3255.11,2027.42,1227.69,Cash,In-store,Youssef A.,0,5.0,False,False
ORD101901,2024-01-31,CUST0436,Tarek Khalil,Cairo,Consumer,Groceries,Rice 5kg,5,204.56,10.0,920.52,744.95,175.57,Installment,Online,,5,4.0,True,False
ORD100573,2023-04-15,CUST0075,Youssef Mahmoud,Alexandria,Consumer,Beauty,Makeup Kit,1,632.52,0.0,632.52,248.21,384.31,Cash,In-store,Sara M.,0,3.0,False,False
ORD101275,2023-09-28,CUST0516,Karim Hassan,Cairo,Consumer,Beauty,Skincare Set,3,739.26,0.0,2217.78,1071.87,1145.91,Card,In-store,Sara M.,0,5.0,False,False
ORD101321,2023-10-08,CUST0019,Hassan Mahmoud,Mansoura,Enterprise,Home & Kitchen,Cookware Set,1,2317.4,0.0,2317.4,1310.92,1006.48,Card,Online,Sara M.,7,4.0,False,False
ORD101001,2023-07-17,CUST0132,Youssef Aziz,Cairo,Consumer,Groceries,Honey Jar,1,296.5,25.0,222.38,207.61,14.77,Cash,Online,Sara M.,3,5.0,True,False
ORD105518,2025-10-14,CUST0079,Dina Khalil,Aswan,Consumer,Beauty,Makeup Kit,2,582.14,0.0,1164.28,505.56,658.72,Card,Online,Khaled T.,2,5.0,False,False
ORD103223,2024-10-07,CUST0173,Mona Mahmoud,Giza,Consumer,Sports,Football,2,404.03,0.0,808.06,350.44,457.62,Cash,Phone,Nourhan S.,0,4.0,False,False
ORD104761,2025-05-22,CUST0550,Ahmed Khalil,Cairo,Consumer,Beauty,Hair Dryer,1,834.82,0.0,834.82,465.3,369.52,Installment,In-store,Youssef A.,0,4.0,False,False
ORD102209,2024-03-19,CUST0502,Mahmoud Mahmoud,Giza,Consumer,Groceries,Coffee 250g,1,166.96,0.0,166.96,103.61,63.35,Cash,Online,,3,3.0,False,False
ORD103984,2025-02-07,CUST0245,Karim Ibrahim,Giza,SMB,Clothing,Sneakers,1,1331.76,0.0,1331.76,665.69,666.07,Mobile Wallet,Online,Khaled T.,5,2.0,False,False
ORD102313,2024-04-01,CUST0072,Omar Ibrahim,Mansoura,Consumer,Electronics,Bluetooth Speaker,2,975.58,0.0,1951.16,1062.4,888.76,Installment,Online,Mona K.,1,,False,False
ORD105405,2025-09-25,CUST0481,Khaled Mostafa,alexandria,Consumer,Electronics,Smart Watch,1,3645.66,0.0,3645.66,2163.03,1482.63,Mobile Wallet,In-store,Youssef A.,0,5.0,False,False
ORD104372,2025-03-22,CUST0373,Tarek Aziz,Cairo,Consumer,Clothing,Men's T-Shirt,1,366.0,0.0,366.0,146.85,219.15,Card,Online,Omar F.,1,5.0,False,False
ORD101562,2023-11-26,CUST0216,Mona Ibrahim,Giza,SMB,Electronics,Bluetooth Speaker,1,1004.15,25.0,753.11,572.16,180.95,Cash,In-store,Nourhan S.,0,5.0,True,False
ORD105784,2025-11-23,CUST0242,Khaled Ibrahim,Giza,Consumer,Sports,Running Shoes,1,1515.72,25.0,1136.79,881.96,254.83,Cash,Online,Mona K.,3,4.0,True,False
ORD102189,2024-03-18,CUST0451,Khaled Farouk,Cairo,Consumer,Groceries,Rice 5kg,2,204.06,0.0,408.12,307.66,100.46,Card,In-store,Khaled T.,0,5.0,False,False
ORD101371,2023-10-22,CUST0035,Heba Khalil,Cairo,Consumer,Beauty,Makeup Kit,5,594.93,0.0,2974.65,1302.1,1672.55,Card,In-store,Sara M.,0,5.0,False,False
ORD105406,2025-09-25,CUST0283,Nada Khalil,Tanta,SMB,Electronics,Power Bank,2,632.19,0.0,1264.38,676.04,588.34,Installment,Online,,1,5.0,False,False
ORD100693,2023-05-02,CUST0035,Heba Khalil,Cairo,Consumer,Beauty,Hair Dryer,1,920.15,0.0,920.15,462.25,457.9,Card,In-store,Mona K.,0,3.0,False,False
ORD104705,2025-05-12,CUST0305,Hassan Mostafa,Alexandria,SMB,Sports,Yoga Mat,1,485.63,0.0,485.63,228.27,257.36,Cash,In-store,Youssef A.,0,3.0,False,False
ORD101654,2023-12-11,CUST0434,Dina Farouk,Alexandria,Consumer,Clothing,Women's Dress,2,838.49,0.0,1676.98,787.86,889.12,Mobile Wallet,Online,Youssef A.,0,4.0,False,False
ORD101625,2023-12-06,CUST0182,Nourhan Mostafa,Alexandria,Consumer,Clothing,Hoodie,1,598.61,0.0,598.61,287.87,310.74,Card,In-store,Youssef A.,0,5.0,False,False
ORD103343,2024-11-01,CUST0324,Nourhan Hassan,Cairo,Enterprise,Sports,Running Shoes,1,1726.9,0.0,1726.9,816.44,910.46,Mobile Wallet,Online,,5,1.0,False,False
ORD102319,2024-04-04,CUST0190,Hassan Farouk,Mansoura,SMB,Beauty,Makeup Kit,1,618.02,0.0,618.02,249.09,368.93,Cash,Online,Youssef A.,4,,False,False
ORD105713,2025-11-15,CUST0360,Rania Khalil,Giza,Consumer,Clothing,Women's Dress,5,850.42,0.0,4252.1,2039.65,2212.45,Cash,In-store,Youssef A.,0,5.0,False,False
ORD100576,2023-04-16,CUST0508,Amr Aziz,giza,SMB,Beauty,Skincare Set,2,741.28,10.0,1334.3,695.22,639.08,Mobile Wallet,Online,,2,5.0,True,False
ORD103290,2024-10-19,CUST0422,Mona Khalil,Cairo,Consumer,Home & Kitchen,Blender,5,1030.18,0.0,5150.9,2898.0,2252.9,Card,Online,Nourhan S.,1,1.0,False,False
ORD100350,2023-03-15,CUST0545,Laila Ibrahim,Mansoura,Consumer,Home & Kitchen,Coffee Maker,1,1409.99,0.0,1409.99,816.56,593.43,Card,Online,,2,5.0,False,False
ORD101637,2023-12-08,CUST0535,Mona Abdel Rahman,Alexandria,SMB,Home & Kitchen,Coffee Maker,1,1517.35,0.0,1517.35,847.65,669.7,Cash,Phone,Mona K.,0,2.0,False,False
ORD102349,2024-04-09,CUST0195,Ahmed Mahmoud,Mansoura,Consumer,Electronics,Wireless Earbuds,1,1115.2,25.0,836.4,733.11,103.29,Card,In-store,Sara M.,0,3.0,True,False
ORD105298,2025-09-06,CUST0139,Ahmed Hassan,Tanta,Consumer,Clothing,Women's Dress,2,946.19,0.0,1892.38,822.62,1069.76,Mobile Wallet,In-store,Mona K.,0,2.0,False,False
ORD100186,2023-02-12,CUST0482,Yasmin El-Sayed,mansoura,SMB,Electronics,Bluetooth Speaker,2,894.87,0.0,1789.74,1149.76,639.98,Mobile Wallet,In-store,Nourhan S.,0,,False,False
ORD101460,2023-11-10,CUST0140,Heba Abdel Rahman,Cairo,Consumer,Home & Kitchen,Coffee Maker,2,1597.84,0.0,3195.68,1781.88,1413.8,Cash,Phone,Omar F.,0,5.0,False,False
ORD105318,2025-09-10,CUST0286,Tarek Aziz,Giza,SMB,Home & Kitchen,Coffee Maker,1,1486.85,0.0,1486.85,834.95,651.9,Installment,In-store,Sara M.,0,4.0,False,False
ORD103629,2024-12-11,CUST0036,Heba Mahmoud,Alexandria,Consumer,Clothing,Sneakers,1,1373.02,0.0,1373.02,702.21,670.81,Mobile Wallet,Online,Mona K.,7,,False,False
ORD102769,2024-06-26,CUST0566,Khaled Farouk,Alexandria,Consumer,Groceries,Rice 5kg,1,228.58,0.0,228.58,145.38,83.2,Installment,Online,,2,4.0,False,False
ORD100187,2023-02-12,CUST0059,Heba Mahmoud,tanta,Consumer,Groceries,Olive Oil 1L,2,290.84,0.0,581.68,366.4,215.28,Mobile Wallet,Online,,5,,False,False
ORD104627,2025-04-29,CUST0217,Nada Khalil,Alexandria,Consumer,Groceries,Rice 5kg,1,226.17,0.0,226.17,145.65,80.52,Cash,Online,,1,5.0,False,False
ORD105710,2025-11-15,CUST0337,Yasmin Ibrahim,Cairo,SMB,Clothing,Sneakers,1,1386.96,0.0,1386.96,688.08,698.88,Card,In-store,Youssef A.,0,5.0,False,False
ORD104406,2025-03-26,CUST0466,Nourhan Hassan,Alexandria,Consumer,Clothing,Hoodie,1,651.18,0.0,651.18,289.76,361.42,Card,Online,,4,3.0,False,False
ORD100783,2023-05-19,CUST0435,Dina El-Sayed,Cairo,Consumer,Clothing,Jeans,5,708.92,0.0,3544.6,1602.6,1942.0,Cash,Online,Youssef A.,5,4.0,False,False
ORD100774,2023-05-18,CUST0074,Nada Aziz,Cairo,Enterprise,Sports,Running Shoes,1,1621.88,10.0,1459.69,870.15,589.54,Cash,In-store,Khaled T.,0,5.0,True,False
ORD103282,2024-10-18,CUST0146,Karim Ibrahim,Cairo,Consumer,Electronics,Bluetooth Speaker,1,1014.91,0.0,1014.91,555.07,459.84,Mobile Wallet,Online,Sara M.,3,5.0,False,False
ORD100007,2023-01-02,CUST0201,Amr Ibrahim,mansoura,SMB,Sports,Football,2,353.53,20.0,565.65,376.4,189.25,Installment,Online,,2,5.0,True,False
ORD102288,2024-03-29,CUST0510,Nada Aziz,Alexandria,SMB,Clothing,Men's T-Shirt,1,377.67,0.0,377.67,153.5,224.17,Mobile Wallet,In-store,Youssef A.,0,4.0,False,False
ORD103590,2024-12-04,CUST0134,Sara Ibrahim,Giza,Consumer,Beauty,Makeup Kit,1,639.31,0.0,639.31,251.6,387.71,Mobile Wallet,Online,Youssef A.,2,5.0,False,False
ORD102771,2024-06-27,CUST0555,Heba Mahmoud,Cairo,SMB,Groceries,Coffee 250g,1,188.81,5.0,179.37,99.47,79.9,Cash,In-store,Sara M.,0,,True,False
ORD105185,2025-08-13,CUST0503,Ahmed Farouk,aswan,Consumer,Electronics,Bluetooth Speaker,2,928.63,20.0,1485.81,1091.36,394.45,Cash,Online,,1,,True,False
ORD104605,2025-04-25,CUST0318,Karim Ibrahim,Cairo,SMB,Home & Kitchen,Air Fryer,2,2768.79,0.0,5537.58,3426.3,2111.28,Card,Online,Youssef A.,2,,False,False
ORD101449,2023-11-08,CUST0189,Khaled Sherif,Alexandria,Enterprise,Clothing,Hoodie,1,623.82,25.0,467.86,312.29,155.57,Card,Online,,4,5.0,True,False
ORD103942,2025-02-01,CUST0042,Omar Aziz,Aswan,SMB,Clothing,Jeans,1,706.92,0.0,706.92,333.73,373.19,Cash,In-store,Khaled T.,0,5.0,False,False
ORD100847,2023-06-04,CUST0404,Khaled Abdel Rahman,Cairo,Consumer,Clothing,Women's Dress,2,870.82,0.0,1741.64,780.6,961.04,Cash,Online,Khaled T.,5,3.0,False,False
ORD100545,2023-04-12,CUST0282,Youssef El-Sayed,Cairo,Consumer,Home & Kitchen,Cookware Set,1,2332.46,15.0,1982.59,1273.74,708.85,Installment,In-store,Khaled T.,0,5.0,True,False
ORD102410,2024-04-21,CUST0175,Karim Mostafa,Mansoura,SMB,Electronics,Wireless Earbuds,1,1209.28,0.0,1209.28,771.22,438.06,Mobile Wallet,Online,,2,,False,False
ORD102993,2024-08-20,CUST0056,Youssef Farouk,Cairo,Consumer,Clothing,Hoodie,2,649.86,0.0,1299.72,587.88,711.84,Card,In-store,Nourhan S.,0,5.0,False,False
ORD100446,2023-03-29,CUST0075,Youssef Mahmoud,Alexandria,Consumer,Clothing,Women's Dress,1,875.69,0.0,875.69,391.3,484.39,Mobile Wallet,In-store,Omar F.,0,,False,False
ORD102012,2024-02-22,CUST0028,Sara El-Sayed,Alexandria,Consumer,Home & Kitchen,Vacuum Cleaner,1,3110.66,0.0,3110.66,1939.4,1171.26,Card,In-store,Youssef A.,0,3.0,False,False
ORD104386,2025-03-24,CUST0530,Adel Ibrahim,Alexandria,SMB,Clothing,Sneakers,2,1333.3,0.0,2666.6,1359.1,1307.5,Cash,In-store,Khaled T.,0,3.0,False,False
ORD105792,2025-11-24,CUST0041,Amr Ibrahim,Alexandria,Consumer,Beauty,Makeup Kit,1,625.36,5.0,594.09,260.98,333.11,Installment,Online,Khaled T.,3,5.0,True,False
ORD103646,2024-12-14,CUST0284,Hassan Mahmoud,Alexandria,Consumer,Beauty,Skincare Set,1,846.7,0.0,846.7,353.06,493.64,Cash,Online,Khaled T.,3,5.0,False,False
ORD104374,2025-03-22,CUST0303,Laila Sherif,Alexandria,Consumer,Clothing,Men's T-Shirt,1,361.21,0.0,361.21,146.81,214.4,Cash,In-store,Youssef A.,0,4.0,False,False
ORD100915,2023-06-24,CUST0179,Ahmed Khalil,Cairo,Consumer,Home & Kitchen,Blender,1,1086.33,0.0,1086.33,580.31,506.02,Card,Online,,1,5.0,False,False
ORD104082,2025-02-17,CUST0328,Karim Farouk,Alexandria,Consumer,Electronics,Power Bank,1,558.4,0.0,558.4,363.98,194.42,Installment,Online,Nourhan S.,2,5.0,False,False
ORD100284,2023-03-06,CUST0210,Dina Sherif,Alexandria,Consumer,Sports,Football,3,408.24,0.0,-1224.72,528.63,-696.09,Installment,Online,Youssef A.,1,4.0,False,True
ORD105448,2025-10-02,CUST0407,Tarek Abdel Rahman,Aswan,Consumer,Clothing,Sneakers,5,1326.1,0.0,6630.5,3464.9,3165.6,Card,In-store,Sara M.,0,5.0,False,False
ORD105104,2025-07-28,CUST0523,Karim Mostafa,Giza,SMB,Sports,Dumbbell Set,1,1894.01,5.0,1799.31,1057.84,741.47,Card,Online,Khaled T.,0,3.0,True,False
ORD102658,2024-06-05,CUST0347,Mona Mostafa,Alexandria,Enterprise,Beauty,Hair Dryer,2,954.9,0.0,1909.8,903.68,1006.12,Cash,In-store,Nourhan S.,0,1.0,False,False
ORD104552,2025-04-16,CUST0411,Rania Mostafa,Giza,Consumer,Sports,Yoga Mat,1,430.58,0.0,430.58,226.54,204.04,Cash,Online,,5,4.0,False,False
ORD104065,2025-02-16,CUST0179,Ahmed Khalil,Cairo,Consumer,Electronics,Power Bank,1,617.19,25.0,462.89,355.76,107.13,Card,Online,Mona K.,5,4.0,True,False
ORD104379,2025-03-23,CUST0136,Rania Mostafa,Tanta,Consumer,Clothing,Sneakers,1,1418.6,0.0,1418.6,714.69,703.91,Mobile Wallet,In-store,Nourhan S.,0,4.0,False,False
ORD100898,2023-06-19,CUST0302,Sara Sherif,Giza,Consumer,Home & Kitchen,Coffee Maker,1,1483.7,0.0,1483.7,854.41,629.29,Mobile Wallet,Online,Khaled T.,0,5.0,False,False
ORD102882,2024-07-25,CUST0017,Youssef Farouk,Cairo,Consumer,Sports,Dumbbell Set,2,1838.71,0.0,3677.42,2122.38,1555.04,Cash,Online,Nourhan S.,2,4.0,False,False
ORD103294,2024-10-20,CUST0245,Karim Ibrahim,Giza,SMB,Beauty,Skincare Set,3,809.02,0.0,2427.06,1080.9,1346.16,Card,Online,,1,5.0,False,False
ORD103222,2024-10-07,CUST0108,Omar El-Sayed,cairo,SMB,Electronics,Bluetooth Speaker,2,960.55,0.0,1921.1,1151.18,769.92,Card,In-store,Youssef A.,0,5.0,False,False
ORD102308,2024-03-31,CUST0201,Amr Ibrahim,Mansoura,SMB,Beauty,Perfume,1,1325.91,0.0,1325.91,624.44,701.47,Installment,Phone,Omar F.,0,4.0,False,False
ORD103122,2024-09-16,CUST0035,Heba Khalil,Cairo,Consumer,Home & Kitchen,Air Fryer,2,2759.12,0.0,5518.24,3310.82,2207.42,Mobile Wallet,Phone,Mona K.,0,5.0,False,False
ORD104152,2025-02-25,CUST0073,Ahmed Aziz,Cairo,Enterprise,Electronics,Wireless Earbuds,2,1170.95,0.0,2341.9,1474.06,867.84,Installment,In-store,Nourhan S.,0,4.0,False,False
ORD101543,2023-11-24,CUST0347,Mona Mostafa,Alexandria,Enterprise,Beauty,Skincare Set,1,809.42,15.0,688.01,367.36,320.65,Installment,Online,,2,2.0,True,False
ORD101348,2023-10-15,CUST0366,Khaled El-Sayed,Alexandria,Consumer,Home & Kitchen,Vacuum Cleaner,2,3038.47,0.0,6076.94,3741.72,2335.22,Cash,In-store,Omar F.,0,5.0,False,False
ORD102092,2024-03-05,CUST0336,Youssef El-Sayed,Tanta,Consumer,Beauty,Makeup Kit,1,572.12,0.0,572.12,254.2,317.92,Mobile Wallet,Online,Sara M.,5,,False,False
ORD100520,2023-04-08,CUST0396,Youssef Aziz,Cairo,Consumer,Electronics,Phone Case,5,240.27,10.0,1081.21,448.05,633.16,Cash,Online,,2,2.0,True,False
ORD100569,2023-04-15,CUST0013,Karim Sherif,Giza,Consumer,Sports,Dumbbell Set,1,1741.84,0.0,1741.84,1087.14,654.7,Installment,Online,Youssef A.,4,5.0,False,False
ORD103708,2024-12-27,CUST0591,Nourhan Khalil,Alexandria,Consumer,Beauty,Skincare Set,1,760.98,0.0,760.98,366.94,394.04,Mobile Wallet,In-store,Khaled T.,0,3.0,False,False
ORD103522,2024-11-28,CUST0329,Heba Aziz,Mansoura,Consumer,Clothing,Men's T-Shirt,1,325.76,10.0,293.18,147.57,145.61,Cash,Online,Nourhan S.,2,5.0,True,False
ORD104784,2025-05-25,CUST0231,Mona Hassan,Tanta,SMB,Electronics,Phone Case,1,252.75,5.0,240.11,91.55,148.56,Mobile Wallet,In-store,Mona K.,0,3.0,True,False
ORD100622,2023-04-21,CUST0006,Sara Khalil,Tanta,Consumer,Home & Kitchen,Vacuum Cleaner,5,3196.67,0.0,15983.35,9194.5,6788.85,Mobile Wallet,In-store,Nourhan S.,0,3.0,False,False
ORD105302,2025-09-07,CUST0278,Sara Abdel Rahman,Aswan,Consumer,Clothing,Jeans,1,747.13,0.0,747.13,305.49,441.64,Cash,Online,,2,,False,False
ORD102156,2024-03-13,CUST0306,Karim Aziz,Aswan,Consumer,Sports,Football,2,395.86,0.0,-791.72,367.78,-423.94,Card,In-store,Nourhan S.,0,5.0,False,True
ORD104085,2025-02-17,CUST0223,Ahmed Ibrahim,Cairo,Consumer,Electronics,Wireless Earbuds,1,1204.2,0.0,1204.2,750.59,453.61,Cash,Phone,Khaled T.,0,5.0,False,False
ORD102717,2024-06-16,CUST0342,Mahmoud Hassan,Mansoura,Consumer,Beauty,Skincare Set,1,805.46,0.0,805.46,346.44,459.02,Card,In-store,Mona K.,0,4.0,False,False
ORD100543,2023-04-12,CUST0459,Amr Ibrahim,Tanta,Consumer,Clothing,Men's T-Shirt,1,361.5,0.0,361.5,150.2,211.3,Card,In-store,Youssef A.,0,5.0,False,False
ORD102667,2024-06-07,CUST0539,Laila Mahmoud,Giza,SMB,Electronics,Smart Watch,1,3256.46,0.0,3256.46,2062.33,1194.13,Card,In-store,Sara M.,0,2.0,False,False
ORD102015,2024-02-23,CUST0194,Laila Farouk,cairo,Consumer,Electronics,Phone Case,1,262.28,0.0,262.28,89.76,172.52,Mobile Wallet,Online,Youssef A.,1,5.0,False,False
ORD102182,2024-03-16,CUST0425,Sara Hassan,Cairo,SMB,Home & Kitchen,Cookware Set,1,2342.86,0.0,2342.86,1353.5,989.36,Card,In-store,Mona K.,0,1.0,False,False
ORD104667,2025-05-04,CUST0277,Tarek Mostafa,Mansoura,Consumer,Clothing,Men's T-Shirt,1,364.66,0.0,364.66,145.94,218.72,Mobile Wallet,Online,,0,5.0,False,False
ORD100695,2023-05-03,CUST0528,Tarek Mahmoud,Cairo,Consumer,Sports,Football,1,356.62,0.0,356.62,178.88,177.74,Cash,In-store,Youssef A.,0,,False,False
ORD103326,2024-10-28,CUST0187,Karim Khalil,Alexandria,Consumer,Groceries,Honey Jar,1,313.98,0.0,313.98,190.04,123.94,Card,In-store,Mona K.,0,2.0,False,False
ORD102454,2024-04-30,CUST0151,Youssef Ibrahim,Cairo,Consumer,Beauty,Perfume,1,1317.78,0.0,1317.78,629.87,687.91,Card,In-store,Khaled T.,0,4.0,False,False
ORD100901,2023-06-19,CUST0472,Ahmed Farouk,Alexandria,Consumer,Electronics,Power Bank,1,563.59,0.0,563.59,343.91,219.68,Card,In-store,Omar F.,0,5.0,False,False
ORD104809,2025-05-31,CUST0474,Mona Sherif,Alexandria,Consumer,Electronics,Bluetooth Speaker,1,991.18,0.0,991.18,531.41,459.77,Card,Online,,5,,False,False
ORD101076,2023-08-07,CUST0474,Mona Sherif,Alexandria,Consumer,Beauty,Skincare Set,1,787.51,0.0,787.51,366.35,421.16,Mobile Wallet,Online,Omar F.,2,4.0,False,False
ORD101191,2023-09-09,CUST0087,Karim Ibrahim,Tanta,Consumer,Electronics,Wireless Earbuds,2,1248.95,0.0,2497.9,1502.58,995.32,Card,In-store,Nourhan S.,0,3.0,False,False
ORD102581,2024-05-24,CUST0227,Youssef Mahmoud,Giza,Consumer,Home & Kitchen,Vacuum Cleaner,3,3108.69,0.0,9326.07,5501.76,3824.31,Mobile Wallet,Online,Youssef A.,7,,False,False
ORD100813,2023-05-27,CUST0368,Nourhan Ibrahim,Tanta,Consumer,Sports,Dumbbell Set,1,1876.22,0.0,1876.22,1071.83,804.39,Cash,In-store,Omar F.,0,3.0,False,False
ORD101631,2023-12-07,CUST0431,Tarek Hassan,Giza,Enterprise,Home & Kitchen,Blender,1,1143.95,0.0,1143.95,583.97,559.98,Mobile Wallet,In-store,Mona K.,0,4.0,False,False
ORD100093,2023-01-21,CUST0550,Ahmed Khalil,Cairo,Consumer,Electronics,Power Bank,2,641.62,0.0,1283.24,721.1,562.14,Card,Online,Mona K.,7,1.0,False,False
ORD102020,2024-02-24,CUST0338,Yasmin Farouk,Alexandria,Consumer,Home & Kitchen,Vacuum Cleaner,2,3042.27,0.0,6084.54,3850.68,2233.86,Card,Phone,Youssef A.,0,5.0,False,False
ORD103579,2024-12-01,CUST0060,Hassan Sherif,Giza,SMB,Home & Kitchen,Vacuum Cleaner,1,3100.76,0.0,3100.76,1931.97,1168.79,Cash,Online,Nourhan S.,2,4.0,False,False
ORD100280,2023-03-05,CUST0528,Tarek Mahmoud,Cairo,Consumer,Groceries,Rice 5kg,1,214.78,5.0,204.04,149.1,54.94,Cash,Online,Mona K.,2,5.0,True,False
ORD105553,2025-10-21,CUST0021,Heba El-Sayed,Alexandria,SMB,Home & Kitchen,Blender,2,1142.06,0.0,2284.12,1220.38,1063.74,Cash,Online,Sara M.,2,2.0,False,False
ORD103005,2024-08-23,CUST0057,Amr Hassan,Tanta,Consumer,Electronics,Wireless Earbuds,2,1271.2,0.0,2542.4,1571.38,971.02,Card,In-store,Youssef A.,0,5.0,False,False
ORD105137,2025-08-03,CUST0013,Karim Sherif,Giza,Consumer,Home & Kitchen,Blender,3,1128.34,0.0,3385.02,1792.2,1592.82,Mobile Wallet,Phone,Omar F.,0,4.0,False,False
ORD100674,2023-04-28,CUST0005,Mahmoud Khalil,Alexandria,Consumer,Clothing,Men's T-Shirt,2,326.98,0.0,653.96,310.84,343.12,Card,Online,,0,5.0,False,False
ORD101086,2023-08-12,CUST0240,Salma Ibrahim,Mansoura,SMB,Electronics,Bluetooth Speaker,1,1020.48,0.0,-1020.48,574.57,-445.91,Cash,In-store,Nourhan S.,0,4.0,False,True
ORD102536,2024-05-16,CUST0149,Hassan Farouk,Alexandria,Consumer,Beauty,Hair Dryer,1,877.46,0.0,877.46,430.26,447.2,Card,Online,,0,5.0,False,False
ORD104481,2025-04-02,CUST0159,Mona Sherif,Alexandria,SMB,Home & Kitchen,Air Fryer,1,2745.2,0.0,2745.2,1705.97,1039.23,Card,In-store,Omar F.,0,,False,False
ORD104601,2025-04-24,CUST0281,Adel Mahmoud,Cairo,Consumer,Beauty,Hair Dryer,1,968.29,15.0,823.05,466.64,356.41,Card,Online,,3,,True,False
ORD100275,2023-03-04,CUST0204,Rania Farouk,Cairo,Consumer,Groceries,Rice 5kg,1,205.51,0.0,205.51,147.63,57.88,Cash,Online,,7,2.0,False,False
ORD102376,2024-04-13,CUST0374,Amr Aziz,Cairo,Consumer,Groceries,Honey Jar,1,329.08,0.0,329.08,200.43,128.65,Mobile Wallet,In-store,Nourhan S.,0,5.0,False,False
ORD100880,2023-06-13,CUST0527,Omar Ibrahim,Cairo,Consumer,Groceries,Rice 5kg,1,228.64,0.0,228.64,157.17,71.47,Mobile Wallet,Online,,1,4.0,False,False
ORD105623,2025-10-31,CUST0367,Dina Abdel Rahman,Cairo,Consumer,Electronics,Wireless Earbuds,1,1266.26,0.0,1266.26,739.65,526.61,Cash,In-store,Mona K.,0,4.0,False,False
ORD102616,2024-05-30,CUST0413,Hassan Mahmoud,Giza,SMB,Clothing,Women's Dress,1,951.87,0.0,951.87,381.9,569.97,Mobile Wallet,Online,,2,4.0,False,False
ORD104393,2025-03-25,CUST0508,Amr Aziz,giza,SMB,Home & Kitchen,Cookware Set,1,2239.27,0.0,2239.27,1269.15,970.12,Cash,Online,Sara M.,7,3.0,False,False
ORD100531,2023-04-10,CUST0318,Karim Ibrahim,Cairo,SMB,Sports,Yoga Mat,1,482.68,0.0,482.68,226.91,255.77,Card,Phone,Nourhan S.,0,2.0,False,False
ORD102219,2024-03-21,CUST0286,Tarek Aziz,Giza,SMB,Sports,Football,2,381.43,0.0,762.86,377.42,385.44,Installment,In-store,Sara M.,0,5.0,False,False
ORD100149,2023-02-04,CUST0245,Karim Ibrahim,Giza,SMB,Beauty,Skincare Set,1,754.97,0.0,754.97,335.72,419.25,Mobile Wallet,In-store,Omar F.,0,4.0,False,False
ORD100124,2023-01-28,CUST0426,Nada Ibrahim,Cairo,Consumer,Groceries,Olive Oil 1L,1,297.74,0.0,297.74,185.29,112.45,Card,In-store,Mona K.,0,2.0,False,False
ORD100535,2023-04-11,CUST0380,Amr Khalil,Giza,Consumer,Electronics,Power Bank,1,618.77,0.0,618.77,356.95,261.82,Cash,Phone,Sara M.,0,4.0,False,False
ORD103608,2024-12-07,CUST0363,Youssef Hassan,Alexandria,Consumer,ELECTRONICS,Phone Case,2,238.73,0.0,477.46,186.16,291.3,Card,In-store,Nourhan S.,0,5.0,False,False
ORD103168,2024-09-25,CUST0508,Amr Aziz,Giza,SMB,Beauty,Makeup Kit,1,608.18,0.0,608.18,256.79,351.39,Installment,Online,,0,4.0,False,False
ORD100861,2023-06-08,CUST0506,Adel Khalil,Mansoura,Consumer,Home & Kitchen,Blender,1,1174.69,0.0,1174.69,609.7,564.99,Mobile Wallet,Online,Mona K.,5,5.0,False,False
ORD103283,2024-10-18,CUST0456,Laila Mahmoud,Alexandria,Consumer,Electronics,Smart Watch,1,3550.37,0.0,3550.37,2031.53,1518.84,Cash,In-store,Sara M.,0,1.0,False,False
ORD100376,2023-03-18,CUST0584,Dina Mostafa,Alexandria,SMB,Beauty,Hair Dryer,2,828.73,0.0,1657.46,937.6,719.86,Installment,In-store,Nourhan S.,0,3.0,False,False
ORD103660,2024-12-17,CUST0255,Yasmin Aziz,Tanta,Consumer,Beauty,Makeup Kit,1,602.45,0.0,602.45,248.1,354.35,Cash,Online,,2,,False,False
ORD104619,2025-04-27,CUST0219,Youssef Ibrahim,Cairo,SMB,Beauty,Hair Dryer,2,864.08,0.0,1728.16,864.54,863.62,Cash,Online,,5,2.0,False,False
ORD101113,2023-08-21,CUST0395,Sara Sherif,Aswan,Consumer,Home & Kitchen,Blender,5,1058.31,0.0,5291.55,2990.9,2300.65,Card,In-store,Khaled T.,0,5.0,False,False
ORD100686,2023-04-30,CUST0343,Omar Abdel Rahman,Giza,Consumer,Sports,Football,1,367.64,10.0,330.88,186.16,144.72,Card,In-store,Nourhan S.,0,4.0,True,False
ORD101575,2023-11-28,CUST0171,Heba Hassan,Aswan,Consumer,Groceries,Olive Oil 1L,3,268.56,20.0,644.54,526.35,118.19,Cash,Online,Omar F.,0,2.0,True,False
ORD104185,2025-03-01,CUST0432,Ahmed Abdel Rahman,Cairo,Consumer,Beauty,Hair Dryer,1,962.87,25.0,722.15,434.85,287.3,Cash,Phone,Mona K.,0,5.0,True,False
ORD104508,2025-04-08,CUST0101,Rania Hassan,Cairo,Consumer,Clothing,Hoodie,1,648.23,0.0,648.23,306.62,341.61,Cash,Online,,1,5.0,False,False
ORD105941,2025-12-09,CUST0476,Ahmed Abdel Rahman,Cairo,Consumer,Sports,Football,2,352.05,0.0,704.1,374.84,329.26,Mobile Wallet,Online,Khaled T.,3,,False,False
ORD103074,2024-09-09,CUST0357,Mona Hassan,Aswan,Consumer,Sports,Dumbbell Set,2,1865.15,0.0,3730.3,2299.54,1430.76,Card,Online,Nourhan S.,2,1.0,False,False
ORD102233,2024-03-22,CUST0238,Youssef Ibrahim,Giza,Consumer,Electronics,Power Bank,1,617.44,0.0,617.44,335.72,281.72,Card,Online,,7,4.0,False,False
ORD102021,2024-02-24,CUST0078,Ahmed Hassan,Alexandria,Consumer,Sports,Football,1,385.57,0.0,385.57,177.92,207.65,Card,Online,Mona K.,2,4.0,False,False
ORD101416,2023-10-30,CUST0248,Karim Mostafa,Mansoura,Consumer,Sports,Dumbbell Set,1,1660.31,0.0,1660.31,1052.76,607.55,Card,Online,Omar F.,4,1.0,False,False
ORD100659,2023-04-27,CUST0568,Mona Farouk,Cairo,Consumer,Clothing,Women's Dress,2,971.9,0.0,1943.8,839.22,1104.58,Mobile Wallet,Online,Sara M.,1,,False,False
ORD103258,2024-10-14,CUST0228,Karim Sherif,Alexandria,SMB,Beauty,Makeup Kit,1,613.13,0.0,613.13,241.23,371.9,Mobile Wallet,Phone,Mona K.,0,4.0,False,False
ORD102869,2024-07-21,CUST0346,Salma Hassan,Aswan,SMB,Electronics,Wireless Earbuds,1,1249.53,0.0,1249.53,762.58,486.95,Mobile Wallet,Online,,2,4.0,False,False
ORD100534,2023-04-11,CUST0011,Ahmed Sherif,Alexandria,Consumer,Sports,Football,1,356.92,0.0,356.92,172.77,184.15,Card,Online,,2,5.0,False,False
ORD102427,2024-04-24,CUST0573,Heba Mahmoud,Cairo,Consumer,Home & Kitchen,Cookware Set,3,2096.02,0.0,6288.06,3744.9,2543.16,Mobile Wallet,Online,,2,5.0,False,False
ORD103316,2024-10-26,CUST0458,Nourhan Ibrahim,Cairo,Consumer,Sports,Yoga Mat,1,459.78,0.0,459.78,211.26,248.52,Cash,Phone,Khaled T.,0,3.0,False,False
ORD100124,2023-01-28,CUST0426,Nada Ibrahim,Cairo,Consumer,Groceries,Olive Oil 1L,1,297.74,0.0,297.74,185.29,112.45,Card,In-store,Mona K.,0,2.0,False,False
ORD103901,2025-01-25,CUST0466,Nourhan Hassan,Alexandria,Consumer,Groceries,Olive Oil 1L,1,257.69,0.0,257.69,173.72,83.97,Mobile Wallet,Online,,5,5.0,False,False
ORD103020,2024-08-29,CUST0036,Heba Mahmoud,Alexandria,Consumer,Sports,Football,1,399.54,0.0,399.54,188.53,211.01,Installment,In-store,Youssef A.,0,5.0,False,False
ORD102429,2024-04-24,CUST0284,Hassan Mahmoud,Alexandria,Consumer,Clothing,Men's T-Shirt,1,343.92,0.0,343.92,148.96,194.96,Cash,Online,,4,5.0,False,False
ORD105506,2025-10-12,CUST0529,Adel Khalil,Alexandria,Consumer,Clothing,Sneakers,1,1330.35,0.0,1330.35,728.3,602.05,Installment,Phone,Nourhan S.,0,5.0,False,False
ORD105633,2025-11-02,CUST0260,Dina Sherif,Alexandria,Consumer,Clothing,Women's Dress,1,839.21,0.0,839.21,412.0,427.21,Mobile Wallet,In-store,Khaled T.,0,4.0,False,False
ORD103044,2024-09-03,CUST0184,Laila Mostafa,Aswan,Consumer,Beauty,Makeup Kit,1,599.45,0.0,599.45,253.15,346.3,Mobile Wallet,Online,,4,4.0,False,False
ORD105897,2025-12-02,CUST0271,Mona Farouk,Aswan,Consumer,Sports,Dumbbell Set,1,1751.94,0.0,1751.94,1095.89,656.05,Card,In-store,Sara M.,0,3.0,False,False
ORD106043,2025-12-29,CUST0571,Yasmin Khalil,Cairo,Consumer,Clothing,Jeans,3,790.35,0.0,2371.05,956.25,1414.8,Mobile Wallet,Online,Sara M.,2,1.0,False,False
ORD101306,2023-10-05,CUST0134,Sara Ibrahim,Giza,Consumer,Beauty,Skincare Set,1,780.89,0.0,780.89,356.38,424.51,Installment,In-store,Mona K.,0,3.0,False,False
ORD104473,2025-04-01,CUST0581,Tarek El-Sayed,Mansoura,Consumer,Clothing,Women's Dress,1,954.93,0.0,954.93,389.28,565.65,Cash,Phone,Mona K.,0,4.0,False,False
ORD102874,2024-07-22,CUST0089,Khaled Ibrahim,Tanta,Consumer,Home & Kitchen,Cookware Set,1,2324.92,0.0,2324.92,1358.92,966.0,Mobile Wallet,In-store,Youssef A.,0,4.0,False,False
ORD102303,2024-03-31,CUST0286,Tarek Aziz,Giza,SMB,Home & Kitchen,Air Fryer,1,2682.96,0.0,2682.96,1747.18,935.78,Cash,Online,Sara M.,1,2.0,False,False
ORD104771,2025-05-24,CUST0577,Laila El-Sayed,Alexandria,SMB,Sports,Football,1,381.95,0.0,381.95,173.43,208.52,Card,In-store,Nourhan S.,0,5.0,False,False
ORD101398,2023-10-27,CUST0221,Mahmoud Farouk,Alexandria,Consumer,Groceries,Rice 5kg,2,230.95,0.0,461.9,289.16,172.74,Card,Online,,1,5.0,False,False
ORD102603,2024-05-26,CUST0012,Yasmin Aziz,Cairo,Consumer,ELECTRONICS,Phone Case,2,238.54,25.0,357.81,176.34,181.47,Card,Online,,4,4.0,True,False
ORD105477,2025-10-07,CUST0376,Mahmoud Ibrahim,Giza,Consumer,Groceries,Olive Oil 1L,1,281.35,0.0,281.35,173.61,107.74,Cash,Online,Sara M.,2,4.0,False,False
ORD105913,2025-12-04,CUST0079,Dina Khalil,Aswan,Consumer,Sports,Yoga Mat,1,431.55,0.0,431.55,211.52,220.03,Cash,Online,,3,4.0,False,False
ORD104610,2025-04-25,CUST0375,Amr Khalil,Cairo,Consumer,Beauty,Perfume,1,1375.73,5.0,1306.94,623.84,683.1,Installment,In-store,Sara M.,0,4.0,True,False
ORD102348,2024-04-09,CUST0420,Karim Khalil,Giza,Consumer,Groceries,Rice 5kg,2,235.53,0.0,471.06,287.62,183.44,Card,In-store,Khaled T.,0,4.0,False,False
ORD103988,2025-02-07,CUST0093,Nourhan Mahmoud,Giza,Consumer,Electronics,Bluetooth Speaker,1,993.82,0.0,993.82,556.11,437.71,Installment,In-store,Omar F.,0,4.0,False,False
ORD105646,2025-11-03,CUST0385,Adel Mahmoud,aswan,Consumer,Sports,Yoga Mat,1,475.66,0.0,475.66,211.16,264.5,Mobile Wallet,In-store,Youssef A.,0,5.0,False,False
ORD102393,2024-04-17,CUST0366,Khaled El-Sayed,Alexandria,Consumer,Sports,Dumbbell Set,1,1714.05,0.0,1714.05,1118.37,595.68,Card,Phone,Mona K.,0,5.0,False,False
ORD105328,2025-09-12,CUST0324,Nourhan Hassan,Cairo,Enterprise,Sports,Football,1,389.92,0.0,389.92,178.43,211.49,Cash,Online,,2,3.0,False,False
ORD103702,2024-12-25,CUST0247,Tarek Hassan,Cairo,Consumer,Electronics,Phone Case,5,237.12,25.0,889.2,443.3,445.9,Cash,In-store,Omar F.,0,,True,False
ORD103475,2024-11-23,CUST0309,Nourhan El-Sayed,Giza,SMB,Electronics,Phone Case,2,256.36,25.0,384.54,173.84,210.7,Card,In-store,Sara M.,0,4.0,True,False
ORD103129,2024-09-18,CUST0346,Salma Hassan,Aswan,SMB,Sports,Football,1,392.27,0.0,392.27,173.9,218.37,Card,Online,,0,3.0,False,False
ORD100455,2023-03-30,CUST0394,Karim Mostafa,Alexandria,SMB,Clothing,Men's T-Shirt,1,333.46,0.0,333.46,147.52,185.94,Card,Online,Youssef A.,2,5.0,False,False
ORD102883,2024-07-25,CUST0067,Adel Abdel Rahman,Cairo,SMB,Beauty,Hair Dryer,1,878.5,0.0,878.5,428.15,450.35,Card,Online,Youssef A.,0,2.0,False,False
ORD100023,2023-01-05,CUST0064,Khaled Mahmoud,Mansoura,Consumer,Home & Kitchen,Blender,2,1105.88,0.0,2211.76,1244.4,967.36,Mobile Wallet,Online,Mona K.,3,4.0,False,False
ORD100537,2023-04-11,CUST0259,Omar Farouk,Giza,Consumer,Clothing,Men's T-Shirt,1,338.6,0.0,338.6,146.7,191.9,Card,Online,Nourhan S.,4,5.0,False,False
ORD103229,2024-10-08,CUST0301,Laila Sherif,Giza,Consumer,Sports,Running Shoes,2,1612.77,0.0,3225.54,1767.32,1458.22,Cash,Online,Youssef A.,0,4.0,False,False
ORD103488,2024-11-24,CUST0224,Laila Sherif,Alexandria,Consumer,Beauty,Hair Dryer,1,898.35,15.0,763.6,462.84,300.76,Mobile Wallet,Phone,Sara M.,0,5.0,True,False
ORD101362,2023-10-20,CUST0425,Sara Hassan,Cairo,SMB,Home & Kitchen,Coffee Maker,2,1389.71,0.0,2779.42,1623.74,1155.68,Cash,In-store,Sara M.,0,2.0,False,False
ORD101071,2023-08-05,CUST0580,Mahmoud Mostafa,Giza,SMB,Clothing,Women's Dress,1,879.84,0.0,879.84,380.64,499.2,Card,Online,Omar F.,2,1.0,False,False
ORD101149,2023-08-31,CUST0189,Khaled Sherif,Alexandria,Enterprise,Sports,Football,1,365.88,0.0,365.88,171.95,193.93,Card,In-store,Youssef A.,0,3.0,False,False
ORD101683,2023-12-20,CUST0387,Heba El-Sayed,Giza,Consumer,Home & Kitchen,Cookware Set,1,2268.43,0.0,2268.43,1269.91,998.52,Card,In-store,Nourhan S.,0,4.0,False,False
ORD104632,2025-04-29,CUST0244,Youssef Aziz,Tanta,Consumer,Home & Kitchen,Air Fryer,3,2722.18,0.0,8166.54,4923.66,3242.88,Cash,Online,Omar F.,5,2.0,False,False
ORD100597,2023-04-18,CUST0307,Ahmed Farouk,mansoura,Consumer,Sports,Football,2,392.13,0.0,784.26,358.76,425.5,Card,Online,Omar F.,2,5.0,False,False
ORD102840,2024-07-14,CUST0493,Ahmed Khalil,Cairo,SMB,Sports,Dumbbell Set,2,1930.73,0.0,3861.46,2095.46,1766.0,Cash,Online,,2,,False,False
ORD103956,2025-02-04,CUST0213,Khaled Mostafa,Mansoura,Consumer,Groceries,Rice 5kg,2,225.77,0.0,451.54,304.48,147.06,Mobile Wallet,Online,Omar F.,1,5.0,False,False
ORD103156,2024-09-23,CUST0278,Sara Abdel Rahman,Aswan,Consumer,Beauty,Makeup Kit,1,618.9,0.0,618.9,250.14,368.76,Mobile Wallet,In-store,Sara M.,0,2.0,False,False
ORD103323,2024-10-27,CUST0369,Khaled Aziz,Tanta,SMB,Beauty,Hair Dryer,1,967.71,0.0,967.71,465.46,502.25,Card,Online,Sara M.,5,4.0,False,False
ORD103635,2024-12-12,CUST0211,Adel Sherif,Mansoura,SMB,Clothing,Men's T-Shirt,1,354.21,0.0,354.21,152.49,201.72,Mobile Wallet,In-store,Khaled T.,0,5.0,False,False
ORD102144,2024-03-12,CUST0032,Salma Sherif,Cairo,Consumer,Beauty,Makeup Kit,2,628.74,0.0,1257.48,478.66,778.82,Installment,In-store,Nourhan S.,0,4.0,False,False
ORD104367,2025-03-21,CUST0076,Nourhan Khalil,Mansoura,SMB,Electronics,Power Bank,1,607.52,0.0,607.52,339.86,267.66,Card,In-store,Omar F.,0,5.0,False,False
ORD105162,2025-08-07,CUST0353,Karim Sherif,Cairo,Consumer,Home & Kitchen,Cookware Set,1,2055.97,0.0,2055.97,1279.31,776.66,Mobile Wallet,In-store,Nourhan S.,0,5.0,False,False
ORD101004,2023-07-18,CUST0375,Amr Khalil,Cairo,Consumer,Groceries,Olive Oil 1L,2,285.09,0.0,570.18,344.5,225.68,Card,In-store,Khaled T.,0,,False,False
ORD101132,2023-08-26,CUST0358,Amr Aziz,Cairo,Consumer,Electronics,Bluetooth Speaker,1,1025.57,0.0,1025.57,556.12,469.45,Card,In-store,Khaled T.,0,3.0,False,False
ORD104018,2025-02-10,CUST0537,Nourhan Hassan,Cairo,Consumer,Groceries,Rice 5kg,1,217.72,0.0,217.72,150.4,67.32,Cash,Online,Khaled T.,0,4.0,False,False
ORD104756,2025-05-21,CUST0188,Adel Sherif,Alexandria,Consumer,Sports,Running Shoes,3,1477.24,0.0,4431.72,2629.38,1802.34,Cash,In-store,Sara M.,0,5.0,False,False
ORD101511,2023-11-22,CUST0515,Salma El-Sayed,Mansoura,Consumer,Electronics,Smart Watch,1,3225.75,25.0,2419.31,2146.61,272.7,Cash,Online,,7,5.0,True,False
ORD104090,2025-02-18,CUST0099,Mahmoud Ibrahim,Giza,Enterprise,Groceries,Coffee 250g,1,191.97,0.0,191.97,104.41,87.56,Card,Phone,Nourhan S.,0,5.0,False,False
ORD102423,2024-04-23,CUST0197,Youssef Sherif,Giza,Consumer,Beauty,Hair Dryer,3,913.57,0.0,2740.71,1416.54,1324.17,Installment,Online,,4,3.0,False,False
ORD103642,2024-12-13,CUST0491,Tarek Khalil,Alexandria,Consumer,Home & Kitchen,Vacuum Cleaner,1,2998.97,0.0,2998.97,1830.2,1168.77,Cash,In-store,Khaled T.,0,1.0,False,False
ORD100229,2023-02-22,CUST0399,Amr Abdel Rahman,Mansoura,Consumer,Electronics,Bluetooth Speaker,1,904.93,0.0,904.93,575.0,329.93,Card,Online,,2,2.0,False,False
ORD100435,2023-03-27,CUST0481,Khaled Mostafa,Alexandria,Consumer,Home & Kitchen,Vacuum Cleaner,1,3104.82,0.0,3104.82,1925.36,1179.46,Cash,Online,Khaled T.,4,3.0,False,False
ORD104337,2025-03-17,CUST0153,Ahmed Hassan,Cairo,Enterprise,Groceries,Olive Oil 1L,1,290.33,0.0,290.33,182.0,108.33,Cash,Online,,5,3.0,False,False
ORD104260,2025-03-09,CUST0594,Tarek Ibrahim,Aswan,SMB,Electronics,Phone Case,1,246.62,0.0,246.62,91.26,155.36,Card,Online,Nourhan S.,7,,False,False
ORD105225,2025-08-22,CUST0495,Rania Mostafa,Giza,Consumer,Clothing,Men's T-Shirt,2,371.87,0.0,743.74,313.56,430.18,Cash,Online,Sara M.,1,3.0,False,False
ORD102788,2024-07-01,CUST0147,Yasmin Farouk,Cairo,SMB,Electronics,Wireless Earbuds,1,1188.12,0.0,1188.12,756.42,431.7,Card,In-store,Mona K.,0,,False,False
ORD101292,2023-10-02,CUST0593,Omar Sherif,Mansoura,Consumer,Electronics,Smart Watch,1,3351.09,0.0,3351.09,2035.18,1315.91,Card,Online,,2,4.0,False,False
ORD104190,2025-03-01,CUST0295,Salma Aziz,Cairo,SMB,Home & Kitchen,Vacuum Cleaner,2,3170.65,0.0,6341.3,3646.44,2694.86,Card,In-store,Mona K.,0,4.0,False,False
ORD102136,2024-03-10,CUST0075,Youssef Mahmoud,Alexandria,Consumer,Groceries,Honey Jar,1,298.34,0.0,298.34,197.27,101.07,Card,Online,,2,5.0,False,False
ORD105062,2025-07-18,CUST0250,Adel Aziz,Cairo,Enterprise,Electronics,Wireless Earbuds,1,1126.02,0.0,1126.02,712.87,413.15,Card,In-store,Youssef A.,0,4.0,False,False
ORD101979,2024-02-14,CUST0323,Khaled Farouk,Cairo,SMB,Electronics,Wireless Earbuds,1,1294.69,0.0,1294.69,786.42,508.27,Cash,In-store,Mona K.,0,5.0,False,False
ORD104786,2025-05-25,CUST0435,Dina El-Sayed,Cairo,Consumer,Beauty,Perfume,1,1251.62,0.0,1251.62,608.1,643.52,Installment,Online,,3,4.0,False,False
ORD102655,2024-06-05,CUST0575,Adel Ibrahim,Alexandria,SMB,Beauty,Hair Dryer,1,950.78,0.0,950.78,472.22,478.56,Cash,Online,,2,4.0,False,False
ORD103602,2024-12-06,CUST0316,Amr Ibrahim,Alexandria,SMB,Beauty,Perfume,1,1338.34,0.0,1338.34,581.94,756.4,Card,In-store,Sara M.,0,3.0,False,False
ORD104660,2025-05-04,CUST0341,Heba El-Sayed,Alexandria,Enterprise,Clothing,Women's Dress,1,948.52,0.0,-948.52,411.42,-537.1,Card,Online,,3,3.0,False,True
ORD103645,2024-12-14,CUST0327,Dina Hassan,Alexandria,SMB,Clothing,Men's T-Shirt,1,377.87,15.0,321.19,149.28,171.91,Cash,Online,Sara M.,7,4.0,True,False
ORD105902,2025-12-03,CUST0529,Adel Khalil,Alexandria,Consumer,Electronics,Smart Watch,1,3478.4,0.0,3478.4,2083.78,1394.62,Cash,In-store,Sara M.,0,5.0,False,False
ORD103237,2024-10-09,CUST0534,Amr El-Sayed,Aswan,Consumer,Clothing,Hoodie,2,628.48,0.0,1256.96,621.14,635.82,Cash,Phone,Sara M.,0,5.0,False,False
ORD105496,2025-10-11,CUST0137,Laila Mahmoud,Aswan,Consumer,Electronics,Wireless Earbuds,2,1212.83,0.0,2425.66,1455.88,969.78,Card,In-store,Youssef A.,0,3.0,False,False
ORD103745,2025-01-01,CUST0403,Dina Aziz,Cairo,Consumer,Home & Kitchen,Cookware Set,2,2140.68,0.0,4281.36,2611.74,1669.62,Card,Online,Nourhan S.,3,4.0,False,False
ORD103123,2024-09-16,CUST0141,Nourhan Hassan,Giza,Consumer,Clothing,Sneakers,2,1343.37,0.0,2686.74,1437.44,1249.3,Card,Online,Khaled T.,5,5.0,False,False
ORD100937,2023-06-28,CUST0464,Adel Mahmoud,Aswan,SMB,Sports,Football,1,370.37,0.0,370.37,178.8,191.57,Card,Online,Youssef A.,1,5.0,False,False
ORD102671,2024-06-08,CUST0534,Amr El-Sayed,Aswan,Consumer,Beauty,Skincare Set,2,817.0,0.0,1634.0,711.48,922.52,Mobile Wallet,Online,Nourhan S.,4,3.0,False,False
ORD100984,2023-07-13,CUST0359,Rania Abdel Rahman,Tanta,SMB,Clothing,Sneakers,1,1377.87,0.0,1377.87,720.69,657.18,Card,Online,Khaled T.,5,5.0,False,False
ORD102487,2024-05-06,CUST0180,Yasmin Farouk,Aswan,Consumer,Home & Kitchen,Coffee Maker,1,1500.67,0.0,1500.67,836.39,664.28,Card,In-store,Nourhan S.,0,4.0,False,False
ORD100372,2023-03-18,CUST0194,Laila Farouk,Cairo,Consumer,Beauty,Makeup Kit,1,602.32,15.0,511.97,244.58,267.39,Card,Phone,Khaled T.,0,5.0,True,False
ORD103329,2024-10-29,CUST0284,Hassan Mahmoud,Alexandria,Consumer,Beauty,Makeup Kit,1,630.27,0.0,630.27,246.1,384.17,Card,In-store,Youssef A.,0,5.0,False,False
ORD102256,2024-03-24,CUST0541,Dina Sherif,Alexandria,SMB,Clothing,Men's T-Shirt,1,334.89,0.0,-334.89,144.52,-190.37,Cash,Online,Youssef A.,4,5.0,False,True
ORD103616,2024-12-09,CUST0348,Nourhan Ibrahim,Mansoura,Consumer,Beauty,Skincare Set,2,782.19,0.0,1564.38,714.24,850.14,Cash,Online,,1,3.0,False,False
ORD104953,2025-06-25,CUST0233,Sara Sherif,Mansoura,Consumer,Home & Kitchen,Cookware Set,1,2219.86,0.0,2219.86,1329.72,890.14,Cash,Online,Youssef A.,4,5.0,False,False
ORD101912,2024-02-01,CUST0110,Mahmoud Aziz,Giza,Consumer,Electronics,Smart Watch,1,3632.89,0.0,3632.89,2063.61,1569.28,Mobile Wallet,In-store,Nourhan S.,0,3.0,False,False
ORD103730,2024-12-30,CUST0043,Ahmed Khalil,Cairo,Consumer,Electronics,Smart Watch,1,3254.15,0.0,3254.15,2069.14,1185.01,Mobile Wallet,Phone,Mona K.,0,4.0,False,False
ORD101549,2023-11-25,CUST0077,Hassan Farouk,cairo,Consumer,Groceries,Olive Oil 1L,1,261.29,20.0,209.03,175.64,33.39,Mobile Wallet,In-store,Mona K.,0,4.0,True,False
ORD103669,2024-12-20,CUST0283,Nada Khalil,Tanta,SMB,Home & Kitchen,Cookware Set,1,2144.56,10.0,1930.1,1330.31,599.79,Cash,Phone,Sara M.,0,4.0,True,False
ORD101173,2023-09-05,CUST0502,Mahmoud Mahmoud,Giza,Consumer,Beauty,Hair Dryer,3,922.34,0.0,2767.02,1345.23,1421.79,Cash,Online,Omar F.,4,4.0,False,False
ORD104115,2025-02-21,CUST0090,Ahmed Hassan,Giza,Enterprise,Clothing,Women's Dress,1,965.53,0.0,965.53,405.2,560.33,Mobile Wallet,Online,Nourhan S.,2,5.0,False,False
ORD102475,2024-05-04,CUST0588,Nourhan Sherif,Aswan,SMB,Clothing,Sneakers,1,1289.52,0.0,1289.52,674.34,615.18,Cash,Online,,3,3.0,False,False
ORD102525,2024-05-14,CUST0353,Karim Sherif,Cairo,Consumer,Clothing,Sneakers,1,1399.78,0.0,1399.78,708.35,691.43,Installment,Phone,Omar F.,0,5.0,False,False
ORD103445,2024-11-21,CUST0280,Omar Sherif,Alexandria,Consumer,Electronics,Bluetooth Speaker,1,1005.65,10.0,905.08,526.13,378.95,Installment,Online,Mona K.,0,5.0,True,False
ORD100042,2023-01-10,CUST0331,Adel Mostafa,Cairo,Consumer,Groceries,Coffee 250g,2,178.79,0.0,357.58,197.96,159.62,Card,Online,Youssef A.,3,4.0,False,False
ORD103403,2024-11-13,CUST0199,Khaled Abdel Rahman,Cairo,Consumer,Electronics,Smart Watch,1,3267.95,0.0,3267.95,2041.7,1226.25,Mobile Wallet,In-store,Nourhan S.,0,,False,False
ORD105437,2025-10-01,CUST0235,Sara Aziz,Mansoura,Enterprise,Sports,Yoga Mat,1,467.6,0.0,467.6,215.55,252.05,Card,In-store,Mona K.,0,1.0,False,False
ORD101837,2024-01-19,CUST0588,Nourhan Sherif,Aswan,SMB,CLOTHING,Jeans,2,35897.5,0.0,71795.0,655.14,780.76,Card,Online,,0,5.0,False,False
ORD104766,2025-05-23,CUST0522,Karim Mahmoud,Alexandria,SMB,Clothing,Jeans,1,785.43,0.0,785.43,305.6,479.83,Card,In-store,Sara M.,0,1.0,False,False
ORD101980,2024-02-14,CUST0253,Amr Farouk,Alexandria,Consumer,Electronics,Bluetooth Speaker,1,914.79,0.0,914.79,550.6,364.19,Cash,Online,,2,5.0,False,False
ORD104265,2025-03-09,CUST0241,Omar Khalil,Alexandria,SMB,Home & Kitchen,Air Fryer,1,2897.15,0.0,2897.15,1651.62,1245.53,Cash,Phone,Sara M.,0,5.0,False,False
ORD104680,2025-05-08,CUST0505,Ahmed Abdel Rahman,Alexandria,SMB,Sports,Running Shoes,2,1556.21,0.0,3112.42,1757.26,1355.16,Mobile Wallet,Online,,2,5.0,False,False
ORD102412,2024-04-21,CUST0221,Mahmoud Farouk,Alexandria,Consumer,Sports,Running Shoes,1,1524.56,0.0,1524.56,891.29,633.27,Installment,Online,,0,3.0,False,False
ORD101871,2024-01-25,CUST0178,Mahmoud Farouk,Alexandria,Consumer,Electronics,Phone Case,2,245.89,0.0,491.78,181.1,310.68,Installment,In-store,,0,3.0,False,False
ORD101078,2023-08-08,CUST0202,Heba Mostafa,Alexandria,Consumer,Sports,Yoga Mat,1,481.52,0.0,481.52,227.19,254.33,Installment,Online,Omar F.,2,4.0,False,False
ORD102318,2024-04-04,CUST0318,Karim Ibrahim,Cairo,SMB,Groceries,Coffee 250g,1,169.92,0.0,169.92,100.98,68.94,Cash,Phone,Khaled T.,0,5.0,False,False
ORD105808,2025-11-25,CUST0317,Mahmoud Farouk,Alexandria,Consumer,Beauty,Hair Dryer,1,940.09,20.0,752.07,463.27,288.8,Mobile Wallet,In-store,Mona K.,0,3.0,True,False
ORD101684,2023-12-20,CUST0036,Heba Mahmoud,alexandria,Consumer,Clothing,Women's Dress,1,951.58,0.0,951.58,398.65,552.93,Mobile Wallet,In-store,Khaled T.,0,,False,False
ORD104858,2025-06-07,CUST0393,Yasmin Aziz,Cairo,Consumer,Home & Kitchen,Vacuum Cleaner,1,2959.16,0.0,2959.16,1865.0,1094.16,Mobile Wallet,Online,,3,3.0,False,False
ORD102133,2024-03-10,CUST0504,Heba Mostafa,Mansoura,Consumer,Beauty,Perfume,2,1301.09,0.0,2602.18,1168.82,1433.36,Card,Phone,Sara M.,0,,False,False
ORD101404,2023-10-28,CUST0368,Nourhan Ibrahim,Tanta,Consumer,Home & Kitchen,Air Fryer,1,2706.6,25.0,2029.95,1669.61,360.34,Cash,In-store,Omar F.,0,4.0,True,False
ORD105762,2025-11-21,CUST0470,Nada Mahmoud,Cairo,Consumer,Home & Kitchen,Vacuum Cleaner,1,2988.0,5.0,2838.6,1872.78,965.82,Card,In-store,Mona K.,0,4.0,True,False
ORD100192,2023-02-13,CUST0128,Rania Aziz,Alexandria,Consumer,Clothing,Men's T-Shirt,1,324.58,0.0,324.58,156.46,168.12,Mobile Wallet,Online,,2,1.0,False,False
ORD100205,2023-02-15,CUST0494,Mahmoud Mostafa,Alexandria,Consumer,Home & Kitchen,Blender,1,1031.34,0.0,1031.34,623.02,408.32,Mobile Wallet,Online,,2,5.0,False,False
ORD104278,2025-03-11,CUST0023,Mona Mostafa,Cairo,Consumer,Home & Kitchen,Blender,1,1074.39,0.0,1074.39,603.71,470.68,Cash,In-store,Mona K.,0,,False,False
ORD103930,2025-01-31,CUST0047,Ahmed Farouk,Tanta,Consumer,Home & Kitchen,Blender,1,1146.61,0.0,1146.61,570.77,575.84,Mobile Wallet,Online,Mona K.,1,2.0,False,False
ORD102489,2024-05-07,CUST0133,Sara Ibrahim,Mansoura,Enterprise,Beauty,Perfume,1,1362.86,0.0,1362.86,600.84,762.02,Cash,Online,Mona K.,3,5.0,False,False
ORD100212,2023-02-18,CUST0578,Tarek Aziz,Cairo,Consumer,Electronics,Phone Case,1,263.56,0.0,263.56,90.46,173.1,Mobile Wallet,In-store,Nourhan S.,0,3.0,False,False
ORD104884,2025-06-13,CUST0270,Salma Sherif,Giza,SMB,Home & Kitchen,Vacuum Cleaner,2,3227.11,0.0,6454.22,3686.34,2767.88,Cash,In-store,Nourhan S.,0,3.0,False,False
ORD102198,2024-03-19,CUST0071,Mahmoud Sherif,Giza,Consumer,Electronics,Phone Case,1,240.98,0.0,240.98,94.07,146.91,Installment,Online,Youssef A.,3,3.0,False,False
ORD105726,2025-11-17,CUST0404,Khaled Abdel Rahman,Cairo,Consumer,Electronics,Bluetooth Speaker,1,1009.23,0.0,1009.23,531.28,477.95,Card,Online,Khaled T.,0,4.0,False,False
ORD101956,2024-02-10,CUST0426,Nada Ibrahim,Cairo,Consumer,Clothing,Women's Dress,3,923.19,0.0,2769.57,1250.67,1518.9,Mobile Wallet,Online,,2,4.0,False,False
ORD102689,2024-06-11,CUST0292,Mahmoud Farouk,Giza,Consumer,Electronics,Wireless Earbuds,1,1277.4,0.0,1277.4,720.33,557.07,Mobile Wallet,In-store,Nourhan S.,0,1.0,False,False
ORD100199,2023-02-15,CUST0219,Youssef Ibrahim,Cairo,SMB,Beauty,Makeup Kit,1,633.98,0.0,633.98,237.83,396.15,Mobile Wallet,Phone,Omar F.,0,2.0,False,False
ORD103614,2024-12-09,CUST0209,Mona Mostafa,Alexandria,SMB,Clothing,Men's T-Shirt,1,374.93,0.0,374.93,155.82,219.11,Card,Online,Youssef A.,2,1.0,False,False
ORD102916,2024-08-02,CUST0190,Hassan Farouk,Mansoura,SMB,Clothing,Sneakers,1,1369.55,0.0,1369.55,707.49,662.06,Card,Online,,5,5.0,False,False
ORD105832,2025-11-27,CUST0497,Khaled Khalil,Cairo,SMB,Sports,Dumbbell Set,1,1940.69,5.0,1843.66,1115.56,728.1,Mobile Wallet,Online,Khaled T.,3,5.0,True,False
ORD102088,2024-03-04,CUST0581,Tarek El-Sayed,Mansoura,Consumer,Sports,Yoga Mat,1,474.72,0.0,474.72,220.62,254.1,Card,In-store,Khaled T.,0,4.0,False,False
ORD102385,2024-04-15,CUST0216,Mona Ibrahim,Giza,SMB,Clothing,Hoodie,1,688.16,0.0,688.16,301.94,386.22,Card,Online,Youssef A.,3,4.0,False,False
ORD100827,2023-05-30,CUST0020,Salma Mostafa,Giza,Consumer,Electronics,Power Bank,2,564.29,0.0,1128.58,717.86,410.72,Installment,Online,Khaled T.,2,2.0,False,False
ORD100189,2023-02-13,CUST0024,Amr Mahmoud,Mansoura,SMB,Electronics,Smart Watch,1,3716.37,0.0,3716.37,2004.91,1711.46,Mobile Wallet,In-store,Youssef A.,0,5.0,False,False
ORD102031,2024-02-27,CUST0187,Karim Khalil,Alexandria,Consumer,Beauty,Skincare Set,1,800.83,20.0,640.66,337.63,303.03,Card,Online,Khaled T.,2,5.0,True,False
ORD103484,2024-11-24,CUST0577,Laila El-Sayed,Alexandria,SMB,Sports,Yoga Mat,1,465.6,25.0,349.2,221.66,127.54,Cash,Online,Omar F.,3,4.0,True,False
ORD103267,2024-10-16,CUST0296,Karim Ibrahim,Mansoura,SMB,SPORTS,Football,1,397.38,0.0,397.38,188.86,208.52,Mobile Wallet,In-store,Omar F.,0,4.0,False,False
ORD104819,2025-06-01,CUST0141,Nourhan Hassan,Giza,Consumer,Sports,Football,2,397.56,0.0,795.12,343.94,451.18,Card,Online,Mona K.,2,5.0,False,False
ORD102896,2024-07-28,CUST0542,Adel El-Sayed,Alexandria,SMB,Groceries,Honey Jar,1,300.91,0.0,300.91,196.22,104.69,Mobile Wallet,Phone,Nourhan S.,0,2.0,False,False
ORD104143,2025-02-24,CUST0125,Laila Mostafa,Tanta,Consumer,Electronics,Smart Watch,2,3580.49,0.0,7160.98,4162.34,2998.64,Card,In-store,Omar F.,0,5.0,False,False
ORD105274,2025-09-01,CUST0588,Nourhan Sherif,Aswan,SMB,Groceries,Honey Jar,1,312.65,0.0,312.65,207.74,104.91,Cash,Online,Mona K.,2,2.0,False,False
ORD103559,2024-11-30,CUST0486,Nada Sherif,Alexandria,Consumer,Beauty,Perfume,1,1320.85,10.0,1188.76,623.45,565.31,Card,Online,Khaled T.,1,4.0,True,False
ORD100090,2023-01-21,CUST0505,Ahmed Abdel Rahman,Alexandria,SMB,Clothing,Jeans,1,728.94,0.0,728.94,312.62,416.32,Mobile Wallet,Online,Khaled T.,4,5.0,False,False
ORD104352,2025-03-20,CUST0335,Mona Abdel Rahman,Cairo,Consumer,Home & Kitchen,Coffee Maker,1,1558.18,0.0,1558.18,844.12,714.06,Card,In-store,Mona K.,0,1.0,False,False
ORD103873,2025-01-19,CUST0528,Tarek Mahmoud,Cairo,Consumer,Home & Kitchen,Blender,1,1041.74,0.0,1041.74,614.19,427.55,Card,Online,,3,4.0,False,False
ORD100899,2023-06-19,CUST0446,Mona Hassan,Cairo,Consumer,Beauty,Skincare Set,1,822.1,0.0,822.1,353.1,469.0,Mobile Wallet,Online,,2,,False,False
ORD105468,2025-10-06,CUST0194,Laila Farouk,Cairo,Consumer,Home & Kitchen,Vacuum Cleaner,3,3419.01,0.0,10257.03,5854.98,4402.05,Card,In-store,Mona K.,0,,False,False
ORD103840,2025-01-15,CUST0545,Laila Ibrahim,Mansoura,Consumer,Home & Kitchen,Cookware Set,1,2103.43,0.0,2103.43,1295.02,808.41,Cash,Phone,Sara M.,0,3.0,False,False
ORD105617,2025-10-31,CUST0498,Dina Ibrahim,Alexandria,Consumer,Clothing,Men's T-Shirt,1,355.41,0.0,355.41,155.26,200.15,Cash,Online,Khaled T.,4,3.0,False,False
ORD104560,2025-04-17,CUST0045,Karim Khalil,Cairo,SMB,Electronics,Wireless Earbuds,5,1268.54,0.0,6342.7,3645.65,2697.05,Card,Online,Youssef A.,3,4.0,False,False
ORD102369,2024-04-11,CUST0284,Hassan Mahmoud,Alexandria,Consumer,Beauty,Makeup Kit,1,571.73,0.0,571.73,252.74,318.99,Card,In-store,Omar F.,0,5.0,False,False
ORD102492,2024-05-07,CUST0164,Rania Mahmoud,Cairo,Consumer,Beauty,Hair Dryer,2,885.4,0.0,1770.8,856.14,914.66,Card,Online,,1,5.0,False,False
ORD101709,2023-12-25,CUST0515,Salma El-Sayed,Mansoura,Consumer,Sports,Dumbbell Set,2,1846.7,0.0,3693.4,2182.8,1510.6,Mobile Wallet,In-store,Nourhan S.,0,4.0,False,False
ORD101877,2024-01-26,CUST0588,Nourhan Sherif,Aswan,SMB,Groceries,Honey Jar,1,318.52,0.0,318.52,207.83,110.69,Mobile Wallet,In-store,Nourhan S.,0,5.0,False,False
ORD101753,2024-01-01,CUST0379,Youssef Mostafa,Mansoura,SMB,Sports,Yoga Mat,1,414.43,0.0,414.43,213.74,200.69,Mobile Wallet,Online,Khaled T.,1,5.0,False,False
ORD102239,2024-03-23,CUST0336,Youssef El-Sayed,Tanta,Consumer,Sports,Running Shoes,2,1634.85,20.0,2615.76,1691.22,924.54,Card,Online,Omar F.,0,5.0,True,False
ORD102351,2024-04-09,CUST0385,Adel Mahmoud,Aswan,Consumer,Clothing,Men's T-Shirt,1,328.61,0.0,328.61,151.46,177.15,Mobile Wallet,Phone,Omar F.,0,5.0,False,False
ORD103521,2024-11-28,CUST0542,Adel El-Sayed,Alexandria,SMB,Sports,Dumbbell Set,5,1869.9,5.0,8882.02,5625.25,3256.77,Cash,In-store,Mona K.,0,5.0,True,False
ORD104704,2025-05-12,CUST0337,Yasmin Ibrahim,Cairo,SMB,Sports,Running Shoes,1,1678.22,0.0,1678.22,872.79,805.43,Card,Online,,3,4.0,False,False
ORD101957,2024-02-10,CUST0600,Mahmoud Mostafa,Giza,Enterprise,Beauty,Perfume,1,1252.48,0.0,1252.48,595.51,656.97,Cash,Online,Mona K.,7,4.0,False,False
ORD104119,2025-02-21,CUST0296,Karim Ibrahim,Mansoura,SMB,Clothing,Women's Dress,1,970.6,0.0,970.6,389.83,580.77,Installment,Online,Youssef A.,0,3.0,False,False
ORD104696,2025-05-10,CUST0244,Youssef Aziz,Tanta,Consumer,Clothing,Jeans,3,696.43,10.0,1880.36,923.85,956.51,Card,Online,,5,3.0,True,False
ORD102037,2024-02-28,CUST0462,Mona Farouk,Tanta,Enterprise,Sports,Running Shoes,2,1666.83,0.0,3333.66,1676.76,1656.9,Installment,Online,,1,5.0,False,False
ORD103423,2024-11-16,CUST0004,Adel Mahmoud,Giza,Consumer,Electronics,Power Bank,1,634.73,0.0,634.73,350.2,284.53,Cash,In-store,Sara M.,0,4.0,False,False
ORD103221,2024-10-07,CUST0189,Khaled Sherif,Alexandria,Enterprise,Clothing,Hoodie,3,624.72,0.0,1874.16,930.03,944.13,Card,In-store,Nourhan S.,0,2.0,False,False
ORD102432,2024-04-25,CUST0306,Karim Aziz,Aswan,Consumer,Home & Kitchen,Vacuum Cleaner,1,3008.54,0.0,3008.54,1888.48,1120.06,Mobile Wallet,Online,,4,5.0,False,False
ORD104365,2025-03-21,CUST0326,Khaled Sherif,Cairo,Consumer,Home & Kitchen,Cookware Set,1,2271.05,0.0,2271.05,1315.68,955.37,Card,In-store,Mona K.,0,3.0,False,False
ORD100771,2023-05-17,CUST0242,Khaled Ibrahim,,Consumer,Beauty,Skincare Set,1,806.02,0.0,806.02,365.93,440.09,Cash,Online,,1,4.0,False,False
ORD105294,2025-09-06,CUST0592,Mona Aziz,Giza,Consumer,Home & Kitchen,Coffee Maker,2,1502.82,0.0,3005.64,1670.56,1335.08,Mobile Wallet,Online,Nourhan S.,2,1.0,False,False
ORD104951,2025-06-25,CUST0090,Ahmed Hassan,Giza,Enterprise,Home & Kitchen,Air Fryer,1,2602.75,0.0,2602.75,1670.73,932.02,Mobile Wallet,In-store,Youssef A.,0,2.0,False,False
ORD105012,2025-07-06,CUST0579,Omar Aziz,Tanta,Consumer,Groceries,Rice 5kg,2,211.84,0.0,423.68,303.2,120.48,Mobile Wallet,Online,Omar F.,0,4.0,False,False
ORD106031,2025-12-27,CUST0475,Khaled Sherif,Tanta,SMB,Beauty,Makeup Kit,1,627.18,0.0,627.18,243.37,383.81,Mobile Wallet,In-store,,0,5.0,False,False
ORD100852,2023-06-06,CUST0066,Tarek Mahmoud,Alexandria,Consumer,Clothing,Jeans,2,785.63,0.0,1571.26,630.18,941.08,Card,Online,Omar F.,1,1.0,False,False
ORD102850,2024-07-16,CUST0428,Yasmin Ibrahim,Alexandria,Consumer,Clothing,Sneakers,1,1304.03,5.0,1238.83,723.28,515.55,Mobile Wallet,Online,,7,4.0,True,False
ORD105249,2025-08-27,CUST0489,Amr Sherif,Cairo,SMB,Electronics,Phone Case,1,254.16,0.0,254.16,90.48,163.68,Card,Online,Sara M.,3,5.0,False,False
ORD102448,2024-04-28,CUST0531,Tarek Khalil,Alexandria,Consumer,Clothing,Jeans,1,707.99,0.0,707.99,304.4,403.59,Card,In-store,Youssef A.,0,1.0,False,False
ORD100867,2023-06-09,CUST0021,Heba El-Sayed,alexandria,SMB,Electronics,Wireless Earbuds,1,1267.88,0.0,1267.88,756.65,511.23,Mobile Wallet,In-store,Khaled T.,0,5.0,False,False
ORD101663,2023-12-15,CUST0438,Ahmed Farouk,Mansoura,Consumer,Home & Kitchen,Cookware Set,2,2130.87,0.0,4261.74,2625.32,1636.42,Card,Online,Omar F.,3,,False,False
ORD104964,2025-06-27,CUST0388,Nourhan Hassan,Mansoura,SMB,Beauty,Perfume,2,1254.8,0.0,2509.6,1221.08,1288.52,Mobile Wallet,In-store,Sara M.,0,5.0,False,False
ORD105245,2025-08-27,CUST0198,Rania Hassan,Mansoura,Consumer,Clothing,Jeans,1,798.98,0.0,798.98,330.82,468.16,Card,Phone,Omar F.,0,4.0,False,False
ORD101482,2023-11-17,CUST0055,Youssef Ibrahim,Alexandria,Consumer,Sports,Dumbbell Set,2,1668.61,0.0,3337.22,2242.46,1094.76,Cash,In-store,Youssef A.,0,,False,False
ORD101160,2023-09-03,CUST0084,Mona Hassan,Cairo,SMB,Groceries,Coffee 250g,2,171.08,0.0,342.16,204.62,137.54,Installment,In-store,Nourhan S.,0,5.0,False,False
ORD101089,2023-08-12,CUST0454,Tarek Sherif,Tanta,SMB,Beauty,Perfume,2,1229.89,5.0,2336.79,1172.5,1164.29,Cash,Phone,,0,3.0,True,False
ORD104640,2025-05-01,CUST0111,Salma Mahmoud,Giza,Consumer,Beauty,Makeup Kit,1,560.2,0.0,560.2,243.45,316.75,Card,Online,,1,2.0,False,False
ORD101799,2024-01-11,CUST0486,Nada Sherif,Alexandria,Consumer,Clothing,Men's T-Shirt,1,345.44,0.0,345.44,157.3,188.14,Cash,In-store,Mona K.,0,1.0,False,False
ORD100666,2023-04-27,CUST0212,Ahmed Khalil,Cairo,Consumer,Electronics,Bluetooth Speaker,3,1014.71,0.0,3044.13,1594.35,1449.78,Mobile Wallet,In-store,Sara M.,0,3.0,False,False
ORD100320,2023-03-11,CUST0204,Rania Farouk,Cairo,Consumer,Clothing,Jeans,1,742.87,0.0,742.87,331.42,411.45,Mobile Wallet,Online,Khaled T.,7,3.0,False,False
ORD104920,2025-06-19,CUST0517,Omar Mostafa,Alexandria,Consumer,Clothing,Jeans,1,706.02,0.0,706.02,306.16,399.86,Cash,Online,Sara M.,4,4.0,False,False
ORD104107,2025-02-20,CUST0025,Yasmin Khalil,Mansoura,SMB,Home & Kitchen,Coffee Maker,1,1572.68,0.0,1572.68,874.12,698.56,Cash,Online,,4,2.0,False,False
ORD101507,2023-11-22,CUST0469,Nada Ibrahim,Cairo,Consumer,Sports,Running Shoes,2,1580.76,20.0,2529.22,1660.78,868.44,Cash,In-store,Khaled T.,0,3.0,True,False
ORD105938,2025-12-08,CUST0345,Salma El-Sayed,Cairo,Consumer,Clothing,Sneakers,1,1418.47,0.0,1418.47,665.54,752.93,Card,In-store,Khaled T.,0,4.0,False,False
ORD103711,2024-12-27,CUST0095,Mahmoud Khalil,Aswan,Consumer,Home & Kitchen,Blender,1,1023.61,0.0,1023.61,621.23,402.38,Card,Online,Nourhan S.,2,4.0,False,False
ORD105543,2025-10-18,CUST0013,Karim Sherif,Giza,Consumer,Clothing,Men's T-Shirt,1,323.81,0.0,-323.81,150.43,-173.38,Cash,In-store,Youssef A.,0,5.0,False,True
ORD100736,2023-05-10,CUST0289,Nourhan Sherif,Alexandria,SMB,Sports,Yoga Mat,1,442.65,5.0,420.52,223.84,196.68,Cash,Online,Sara M.,2,4.0,True,False
ORD104319,2025-03-16,CUST0187,Karim Khalil,Alexandria,Consumer,Electronics,Smart Watch,5,3566.74,0.0,17833.7,10284.9,7548.8,Card,Online,,7,4.0,False,False
ORD103400,2024-11-13,CUST0077,Hassan Farouk,Cairo,Consumer,Groceries,Rice 5kg,1,227.27,0.0,227.27,142.97,84.3,Card,Online,Mona K.,2,3.0,False,False
ORD101846,2024-01-20,CUST0264,Amr Aziz,Giza,Consumer,Clothing,Men's T-Shirt,1,340.59,0.0,340.59,152.57,188.02,Cash,Phone,Nourhan S.,0,4.0,False,False
ORD102962,2024-08-14,CUST0052,Ahmed Mahmoud,Alexandria,SMB,Home & Kitchen,Vacuum Cleaner,1,3056.3,0.0,3056.3,1850.54,1205.76,Card,In-store,Youssef A.,0,5.0,False,False
ORD105005,2025-07-05,CUST0554,Nada Farouk,Tanta,SMB,Sports,Yoga Mat,1,453.19,15.0,385.21,229.68,155.53,Card,In-store,Omar F.,0,5.0,True,False
ORD102816,2024-07-07,CUST0316,Amr Ibrahim,Alexandria,SMB,Beauty,Perfume,2,1339.79,0.0,2679.58,1182.32,1497.26,Card,Online,,5,5.0,False,False
ORD103218,2024-10-05,CUST0114,Rania Aziz,Tanta,SMB,Home & Kitchen,Blender,2,1046.98,0.0,2093.96,1158.98,934.98,Mobile Wallet,In-store,Mona K.,0,5.0,False,False
ORD104369,2025-03-21,CUST0100,Hassan Abdel Rahman,Mansoura,SMB,Groceries,Rice 5kg,1,207.57,20.0,166.06,150.03,16.03,Installment,Online,Nourhan S.,5,3.0,True,False
ORD104967,2025-06-27,CUST0133,Sara Ibrahim,Mansoura,Enterprise,Groceries,Rice 5kg,1,209.56,0.0,209.56,146.79,62.77,Cash,Online,Mona K.,7,2.0,False,False
ORD102418,2024-04-21,CUST0272,Khaled Abdel Rahman,Giza,Consumer,Home & Kitchen,Vacuum Cleaner,1,2999.82,20.0,2399.86,1922.23,477.63,Cash,Phone,Sara M.,0,5.0,True,False
ORD101731,2023-12-29,CUST0410,Nourhan Abdel Rahman,Aswan,Enterprise,Home & Kitchen,Air Fryer,2,2660.89,0.0,5321.78,3246.46,2075.32,Mobile Wallet,Phone,Khaled T.,0,,False,False
ORD105236,2025-08-25,CUST0534,Amr El-Sayed,Aswan,Consumer,Clothing,Sneakers,2,1501.65,0.0,3003.3,1400.7,1602.6,Cash,Online,,4,2.0,False,False
ORD105003,2025-07-05,CUST0135,Heba Farouk,Cairo,Enterprise,Clothing,Hoodie,1,664.05,0.0,664.05,292.56,371.49,Installment,In-store,Sara M.,0,5.0,False,False
ORD104940,2025-06-22,CUST0501,Hassan Abdel Rahman,Tanta,Consumer,Clothing,Jeans,1,728.11,0.0,728.11,334.22,393.89,Cash,Online,Sara M.,4,4.0,False,False
ORD102221,2024-03-21,CUST0465,Adel Abdel Rahman,Giza,Consumer,Electronics,Phone Case,2,231.96,20.0,371.14,172.56,198.58,Card,In-store,Sara M.,0,4.0,True,False
ORD104326,2025-03-16,CUST0567,Nourhan Aziz,Alexandria,Consumer,Beauty,Skincare Set,5,856.85,10.0,3855.82,1772.45,2083.37,Cash,In-store,Khaled T.,0,,True,False
ORD103798,2025-01-07,CUST0052,Ahmed Mahmoud,Alexandria,SMB,Sports,Running Shoes,1,1632.08,0.0,1632.08,816.82,815.26,Mobile Wallet,In-store,Nourhan S.,0,5.0,False,False
ORD103529,2024-11-28,CUST0516,Karim Hassan,Cairo,Consumer,Electronics,Power Bank,1,553.43,10.0,498.09,336.96,161.13,Cash,Online,Sara M.,5,4.0,True,False
ORD105667,2025-11-08,CUST0489,Amr Sherif,Cairo,SMB,Clothing,Hoodie,1,698.68,0.0,698.68,308.69,389.99,Card,Online,Nourhan S.,3,5.0,False,False
ORD105826,2025-11-27,CUST0361,Sara Khalil,Cairo,Consumer,Clothing,Sneakers,2,1392.48,10.0,2506.46,1449.46,1057.0,Card,Online,Nourhan S.,2,,True,False
ORD100428,2023-03-26,CUST0267,Nourhan Mahmoud,Cairo,Consumer,Clothing,Men's T-Shirt,1,344.69,0.0,344.69,144.38,200.31,Card,In-store,Khaled T.,0,5.0,False,False
ORD101767,2024-01-02,CUST0461,Amr Mahmoud,Cairo,SMB,Electronics,Power Bank,1,612.32,0.0,612.32,336.38,275.94,Cash,In-store,Khaled T.,0,5.0,False,False
ORD105205,2025-08-18,CUST0082,Karim Ibrahim,Cairo,SMB,Groceries,Rice 5kg,1,232.25,0.0,232.25,147.97,84.28,Mobile Wallet,In-store,Khaled T.,0,4.0,False,False
ORD105511,2025-10-13,CUST0358,Amr Aziz,Cairo,Consumer,Groceries,Olive Oil 1L,2,268.65,0.0,537.3,366.12,171.18,Card,Online,Nourhan S.,2,3.0,False,False
ORD103906,2025-01-26,CUST0368,Nourhan Ibrahim,Tanta,Consumer,Groceries,Rice 5kg,2,215.33,0.0,430.66,313.24,117.42,Card,In-store,Sara M.,0,4.0,False,False
ORD105487,2025-10-09,CUST0230,Dina Sherif,Aswan,Consumer,Beauty,Perfume,2,1323.61,0.0,2647.22,1165.06,1482.16,Cash,In-store,Mona K.,0,5.0,False,False
ORD104403,2025-03-26,CUST0528,Tarek Mahmoud,cairo,Consumer,Home & Kitchen,Blender,1,1026.34,0.0,1026.34,612.22,414.12,Cash,In-store,Omar F.,0,2.0,False,False
ORD101226,2023-09-18,CUST0375,Amr Khalil,Cairo,Consumer,Beauty,Perfume,3,1307.61,0.0,3922.83,1835.31,2087.52,Card,Online,Khaled T.,3,4.0,False,False
ORD101009,2023-07-19,CUST0201,Amr Ibrahim,Mansoura,SMB,Home & Kitchen,Cookware Set,1,2341.61,0.0,2341.61,1271.96,1069.65,Cash,In-store,Sara M.,0,5.0,False,False
ORD100720,2023-05-08,CUST0187,Karim Khalil,Alexandria,Consumer,Beauty,Perfume,1,1212.71,0.0,1212.71,623.22,589.49,Mobile Wallet,Online,,1,3.0,False,False
ORD103088,2024-09-11,CUST0409,Ahmed Farouk,Cairo,Consumer,Groceries,Coffee 250g,2,191.18,0.0,382.36,196.66,185.7,Cash,Online,Mona K.,1,,False,False
ORD102974,2024-08-16,CUST0473,Ahmed Mostafa,,Consumer,Beauty,Makeup Kit,2,570.12,0.0,1140.24,515.28,624.96,Cash,Online,,1,4.0,False,False
ORD102747,2024-06-22,CUST0563,Nada Sherif,Mansoura,SMB,Sports,Dumbbell Set,1,1911.87,0.0,1911.87,1101.56,810.31,Card,In-store,Mona K.,0,5.0,False,False
ORD100953,2023-07-03,CUST0571,Yasmin Khalil,Cairo,Consumer,Home & Kitchen,Vacuum Cleaner,1,3289.01,0.0,3289.01,1845.03,1443.98,Card,Online,,5,5.0,False,False
ORD101875,2024-01-26,CUST0498,Dina Ibrahim,Alexandria,Consumer,Sports,Dumbbell Set,1,1724.88,0.0,1724.88,1110.79,614.09,Card,Online,Youssef A.,3,,False,False
ORD104716,2025-05-15,CUST0127,Nada Hassan,Alexandria,Consumer,Groceries,Olive Oil 1L,1,264.63,0.0,264.63,186.66,77.97,Cash,In-store,Youssef A.,0,4.0,False,False
ORD104180,2025-02-28,CUST0109,Laila Ibrahim,Tanta,SMB,Electronics,Phone Case,2,269.39,0.0,538.78,182.86,355.92,Installment,Online,,0,,False,False
ORD102366,2024-04-11,CUST0268,Heba Khalil,Cairo,SMB,Electronics,Bluetooth Speaker,1,879.72,0.0,879.72,526.44,353.28,Card,In-store,Mona K.,0,1.0,False,False
ORD100768,2023-05-17,CUST0579,Omar Aziz,Tanta,Consumer,Clothing,Women's Dress,1,967.69,0.0,967.69,397.27,570.42,Card,In-store,Youssef A.,0,3.0,False,False
ORD101540,2023-11-24,CUST0319,Mona Aziz,Giza,Consumer,Beauty,Makeup Kit,2,589.79,20.0,943.66,480.94,462.72,Cash,Online,Nourhan S.,3,3.0,True,False
ORD100882,2023-06-13,CUST0414,Youssef Hassan,Alexandria,SMB,Clothing,Hoodie,5,639.3,0.0,3196.5,1514.85,1681.65,Cash,Online,Omar F.,5,5.0,False,False
ORD105923,2025-12-05,CUST0238,Youssef Ibrahim,Giza,Consumer,Clothing,Jeans,2,733.75,0.0,1467.5,664.38,803.12,Mobile Wallet,Online,,0,5.0,False,False
ORD102687,2024-06-11,CUST0013,Karim Sherif,Giza,Consumer,Home & Kitchen,Coffee Maker,2,1610.86,0.0,3221.72,1741.86,1479.86,Card,Online,,1,,False,False
ORD103807,2025-01-09,CUST0228,Karim Sherif,Alexandria,SMB,Groceries,Honey Jar,2,334.91,0.0,669.82,393.28,276.54,Installment,In-store,Mona K.,0,3.0,False,False
ORD104568,2025-04-18,CUST0071,Mahmoud Sherif,Giza,Consumer,Beauty,Skincare Set,1,740.8,20.0,592.64,350.86,241.78,Cash,In-store,Mona K.,0,3.0,True,False
ORD105583,2025-10-26,CUST0595,Heba El-Sayed,Giza,SMB,Electronics,Power Bank,2,594.72,0.0,1189.44,714.18,475.26,Mobile Wallet,In-store,Nourhan S.,0,4.0,False,False
ORD102343,2024-04-08,CUST0519,Ahmed Ibrahim,Giza,Consumer,Electronics,Smart Watch,1,3732.98,0.0,3732.98,2090.04,1642.94,Cash,Online,Youssef A.,1,3.0,False,False
ORD103176,2024-09-27,CUST0201,Amr Ibrahim,Mansoura,SMB,Clothing,Jeans,1,800.94,0.0,800.94,326.47,474.47,Cash,Online,,1,4.0,False,False
ORD104035,2025-02-11,CUST0027,Heba Ibrahim,Cairo,Consumer,Electronics,Power Bank,1,647.53,0.0,-647.53,359.04,-288.49,Mobile Wallet,Online,Sara M.,4,5.0,False,True
ORD104438,2025-03-29,CUST0332,Ahmed Ibrahim,Cairo,Consumer,Electronics,Power Bank,2,558.3,20.0,893.28,731.18,162.1,Installment,In-store,Mona K.,0,5.0,True,False
ORD100462,2023-04-01,CUST0353,Karim Sherif,Cairo,Consumer,Electronics,Wireless Earbuds,1,1242.8,0.0,1242.8,773.28,469.52,Card,Phone,Khaled T.,0,1.0,False,False
ORD102829,2024-07-11,CUST0267,Nourhan Mahmoud,Cairo,Consumer,Clothing,Women's Dress,1,943.49,0.0,-943.49,407.97,-535.52,Cash,In-store,Omar F.,0,4.0,False,True
ORD101697,2023-12-23,CUST0118,Khaled Mahmoud,Aswan,SMB,Clothing,Jeans,3,739.78,0.0,2219.34,977.79,1241.55,Card,In-store,Sara M.,0,5.0,False,False
ORD102205,2024-03-19,CUST0086,Karim Khalil,Alexandria,Consumer,CLOTHING,Hoodie,1,605.52,0.0,605.52,304.08,301.44,Card,Online,,2,4.0,False,False
ORD102197,2024-03-18,CUST0337,Yasmin Ibrahim,Cairo,SMB,Electronics,Wireless Earbuds,2,1222.6,0.0,2445.2,1434.6,1010.6,Card,Phone,Sara M.,0,4.0,False,False
ORD103473,2024-11-23,CUST0109,Laila Ibrahim,Tanta,SMB,Groceries,Rice 5kg,2,225.2,10.0,405.36,299.74,105.62,Installment,In-store,Mona K.,0,5.0,True,False
ORD100811,2023-05-26,CUST0516,Karim Hassan,Cairo,Consumer,Home & Kitchen,Air Fryer,2,3007.31,0.0,6014.62,3254.44,2760.18,Card,In-store,Mona K.,0,5.0,False,False
ORD105189,2025-08-14,CUST0432,Ahmed Abdel Rahman,Cairo,Consumer,Sports,Football,1,402.56,0.0,402.56,181.13,221.43,Card,Phone,Youssef A.,0,5.0,False,False
ORD100640,2023-04-24,CUST0092,Yasmin Sherif,Giza,Consumer,Home & Kitchen,Vacuum Cleaner,2,3012.88,0.0,6025.76,3675.66,2350.1,Card,In-store,Omar F.,0,,False,False
ORD101159,2023-09-03,CUST0248,Karim Mostafa,Mansoura,Consumer,Beauty,Skincare Set,1,821.73,0.0,821.73,365.44,456.29,Cash,Phone,Sara M.,0,4.0,False,False
ORD103967,2025-02-05,CUST0225,Mahmoud El-Sayed,Cairo,Consumer,Sports,Running Shoes,2,1597.04,0.0,3194.08,1647.1,1546.98,Installment,Online,Mona K.,3,4.0,False,False
ORD102989,2024-08-19,CUST0265,Dina Sherif,Aswan,Enterprise,Electronics,Power Bank,1,638.53,0.0,638.53,350.56,287.97,Card,Online,,3,5.0,False,False
ORD104323,2025-03-16,CUST0317,Mahmoud Farouk,Alexandria,Consumer,Beauty,Skincare Set,2,751.02,0.0,1502.04,696.86,805.18,Mobile Wallet,Phone,Mona K.,0,4.0,False,False
ORD100263,2023-03-02,CUST0249,Yasmin Aziz,Alexandria,Consumer,Home & Kitchen,Coffee Maker,1,1556.45,0.0,1556.45,860.68,695.77,Mobile Wallet,In-store,Youssef A.,0,4.0,False,False
ORD102697,2024-06-12,CUST0507,Amr Farouk,Aswan,Consumer,Beauty,Skincare Set,1,810.73,0.0,810.73,340.21,470.52,Mobile Wallet,In-store,Sara M.,0,5.0,False,False
ORD102851,2024-07-17,CUST0324,Nourhan Hassan,Cairo,Enterprise,Groceries,Olive Oil 1L,2,283.93,0.0,567.86,350.44,217.42,Cash,In-store,Sara M.,0,5.0,False,False
ORD100873,2023-06-11,CUST0382,Heba Khalil,giza,Consumer,Clothing,Sneakers,1,1499.9,0.0,1499.9,714.83,785.07,Cash,Online,Youssef A.,3,5.0,False,False
ORD102420,2024-04-22,CUST0046,Youssef Hassan,Tanta,SMB,Beauty,Skincare Set,1,841.79,0.0,841.79,350.23,491.56,Mobile Wallet,In-store,Nourhan S.,0,2.0,False,False
ORD103665,2024-12-19,CUST0531,Tarek Khalil,,Consumer,Electronics,Phone Case,1,258.51,0.0,258.51,86.86,171.65,Cash,Online,Sara M.,5,5.0,False,False
ORD105111,2025-07-29,CUST0133,Sara Ibrahim,Mansoura,Enterprise,Home & Kitchen,Air Fryer,1,2877.49,0.0,2877.49,1694.56,1182.93,Mobile Wallet,In-store,Sara M.,0,,False,False
ORD104776,2025-05-25,CUST0465,Adel Abdel Rahman,Giza,Consumer,Sports,Dumbbell Set,1,1761.27,0.0,1761.27,1142.29,618.98,Installment,Online,,0,5.0,False,False
ORD104586,2025-04-21,CUST0572,Karim Sherif,Alexandria,SMB,Electronics,Smart Watch,1,3730.87,0.0,3730.87,2138.53,1592.34,Cash,In-store,Nourhan S.,0,2.0,False,False
ORD102718,2024-06-16,CUST0082,Karim Ibrahim,Cairo,SMB,Groceries,Honey Jar,1,294.71,0.0,294.71,205.79,88.92,Card,Phone,Omar F.,0,4.0,False,False
ORD104422,2025-03-27,CUST0515,Salma El-Sayed,Mansoura,Consumer,Clothing,Women's Dress,1,898.06,0.0,898.06,388.11,509.95,Mobile Wallet,Online,,3,1.0,False,False
ORD100316,2023-03-11,CUST0080,Amr Abdel Rahman,Alexandria,SMB,Groceries,Olive Oil 1L,5,284.31,20.0,1137.24,918.9,218.34,Card,Online,,5,,True,False
ORD105866,2025-11-29,CUST0578,Tarek Aziz,Cairo,Consumer,Clothing,Sneakers,3,1487.52,5.0,4239.43,2002.53,2236.9,Cash,Online,,5,1.0,True,False
ORD102131,2024-03-09,CUST0152,Nada Farouk,Aswan,SMB,Electronics,Power Bank,1,558.38,0.0,558.38,366.0,192.38,Mobile Wallet,Phone,Omar F.,0,1.0,False,False
ORD103171,2024-09-25,CUST0387,Heba El-Sayed,Giza,Consumer,BEAUTY,Makeup Kit,1,590.6,0.0,590.6,246.36,344.24,Card,Phone,Nourhan S.,0,,False,False
ORD101695,2023-12-23,CUST0413,Hassan Mahmoud,Giza,SMB,Sports,Dumbbell Set,1,1859.86,0.0,1859.86,1122.0,737.86,Cash,In-store,Sara M.,0,3.0,False,False
ORD104794,2025-05-28,CUST0431,Tarek Hassan,Giza,Enterprise,Beauty,Skincare Set,1,803.95,0.0,803.95,336.8,467.15,Mobile Wallet,In-store,Nourhan S.,0,4.0,False,False
ORD100493,2023-04-05,CUST0599,Mahmoud Khalil,Mansoura,Consumer,Electronics,Phone Case,5,265.27,0.0,1326.35,445.25,881.1,Cash,In-store,Youssef A.,0,4.0,False,False
ORD101031,2023-07-25,CUST0240,Salma Ibrahim,Mansoura,SMB,Electronics,Smart Watch,1,3702.54,0.0,3702.54,2022.74,1679.8,Mobile Wallet,In-store,Nourhan S.,0,5.0,False,False
ORD103974,2025-02-05,CUST0075,Youssef Mahmoud,Alexandria,Consumer,Clothing,Sneakers,2,1355.45,0.0,2710.9,1352.2,1358.7,Card,Online,,5,2.0,False,False
ORD100871,2023-06-11,CUST0498,Dina Ibrahim,Alexandria,Consumer,Sports,Dumbbell Set,1,1835.23,0.0,1835.23,1051.16,784.07,Cash,In-store,Mona K.,0,4.0,False,False
ORD104475,2025-04-01,CUST0040,Tarek Aziz,Alexandria,Consumer,Electronics,Phone Case,1,256.65,0.0,256.65,88.93,167.72,Mobile Wallet,In-store,Mona K.,0,2.0,False,False
ORD101576,2023-11-28,CUST0505,Ahmed Abdel Rahman,Alexandria,SMB,Home & Kitchen,Coffee Maker,1,1565.05,25.0,1173.79,889.5,284.29,Cash,Online,Youssef A.,3,5.0,True,False
ORD103097,2024-09-13,CUST0461,Amr Mahmoud,Cairo,SMB,Sports,Dumbbell Set,1,1742.72,0.0,1742.72,1069.45,673.27,Card,In-store,Youssef A.,0,5.0,False,False
ORD105324,2025-09-11,CUST0335,Mona Abdel Rahman,Cairo,Consumer,Beauty,Skincare Set,1,810.55,0.0,810.55,332.66,477.89,Cash,In-store,Khaled T.,0,2.0,False,False
ORD101616,2023-12-03,CUST0460,Karim Ibrahim,Tanta,Consumer,Electronics,Bluetooth Speaker,1,944.37,0.0,944.37,574.45,369.92,Mobile Wallet,Phone,Youssef A.,0,4.0,False,False
ORD102082,2024-03-04,CUST0030,Mona Abdel Rahman,Cairo,Consumer,Groceries,Olive Oil 1L,2,296.13,0.0,592.26,356.86,235.4,Cash,In-store,Sara M.,0,4.0,False,False
ORD100662,2023-04-27,CUST0360,Rania Khalil,Giza,Consumer,Sports,Yoga Mat,1,414.41,0.0,414.41,223.33,191.08,Mobile Wallet,In-store,Mona K.,0,5.0,False,False
ORD102320,2024-04-04,CUST0477,Nourhan Mostafa,Alexandria,Consumer,Clothing,Sneakers,1,1346.74,0.0,1346.74,704.97,641.77,Card,In-store,Mona K.,0,4.0,False,False
ORD104262,2025-03-09,CUST0405,Nada Sherif,Tanta,Consumer,Groceries,Honey Jar,1,297.32,0.0,297.32,200.1,97.22,Installment,In-store,Nourhan S.,0,5.0,False,False
ORD101899,2024-01-30,CUST0031,Dina Mostafa,Aswan,Consumer,Electronics,Bluetooth Speaker,1,900.94,0.0,900.94,565.81,335.13,Card,Online,,2,5.0,False,False
ORD102852,2024-07-17,CUST0495,Rania Mostafa,Giza,Consumer,Electronics,Phone Case,1,256.11,0.0,256.11,88.6,167.51,Mobile Wallet,In-store,Khaled T.,0,3.0,False,False
ORD105331,2025-09-13,CUST0283,Nada Khalil,Tanta,SMB,Home & Kitchen,Air Fryer,1,2615.85,0.0,2615.85,1615.19,1000.66,Cash,Online,,0,5.0,False,False
ORD103830,2025-01-13,CUST0539,Laila Mahmoud,Giza,SMB,Home & Kitchen,Blender,2,1178.86,0.0,2357.72,1237.24,1120.48,Cash,Online,,7,4.0,False,False
ORD103479,2024-11-24,CUST0160,Mona Sherif,Alexandria,Consumer,Beauty,Makeup Kit,3,594.12,25.0,1336.77,738.96,597.81,Card,In-store,Nourhan S.,0,4.0,True,False
ORD101301,2023-10-04,CUST0196,Khaled Abdel Rahman,Cairo,SMB,Beauty,Makeup Kit,2,594.72,0.0,1189.44,500.38,689.06,Cash,In-store,Nourhan S.,0,5.0,False,False
ORD105982,2025-12-17,CUST0589,Yasmin Mahmoud,Cairo,Consumer,Electronics,Wireless Earbuds,1,1114.25,0.0,1114.25,721.05,393.2,Cash,Phone,Sara M.,0,,False,False
ORD101898,2024-01-30,CUST0501,Hassan Abdel Rahman,Tanta,Consumer,Beauty,Makeup Kit,2,559.08,0.0,1118.16,502.0,616.16,Installment,Online,,1,4.0,False,False
ORD100342,2023-03-14,CUST0163,Mahmoud Abdel Rahman,Giza,SMB,Clothing,Sneakers,1,1377.8,0.0,1377.8,685.82,691.98,Card,In-store,Nourhan S.,0,4.0,False,False
ORD100917,2023-06-24,CUST0065,Omar Mostafa,Cairo,SMB,Electronics,Wireless Earbuds,2,1112.24,0.0,2224.48,1489.2,735.28,Cash,Online,,4,4.0,False,False
ORD101097,2023-08-17,CUST0520,Mahmoud Abdel Rahman,giza,Consumer,Electronics,Wireless Earbuds,1,1271.64,0.0,1271.64,734.17,537.47,Card,Online,Sara M.,3,3.0,False,False
ORD101722,2023-12-27,CUST0365,Adel Hassan,Alexandria,Consumer,Sports,Dumbbell Set,2,1807.86,10.0,-3254.15,2168.7,-1085.45,Cash,Phone,Mona K.,0,4.0,True,True
ORD105237,2025-08-25,CUST0581,Tarek El-Sayed,Mansoura,Consumer,Groceries,Honey Jar,1,342.38,0.0,342.38,206.69,135.69,Card,In-store,Sara M.,0,5.0,False,False
ORD102601,2024-05-26,CUST0404,Khaled Abdel Rahman,Cairo,Consumer,Home & Kitchen,Blender,1,1076.9,0.0,1076.9,580.41,496.49,Card,Online,Khaled T.,0,4.0,False,False
ORD105350,2025-09-15,CUST0561,Mona Ibrahim,cairo,Consumer,Clothing,Hoodie,1,601.69,0.0,601.69,304.32,297.37,Card,Online,Mona K.,2,4.0,False,False
ORD100978,2023-07-11,CUST0382,Heba Khalil,Giza,Consumer,Electronics,Smart Watch,1,3507.57,0.0,3507.57,2123.0,1384.57,Card,In-store,Sara M.,0,2.0,False,False
ORD102800,2024-07-03,CUST0190,Hassan Farouk,Mansoura,SMB,Electronics,Smart Watch,1,3222.28,0.0,3222.28,2076.7,1145.58,Mobile Wallet,Phone,Sara M.,0,4.0,False,False
ORD100926,2023-06-26,CUST0051,Yasmin El-Sayed,Cairo,Enterprise,Home & Kitchen,Coffee Maker,1,1612.62,0.0,1612.62,824.27,788.35,Cash,In-store,Mona K.,0,4.0,False,False
ORD104469,2025-03-31,CUST0382,Heba Khalil,Giza,Consumer,Electronics,Power Bank,2,568.63,0.0,1137.26,695.88,441.38,Cash,Online,,3,5.0,False,False
ORD102549,2024-05-18,CUST0343,Omar Abdel Rahman,Giza,Consumer,Electronics,Wireless Earbuds,5,1130.7,0.0,5653.5,3645.95,2007.55,Card,Online,Nourhan S.,2,3.0,False,False
ORD101471,2023-11-13,CUST0549,Youssef Hassan,cairo,SMB,Groceries,Olive Oil 1L,1,258.14,0.0,258.14,187.14,71.0,Card,In-store,Mona K.,0,3.0,False,False
ORD100017,2023-01-04,CUST0118,Khaled Mahmoud,Aswan,SMB,Beauty,Skincare Set,1,801.5,0.0,801.5,338.3,463.2,Card,In-store,Omar F.,0,5.0,False,False
ORD105869,2025-11-29,CUST0007,Youssef Abdel Rahman,Mansoura,SMB,Groceries,Olive Oil 1L,1,300.04,5.0,285.04,179.49,105.55,Mobile Wallet,In-store,Youssef A.,0,4.0,True,False
ORD105936,2025-12-08,CUST0396,Youssef Aziz,Cairo,Consumer,Sports,Dumbbell Set,1,1698.19,0.0,1698.19,1061.11,637.08,Mobile Wallet,Online,Sara M.,2,4.0,False,False
ORD104720,2025-05-15,CUST0056,Youssef Farouk,Cairo,Consumer,Sports,Yoga Mat,2,475.52,0.0,951.04,425.66,525.38,Cash,Online,Khaled T.,3,4.0,False,False
ORD103274,2024-10-17,CUST0279,Adel Abdel Rahman,Mansoura,Enterprise,Home & Kitchen,Cookware Set,2,2210.05,0.0,4420.1,2634.3,1785.8,Cash,Online,,3,4.0,False,False
ORD104879,2025-06-11,CUST0260,Dina Sherif,Alexandria,Consumer,Sports,Football,1,383.31,20.0,306.65,184.97,121.68,Card,Phone,Khaled T.,0,5.0,True,False
ORD103087,2024-09-11,CUST0041,Amr Ibrahim,Alexandria,Consumer,Groceries,Coffee 250g,1,175.29,0.0,175.29,102.14,73.15,Card,In-store,Mona K.,0,4.0,False,False
ORD105592,2025-10-27,CUST0356,Nourhan Farouk,Cairo,Consumer,Sports,Yoga Mat,1,477.12,0.0,477.12,217.02,260.1,Card,In-store,Khaled T.,0,5.0,False,False
ORD100904,2023-06-20,CUST0339,Karim Mahmoud,Alexandria,SMB,Beauty,Perfume,1,1401.08,0.0,1401.08,571.89,829.19,Cash,In-store,Youssef A.,0,3.0,False,False
ORD101824,2024-01-18,CUST0138,Youssef Ibrahim,Tanta,Consumer,Home & Kitchen,Blender,1,1147.49,0.0,1147.49,580.31,567.18,Mobile Wallet,In-store,Mona K.,0,5.0,False,False
ORD103577,2024-12-01,CUST0052,Ahmed Mahmoud,Alexandria,SMB,Home & Kitchen,Air Fryer,1,2666.74,0.0,2666.74,1636.04,1030.7,Mobile Wallet,Online,Sara M.,2,4.0,False,False
ORD103331,2024-10-29,CUST0271,Mona Farouk,Aswan,Consumer,Electronics,Smart Watch,1,3284.7,0.0,3284.7,2173.43,1111.27,Cash,Online,Khaled T.,4,1.0,False,False
ORD104567,2025-04-18,CUST0245,Karim Ibrahim,Giza,SMB,Home & Kitchen,Air Fryer,2,2854.44,0.0,5708.88,3365.76,2343.12,Installment,Online,,2,3.0,False,False
ORD102544,2024-05-17,CUST0533,Ahmed Hassan,Giza,SMB,Sports,Yoga Mat,1,432.38,0.0,432.38,226.77,205.61,Card,Online,,4,3.0,False,False
ORD102331,2024-04-06,CUST0161,Karim Khalil,Cairo,Consumer,Clothing,Jeans,3,809.83,0.0,2429.49,953.64,1475.85,Cash,In-store,Sara M.,0,4.0,False,False
ORD102140,2024-03-11,CUST0128,Rania Aziz,Alexandria,Consumer,Sports,Football,1,399.55,0.0,399.55,174.82,224.73,Card,Online,,2,5.0,False,False
ORD104055,2025-02-14,CUST0588,Nourhan Sherif,aswan,SMB,Electronics,Wireless Earbuds,1,1117.15,0.0,1117.15,762.4,354.75,Card,In-store,Youssef A.,0,4.0,False,False
ORD100695,2023-05-03,CUST0528,Tarek Mahmoud,Cairo,Consumer,Sports,Football,1,356.62,0.0,356.62,178.88,177.74,Cash,In-store,Youssef A.,0,,False,False
ORD100162,2023-02-06,CUST0390,Khaled Sherif,Aswan,Enterprise,Beauty,Makeup Kit,2,597.07,0.0,1194.14,496.14,698.0,Card,In-store,Mona K.,0,3.0,False,False
ORD105039,2025-07-12,CUST0456,Laila Mahmoud,Alexandria,Consumer,Clothing,Jeans,1,781.94,0.0,781.94,330.58,451.36,Installment,In-store,Omar F.,0,5.0,False,False
ORD102810,2024-07-05,CUST0103,Adel Sherif,Giza,Consumer,Clothing,Jeans,1,763.24,0.0,763.24,306.95,456.29,Mobile Wallet,Online,Omar F.,1,3.0,False,False
ORD100608,2023-04-20,CUST0520,Mahmoud Abdel Rahman,Giza,Consumer,Electronics,Phone Case,3,258.7,0.0,776.1,277.08,499.02,Card,In-store,Mona K.,0,5.0,False,False
ORD105073,2025-07-21,CUST0549,Youssef Hassan,Cairo,SMB,Electronics,Wireless Earbuds,1,1204.51,0.0,1204.51,784.9,419.61,Cash,In-store,Youssef A.,0,4.0,False,False
ORD103808,2025-01-09,CUST0464,Adel Mahmoud,Aswan,SMB,Electronics,Phone Case,1,245.21,5.0,232.95,91.67,141.28,Cash,Online,,3,4.0,True,False
ORD105846,2025-11-28,CUST0425,Sara Hassan,Cairo,SMB,Home & Kitchen,Vacuum Cleaner,1,3257.74,10.0,2931.97,1906.16,1025.81,Card,Online,Omar F.,0,5.0,True,False
ORD105509,2025-10-12,CUST0080,Amr Abdel Rahman,Alexandria,SMB,Home & Kitchen,Coffee Maker,2,1509.79,10.0,2717.62,1628.92,1088.7,Mobile Wallet,Online,Nourhan S.,3,3.0,True,False
ORD104294,2025-03-13,CUST0062,Omar Ibrahim,Aswan,Consumer,Clothing,Jeans,2,802.97,0.0,1605.94,651.32,954.62,Mobile Wallet,Online,,1,,False,False
ORD103054,2024-09-06,CUST0426,Nada Ibrahim,Cairo,Consumer,Home & Kitchen,Cookware Set,1,2171.22,0.0,2171.22,1347.08,824.14,Card,In-store,Sara M.,0,5.0,False,False
ORD105021,2025-07-09,CUST0287,Karim Aziz,Cairo,SMB,Beauty,Skincare Set,1,801.67,0.0,801.67,344.88,456.79,Mobile Wallet,Online,Sara M.,0,2.0,False,False
ORD101950,2024-02-09,CUST0169,Sara Mostafa,Alexandria,Consumer,Clothing,Jeans,1,801.52,0.0,801.52,307.48,494.04,Cash,Phone,Omar F.,0,4.0,False,False
ORD104307,2025-03-14,CUST0149,Hassan Farouk,Alexandria,Consumer,Electronics,Smart Watch,1,3461.09,0.0,3461.09,2016.06,1445.03,Cash,In-store,Omar F.,0,3.0,False,False
ORD103042,2024-09-03,CUST0170,Ahmed Khalil,Cairo,SMB,Electronics,Wireless Earbuds,1,1107.86,0.0,1107.86,760.72,347.14,Installment,In-store,Khaled T.,0,2.0,False,False
ORD103683,2024-12-23,CUST0355,Khaled El-Sayed,Cairo,SMB,Electronics,Phone Case,2,247.77,0.0,495.54,186.74,308.8,Card,In-store,Sara M.,0,5.0,False,False
ORD102004,2024-02-20,CUST0319,Mona Aziz,Giza,Consumer,CLOTHING,Hoodie,1,684.59,0.0,684.59,297.4,387.19,Card,In-store,,0,4.0,False,False
ORD103597,2024-12-05,CUST0264,Amr Aziz,Giza,Consumer,Beauty,Makeup Kit,1,588.93,0.0,588.93,251.45,337.48,Cash,Online,Youssef A.,4,4.0,False,False
ORD104110,2025-02-21,CUST0113,Omar Sherif,cairo,Consumer,Electronics,Bluetooth Speaker,3,930.25,0.0,2790.75,1662.75,1128.0,Cash,In-store,Khaled T.,0,4.0,False,False
ORD104515,2025-04-08,CUST0332,Ahmed Ibrahim,Cairo,Consumer,Clothing,Women's Dress,1,889.8,0.0,889.8,382.26,507.54,Card,In-store,Omar F.,0,,False,False
ORD105429,2025-09-29,CUST0363,Youssef Hassan,Alexandria,Consumer,Electronics,Phone Case,1,251.41,0.0,251.41,90.45,160.96,Card,In-store,Nourhan S.,0,1.0,False,False
ORD100713,2023-05-07,CUST0351,Karim Farouk,Alexandria,SMB,Beauty,Perfume,1,1282.15,0.0,1282.15,572.67,709.48,Mobile Wallet,Online,Omar F.,2,5.0,False,False
ORD100772,2023-05-17,CUST0404,Khaled Abdel Rahman,Cairo,Consumer,Beauty,Hair Dryer,1,899.62,0.0,899.62,434.16,465.46,Cash,In-store,Omar F.,0,2.0,False,False
ORD100106,2023-01-25,CUST0201,Amr Ibrahim,Mansoura,SMB,Home & Kitchen,Vacuum Cleaner,1,3280.94,0.0,3280.94,1827.23,1453.71,Card,In-store,Sara M.,0,4.0,False,False
ORD103642,2024-12-13,CUST0491,Tarek Khalil,Alexandria,Consumer,Home & Kitchen,Vacuum Cleaner,1,2998.97,0.0,2998.97,1830.2,1168.77,Cash,In-store,Khaled T.,0,1.0,False,False
ORD102811,2024-07-05,CUST0153,Ahmed Hassan,Cairo,Enterprise,Beauty,Perfume,1,1354.99,0.0,1354.99,598.14,756.85,Mobile Wallet,Online,Khaled T.,0,4.0,False,False
ORD106047,2025-12-29,CUST0037,Laila Farouk,Aswan,Consumer,Groceries,Olive Oil 1L,1,266.24,0.0,266.24,180.61,85.63,Mobile Wallet,In-store,Khaled T.,0,5.0,False,False
ORD102597,2024-05-25,CUST0377,Sara Ibrahim,Aswan,SMB,Groceries,Honey Jar,2,331.08,0.0,662.16,386.62,275.54,Card,In-store,Sara M.,0,4.0,False,False
ORD102049,2024-03-01,CUST0581,Tarek El-Sayed,Mansoura,Consumer,Groceries,Honey Jar,1,297.46,0.0,297.46,207.94,89.52,Card,Online,Youssef A.,0,4.0,False,False
ORD100548,2023-04-12,CUST0345,Salma El-Sayed,Cairo,Consumer,Beauty,Makeup Kit,2,562.6,15.0,956.42,498.4,458.02,Mobile Wallet,Online,Omar F.,2,1.0,True,False
ORD104363,2025-03-21,CUST0113,Omar Sherif,Cairo,Consumer,Beauty,Hair Dryer,1,847.6,0.0,847.6,467.74,379.86,Cash,In-store,Khaled T.,0,4.0,False,False
ORD103362,2024-11-05,CUST0170,Ahmed Khalil,Cairo,SMB,Home & Kitchen,Vacuum Cleaner,1,3084.88,0.0,3084.88,1946.75,1138.13,Card,Phone,Nourhan S.,0,4.0,False,False
ORD104338,2025-03-17,CUST0554,Nada Farouk,Tanta,SMB,Groceries,Honey Jar,1,332.12,0.0,332.12,190.73,141.39,Cash,Online,Sara M.,3,2.0,False,False
ORD105925,2025-12-05,CUST0490,Heba Sherif,Tanta,SMB,Electronics,Phone Case,1,258.11,0.0,258.11,93.6,164.51,Cash,In-store,Sara M.,0,4.0,False,False
ORD105181,2025-08-12,CUST0382,Heba Khalil,Giza,Consumer,Clothing,Women's Dress,1,837.95,0.0,837.95,410.5,427.45,Card,In-store,Mona K.,0,5.0,False,False
ORD102478,2024-05-04,CUST0232,Hassan Mahmoud,Tanta,Consumer,Clothing,Hoodie,2,626.18,0.0,1252.36,624.96,627.4,Card,Online,,1,3.0,False,False
ORD102702,2024-06-13,CUST0104,Youssef Hassan,Cairo,SMB,Beauty,Perfume,1,1396.99,0.0,1396.99,581.21,815.78,Cash,In-store,Nourhan S.,0,5.0,False,False
ORD100981,2023-07-12,CUST0053,Khaled Hassan,Aswan,Consumer,Clothing,Sneakers,1,1316.16,0.0,1316.16,698.28,617.88,Cash,In-store,Sara M.,0,5.0,False,False
ORD100004,2023-01-02,CUST0327,Dina Hassan,Alexandria,SMB,Beauty,Skincare Set,1,842.16,0.0,842.16,342.35,499.81,Card,In-store,Khaled T.,0,5.0,False,False
ORD100429,2023-03-26,CUST0320,Youssef Ibrahim,Alexandria,Consumer,Clothing,Men's T-Shirt,1,346.61,0.0,346.61,143.51,203.1,Mobile Wallet,In-store,Nourhan S.,0,4.0,False,False
ORD103111,2024-09-14,CUST0160,Mona Sherif,Alexandria,Consumer,Clothing,Women's Dress,1,845.55,0.0,845.55,405.18,440.37,Cash,Online,,4,4.0,False,False
ORD104385,2025-03-24,CUST0127,Nada Hassan,Alexandria,Consumer,Electronics,Phone Case,2,260.98,0.0,521.96,187.26,334.7,Card,Online,Khaled T.,2,2.0,False,False
ORD101478,2023-11-15,CUST0260,Dina Sherif,Alexandria,Consumer,Groceries,Honey Jar,2,305.47,0.0,610.94,399.36,211.58,Mobile Wallet,Online,,4,5.0,False,False
ORD104528,2025-04-11,CUST0138,Youssef Ibrahim,Tanta,Consumer,Home & Kitchen,Vacuum Cleaner,1,3105.67,0.0,3105.67,1819.79,1285.88,Mobile Wallet,Online,,2,5.0,False,False
ORD102245,2024-03-23,CUST0333,Laila El-Sayed,Alexandria,Consumer,Clothing,Sneakers,2,1438.35,0.0,2876.7,1383.88,1492.82,Cash,Online,Sara M.,2,5.0,False,False
ORD103051,2024-09-05,CUST0137,Laila Mahmoud,Aswan,Consumer,GROCERIES,Honey Jar,1,322.24,0.0,322.24,201.61,120.63,Cash,In-store,Youssef A.,0,,False,False
ORD101822,2024-01-17,CUST0140,Heba Abdel Rahman,Cairo,Consumer,Groceries,Coffee 250g,2,186.21,0.0,372.42,204.42,168.0,Cash,Online,Khaled T.,3,4.0,False,False
ORD101282,2023-09-29,CUST0467,Omar Hassan,Giza,Consumer,Clothing,Sneakers,1,1498.91,0.0,1498.91,701.17,797.74,Cash,Online,Omar F.,3,,False,False
ORD101492,2023-11-20,CUST0035,Heba Khalil,Cairo,Consumer,Electronics,Smart Watch,5,3700.35,25.0,13876.31,10668.3,3208.01,Card,In-store,Omar F.,0,5.0,True,False
ORD104551,2025-04-16,CUST0589,Yasmin Mahmoud,Cairo,Consumer,Sports,Yoga Mat,5,455.33,0.0,2276.65,1079.65,1197.0,Installment,In-store,Youssef A.,0,5.0,False,False
ORD104451,2025-03-30,CUST0338,Yasmin Farouk,Alexandria,Consumer,Clothing,Sneakers,1,1469.38,0.0,1469.38,703.28,766.1,Card,In-store,Youssef A.,0,3.0,False,False
ORD105244,2025-08-27,CUST0376,Mahmoud Ibrahim,Giza,Consumer,Electronics,Smart Watch,1,3469.96,0.0,3469.96,2097.9,1372.06,Card,Online,Youssef A.,7,4.0,False,False
ORD100110,2023-01-26,CUST0328,Karim Farouk,Alexandria,Consumer,Sports,Yoga Mat,3,457.92,0.0,1373.76,688.02,685.74,Cash,Online,,3,4.0,False,False
ORD102184,2024-03-16,CUST0371,Heba El-Sayed,Cairo,Consumer,Groceries,Olive Oil 1L,2,284.96,0.0,569.92,372.06,197.86,Cash,In-store,Sara M.,0,4.0,False,False
ORD103170,2024-09-25,CUST0134,Sara Ibrahim,Giza,Consumer,Electronics,Phone Case,2,260.26,0.0,520.52,186.44,334.08,Mobile Wallet,Online,,1,5.0,False,False
ORD105047,2025-07-14,CUST0489,Amr Sherif,Cairo,SMB,Electronics,Bluetooth Speaker,1,986.62,0.0,986.62,537.74,448.88,Installment,In-store,Youssef A.,0,4.0,False,False
ORD103948,2025-02-02,CUST0025,Yasmin Khalil,Mansoura,SMB,Electronics,Bluetooth Speaker,1,1014.5,0.0,1014.5,524.21,490.29,Mobile Wallet,Phone,Nourhan S.,0,2.0,False,False
ORD104080,2025-02-17,CUST0487,Laila Abdel Rahman,Aswan,Consumer,Groceries,Coffee 250g,2,187.96,0.0,375.92,198.6,177.32,Card,In-store,Mona K.,0,3.0,False,False
ORD101350,2023-10-16,CUST0190,Hassan Farouk,Mansoura,SMB,Home & Kitchen,Air Fryer,1,2674.04,0.0,2674.04,1633.27,1040.77,Card,In-store,Sara M.,0,5.0,False,False
ORD104812,2025-05-31,CUST0338,Yasmin Farouk,Alexandria,Consumer,Electronics,Smart Watch,2,3779.7,0.0,7559.4,4376.76,3182.64,Card,Online,,4,4.0,False,False
ORD105595,2025-10-28,CUST0181,Omar Mostafa,Mansoura,Consumer,Beauty,Hair Dryer,1,831.23,0.0,831.23,433.92,397.31,Card,Online,,2,4.0,False,False
ORD103150,2024-09-22,CUST0491,Tarek Khalil,Alexandria,Consumer,Groceries,Honey Jar,2,298.61,0.0,597.22,394.1,203.12,Mobile Wallet,Online,Khaled T.,1,5.0,False,False
ORD100440,2023-03-28,CUST0320,Youssef Ibrahim,Alexandria,Consumer,Groceries,Coffee 250g,2,174.17,0.0,348.34,203.2,145.14,Mobile Wallet,Phone,Khaled T.,0,4.0,False,False
ORD103679,2024-12-21,CUST0041,Amr Ibrahim,Alexandria,Consumer,Electronics,Wireless Earbuds,1,1180.98,0.0,1180.98,744.21,436.77,Card,Online,Youssef A.,2,3.0,False,False
ORD105397,2025-09-23,CUST0385,Adel Mahmoud,Aswan,Consumer,Electronics,Bluetooth Speaker,1,908.37,0.0,908.37,528.42,379.95,Card,Online,Youssef A.,1,1.0,False,False
ORD103839,2025-01-14,CUST0243,Tarek Mahmoud,Cairo,Consumer,Electronics,Phone Case,1,257.51,0.0,257.51,88.95,168.56,Cash,Online,Khaled T.,3,2.0,False,False
ORD101951,2024-02-09,CUST0514,Mona Mahmoud,Giza,SMB,Sports,Yoga Mat,1,430.29,0.0,430.29,223.0,207.29,Mobile Wallet,Online,Youssef A.,1,5.0,False,False
ORD103284,2024-10-18,CUST0362,Sara Khalil,Mansoura,Consumer,Beauty,Hair Dryer,2,935.95,0.0,1871.9,904.68,967.22,Cash,In-store,Mona K.,0,1.0,False,False
ORD104681,2025-05-09,CUST0027,Heba Ibrahim,Cairo,Consumer,Groceries,Honey Jar,2,338.0,0.0,676.0,380.7,295.3,Card,In-store,Youssef A.,0,4.0,False,False
ORD101246,2023-09-22,CUST0576,Heba Aziz,Cairo,Consumer,Clothing,Sneakers,2,1327.66,0.0,2655.32,1390.72,1264.6,Card,Online,Sara M.,7,5.0,False,False
ORD101102,2023-08-19,CUST0232,Hassan Mahmoud,Tanta,Consumer,Beauty,Skincare Set,1,838.86,0.0,838.86,340.04,498.82,Card,In-store,Khaled T.,0,2.0,False,False
ORD100934,2023-06-28,CUST0067,Adel Abdel Rahman,Cairo,SMB,Clothing,Jeans,1,752.84,5.0,715.2,335.44,379.76,Cash,In-store,Youssef A.,0,4.0,True,False
ORD105687,2025-11-11,CUST0322,Nourhan Ibrahim,Giza,Consumer,Electronics,Bluetooth Speaker,2,1021.9,0.0,2043.8,1052.32,991.48,Cash,In-store,Sara M.,0,3.0,False,False
ORD104214,2025-03-05,CUST0378,Laila Ibrahim,Mansoura,SMB,Groceries,Rice 5kg,3,206.97,0.0,620.91,458.37,162.54,Mobile Wallet,In-store,Mona K.,0,4.0,False,False
ORD105398,2025-09-23,CUST0289,Nourhan Sherif,Alexandria,SMB,Clothing,Women's Dress,1,883.02,0.0,883.02,403.96,479.06,Cash,In-store,Omar F.,0,1.0,False,False
ORD101374,2023-10-22,CUST0137,Laila Mahmoud,Aswan,Consumer,Electronics,Smart Watch,3,3301.8,10.0,8914.86,6441.21,2473.65,Cash,Online,Youssef A.,0,,True,False
ORD100836,2023-06-01,CUST0304,Salma Farouk,Cairo,SMB,Sports,Dumbbell Set,1,1716.41,0.0,1716.41,1066.9,649.51,Mobile Wallet,In-store,Youssef A.,0,5.0,False,False
ORD100195,2023-02-14,CUST0113,Omar Sherif,Cairo,Consumer,Home & Kitchen,Coffee Maker,1,1586.75,10.0,1428.08,881.11,546.97,Cash,Online,,2,,True,False
ORD103527,2024-11-28,CUST0448,Laila Abdel Rahman,Cairo,Consumer,Sports,Running Shoes,1,1507.65,10.0,1356.89,864.19,492.7,Mobile Wallet,Online,,1,5.0,True,False
ORD102116,2024-03-08,CUST0321,Rania Mahmoud,Cairo,Consumer,Sports,Running Shoes,1,1725.5,10.0,1552.95,850.37,702.58,Mobile Wallet,In-store,Khaled T.,0,5.0,True,False
ORD103895,2025-01-24,CUST0567,Nourhan Aziz,Alexandria,Consumer,Groceries,Olive Oil 1L,1,273.06,0.0,273.06,179.54,93.52,Cash,Phone,Mona K.,0,5.0,False,False
ORD106036,2025-12-28,CUST0051,Yasmin El-Sayed,Cairo,Enterprise,Beauty,Skincare Set,1,789.06,20.0,631.25,367.36,263.89,Mobile Wallet,Online,,2,2.0,True,False
ORD100034,2023-01-07,CUST0577,Laila El-Sayed,Alexandria,SMB,Electronics,Wireless Earbuds,2,1164.16,0.0,2328.32,1543.34,784.98,Cash,Phone,Sara M.,0,,False,False
ORD103148,2024-09-22,CUST0209,Mona Mostafa,Alexandria,SMB,Electronics,Wireless Earbuds,1,1181.75,0.0,1181.75,784.33,397.42,Card,Online,Youssef A.,5,4.0,False,False
ORD100964,2023-07-07,CUST0576,Heba Aziz,Cairo,Consumer,Electronics,Power Bank,5,556.72,0.0,2783.6,1739.7,1043.9,Card,In-store,Mona K.,0,3.0,False,False
ORD102480,2024-05-04,CUST0367,Dina Abdel Rahman,Cairo,Consumer,Home & Kitchen,Vacuum Cleaner,1,3441.82,0.0,3441.82,1893.53,1548.29,Cash,Online,Khaled T.,2,4.0,False,False
ORD102498,2024-05-08,CUST0532,Adel El-Sayed,Giza,Consumer,Electronics,Phone Case,3,269.34,15.0,686.82,278.76,408.06,Cash,In-store,Mona K.,0,5.0,True,False
ORD100133,2023-01-31,CUST0495,Rania Mostafa,Giza,Consumer,Groceries,Rice 5kg,2,226.7,0.0,453.4,295.22,158.18,Card,Online,Youssef A.,0,5.0,False,False
ORD102592,2024-05-25,CUST0404,Khaled Abdel Rahman,Cairo,Consumer,Electronics,Phone Case,2,238.45,0.0,476.9,174.3,302.6,Cash,In-store,Nourhan S.,0,2.0,False,False
ORD104550,2025-04-16,CUST0430,Khaled Mostafa,Mansoura,SMB,Sports,Running Shoes,2,1564.74,0.0,3129.48,1689.0,1440.48,Mobile Wallet,Online,,2,4.0,False,False
ORD104193,2025-03-01,CUST0329,Heba Aziz,Mansoura,Consumer,Home & Kitchen,Vacuum Cleaner,2,3343.39,0.0,6686.78,3816.58,2870.2,Card,In-store,Youssef A.,0,1.0,False,False
ORD105513,2025-10-13,CUST0021,Heba El-Sayed,Alexandria,SMB,Groceries,Olive Oil 1L,1,301.39,0.0,301.39,173.86,127.53,Mobile Wallet,Phone,Mona K.,0,5.0,False,False
ORD103824,2025-01-12,CUST0074,Nada Aziz,Cairo,Enterprise,Groceries,Honey Jar,1,307.33,0.0,307.33,199.26,108.07,Mobile Wallet,Phone,Youssef A.,0,5.0,False,False
ORD102736,2024-06-21,CUST0226,Adel El-Sayed,Alexandria,SMB,Electronics,Power Bank,2,616.08,0.0,1232.16,719.6,512.56,Cash,Phone,Khaled T.,0,3.0,False,False
ORD103632,2024-12-12,CUST0241,Omar Khalil,Alexandria,SMB,Electronics,Wireless Earbuds,1,1169.59,0.0,1169.59,740.55,429.04,Installment,Online,Youssef A.,4,2.0,False,False
ORD105132,2025-08-02,CUST0147,Yasmin Farouk,cairo,SMB,Beauty,Skincare Set,1,784.95,0.0,784.95,347.11,437.84,Card,In-store,Youssef A.,0,1.0,False,False
ORD105262,2025-08-30,CUST0563,Nada Sherif,Mansoura,SMB,Clothing,Women's Dress,1,854.66,0.0,854.66,414.01,440.65,Cash,In-store,Sara M.,0,3.0,False,False
ORD101467,2023-11-11,CUST0298,Mahmoud Sherif,Giza,Consumer,Electronics,Wireless Earbuds,1,1233.25,0.0,1233.25,725.86,507.39,Card,In-store,Youssef A.,0,5.0,False,False
ORD105740,2025-11-19,CUST0285,Ahmed Hassan,Mansoura,Consumer,Clothing,Women's Dress,1,956.78,0.0,956.78,403.75,553.03,Card,In-store,Sara M.,0,3.0,False,False
ORD105596,2025-10-28,CUST0510,Nada Aziz,Alexandria,SMB,Sports,Dumbbell Set,1,1728.51,0.0,1728.51,1080.58,647.93,Card,Online,Youssef A.,3,3.0,False,False
ORD101906,2024-01-31,CUST0144,Khaled Hassan,Cairo,SMB,Electronics,Smart Watch,2,3264.67,0.0,6529.34,4222.64,2306.7,Installment,In-store,Youssef A.,0,3.0,False,False
ORD104817,2025-06-01,CUST0098,Mona Abdel Rahman,Giza,Consumer,Clothing,Hoodie,1,607.16,0.0,607.16,299.99,307.17,Cash,Online,Mona K.,1,4.0,False,False
ORD105023,2025-07-09,CUST0165,Dina Mahmoud,Mansoura,Consumer,Home & Kitchen,Air Fryer,2,2892.73,0.0,5785.46,3245.24,2540.22,Card,In-store,Khaled T.,0,1.0,False,False
ORD100397,2023-03-22,CUST0533,Ahmed Hassan,Giza,SMB,Beauty,Hair Dryer,1,854.18,0.0,854.18,431.37,422.81,Card,In-store,Sara M.,0,4.0,False,False
ORD104518,2025-04-09,CUST0586,Mona Ibrahim,Alexandria,Consumer,Groceries,Coffee 250g,1,169.74,0.0,169.74,102.35,67.39,Mobile Wallet,In-store,Mona K.,0,5.0,False,False
ORD102330,2024-04-05,CUST0541,Dina Sherif,Alexandria,SMB,Clothing,Women's Dress,1,929.2,0.0,929.2,380.75,548.45,Card,Online,,3,1.0,False,False
ORD106033,2025-12-27,CUST0099,Mahmoud Ibrahim,Giza,Enterprise,Electronics,Smart Watch,1,3746.82,10.0,3372.14,2192.55,1179.59,Mobile Wallet,Online,,5,3.0,True,False
ORD103461,2024-11-22,CUST0195,Ahmed Mahmoud,Mansoura,Consumer,Beauty,Perfume,5,1281.8,5.0,6088.55,2880.1,3208.45,Card,In-store,Nourhan S.,0,3.0,True,False
ORD100593,2023-04-17,CUST0029,Laila Mostafa,Giza,SMB,SPORTS,Yoga Mat,2,478.62,0.0,957.24,459.66,497.58,Card,Online,Khaled T.,1,1.0,False,False
ORD101108,2023-08-20,CUST0137,Laila Mahmoud,Aswan,Consumer,Groceries,Rice 5kg,1,234.19,0.0,234.19,143.56,90.63,Card,In-store,Mona K.,0,1.0,False,False
ORD101019,2023-07-21,CUST0080,Amr Abdel Rahman,Alexandria,SMB,Electronics,Smart Watch,1,3743.98,0.0,3743.98,2077.3,1666.68,Mobile Wallet,In-store,Sara M.,0,,False,False
ORD100346,2023-03-15,CUST0176,Dina Abdel Rahman,,SMB,Electronics,Bluetooth Speaker,2,971.17,0.0,1942.34,1138.88,803.46,Mobile Wallet,Online,Sara M.,2,5.0,False,False
ORD103892,2025-01-24,CUST0463,Laila Khalil,Alexandria,Consumer,Home & Kitchen,Blender,1,1177.62,0.0,1177.62,578.86,598.76,Mobile Wallet,Online,Mona K.,0,4.0,False,False
ORD100839,2023-06-03,CUST0076,Nourhan Khalil,Mansoura,SMB,Groceries,Coffee 250g,1,166.65,0.0,166.65,96.86,69.79,Card,In-store,Nourhan S.,0,4.0,False,False
ORD103649,2024-12-14,CUST0245,Karim Ibrahim,Giza,SMB,Groceries,Rice 5kg,1,214.71,0.0,214.71,152.07,62.64,Cash,Online,,4,5.0,False,False
ORD100859,2023-06-08,CUST0217,Nada Khalil,Alexandria,Consumer,Home & Kitchen,Blender,3,1182.06,15.0,3014.25,1885.29,1128.96,Installment,Phone,Khaled T.,0,3.0,True,False
ORD102859,2024-07-18,CUST0381,Heba Sherif,Giza,Consumer,Electronics,Smart Watch,1,3439.81,25.0,2579.86,2113.98,465.88,Mobile Wallet,In-store,Sara M.,0,5.0,True,False
ORD102774,2024-06-28,CUST0381,Heba Sherif,Giza,Consumer,Beauty,Makeup Kit,1,646.05,0.0,646.05,243.06,402.99,Cash,In-store,Omar F.,0,4.0,False,False
ORD103344,2024-11-02,CUST0286,Tarek Aziz,Giza,SMB,Home & Kitchen,Blender,1,1056.21,0.0,1056.21,609.51,446.7,Card,Phone,Sara M.,0,,False,False
ORD105606,2025-10-29,CUST0493,Ahmed Khalil,Cairo,SMB,Beauty,Makeup Kit,1,558.3,0.0,558.3,251.24,307.06,Cash,Online,Khaled T.,1,5.0,False,False
ORD105009,2025-07-06,CUST0153,Ahmed Hassan,Cairo,Enterprise,GROCERIES,Rice 5kg,1,221.97,0.0,221.97,156.57,65.4,Card,Online,,0,2.0,False,False
ORD100481,2023-04-03,CUST0179,Ahmed Khalil,Cairo,Consumer,Home & Kitchen,Coffee Maker,1,1405.87,0.0,-1405.87,848.94,-556.93,Cash,Online,Nourhan S.,3,1.0,False,True
ORD102377,2024-04-14,CUST0108,Omar El-Sayed,cairo,SMB,Electronics,Phone Case,1,230.88,0.0,230.88,91.16,139.72,Mobile Wallet,In-store,Omar F.,0,,False,False
ORD101201,2023-09-11,CUST0085,Karim Farouk,Aswan,Consumer,Beauty,Skincare Set,1,819.17,0.0,819.17,364.04,455.13,Installment,In-store,Omar F.,0,5.0,False,False
ORD103661,2024-12-18,CUST0394,Karim Mostafa,Alexandria,SMB,Home & Kitchen,Blender,1,1079.26,0.0,1079.26,623.21,456.05,Cash,In-store,Omar F.,0,5.0,False,False
ORD104600,2025-04-24,CUST0400,Mona Khalil,Cairo,Consumer,Clothing,Hoodie,2,654.44,0.0,1308.88,609.92,698.96,Mobile Wallet,In-store,Omar F.,0,5.0,False,False
ORD105952,2025-12-11,CUST0558,Omar Ibrahim,Cairo,Consumer,Clothing,Sneakers,1,1506.53,0.0,1506.53,689.12,817.41,Cash,In-store,Youssef A.,0,4.0,False,False
ORD101733,2023-12-29,CUST0115,Nada Ibrahim,Mansoura,Consumer,Sports,Yoga Mat,1,477.2,20.0,-381.76,226.84,-154.92,Cash,In-store,Omar F.,0,4.0,True,True
ORD103799,2025-01-07,CUST0243,Tarek Mahmoud,Cairo,Consumer,Clothing,Men's T-Shirt,1,364.43,0.0,364.43,155.09,209.34,Cash,Online,,0,4.0,False,False
ORD100596,2023-04-17,CUST0219,Youssef Ibrahim,Cairo,SMB,Electronics,Wireless Earbuds,1,1291.31,0.0,1291.31,758.72,532.59,Installment,Online,Nourhan S.,1,4.0,False,False
ORD102503,2024-05-09,CUST0327,Dina Hassan,Alexandria,SMB,Groceries,Olive Oil 1L,1,291.12,0.0,291.12,179.61,111.51,Mobile Wallet,In-store,Youssef A.,0,5.0,False,False
ORD104641,2025-05-01,CUST0490,Heba Sherif,Tanta,SMB,Sports,Football,1,387.9,15.0,329.72,172.9,156.82,Cash,Phone,Youssef A.,0,4.0,True,False
ORD103862,2025-01-17,CUST0199,Khaled Abdel Rahman,Cairo,Consumer,Groceries,Olive Oil 1L,1,286.82,0.0,286.82,184.92,101.9,Mobile Wallet,Online,Youssef A.,3,,False,False
ORD103896,2025-01-24,CUST0419,Amr Abdel Rahman,Alexandria,Consumer,Clothing,Sneakers,1,1379.11,0.0,1379.11,711.15,667.96,Installment,Online,Omar F.,2,3.0,False,False
ORD104798,2025-05-29,CUST0496,Khaled Khalil,Alexandria,Consumer,Groceries,Coffee 250g,1,176.55,0.0,176.55,97.64,78.91,Card,In-store,Sara M.,0,4.0,False,False
ORD101617,2023-12-03,CUST0406,Mona Khalil,Cairo,SMB,Electronics,Power Bank,2,645.22,0.0,1290.44,723.82,566.62,Mobile Wallet,Phone,Mona K.,0,3.0,False,False
ORD104838,2025-06-04,CUST0075,Youssef Mahmoud,Alexandria,Consumer,Electronics,Power Bank,2,601.55,0.0,1203.1,687.48,515.62,Cash,Online,Sara M.,4,3.0,False,False
ORD101821,2024-01-17,CUST0147,Yasmin Farouk,Cairo,SMB,Beauty,Hair Dryer,1,838.26,0.0,838.26,446.75,391.51,Cash,Phone,Nourhan S.,0,,False,False
ORD102710,2024-06-15,CUST0390,Khaled Sherif,Aswan,Enterprise,Beauty,Hair Dryer,2,856.36,10.0,1541.45,933.0,608.45,Mobile Wallet,Online,Sara M.,1,4.0,True,False
ORD100299,2023-03-08,CUST0508,Amr Aziz,Giza,SMB,Home & Kitchen,Vacuum Cleaner,2,3214.37,0.0,6428.74,3686.8,2741.94,Cash,In-store,Omar F.,0,4.0,False,False
ORD101025,2023-07-22,CUST0095,Mahmoud Khalil,Aswan,Consumer,Sports,Running Shoes,1,1654.44,0.0,1654.44,885.51,768.93,Cash,In-store,Khaled T.,0,5.0,False,False
ORD105128,2025-08-01,CUST0195,Ahmed Mahmoud,Mansoura,Consumer,Electronics,Bluetooth Speaker,1,1019.23,0.0,1019.23,574.7,444.53,Card,Online,,3,4.0,False,False
ORD104541,2025-04-14,CUST0398,Amr Mostafa,Alexandria,Consumer,Beauty,Skincare Set,2,758.68,0.0,1517.36,724.5,792.86,Installment,Online,Omar F.,1,5.0,False,False
ORD101128,2023-08-26,CUST0285,Ahmed Hassan,Mansoura,Consumer,Home & Kitchen,Coffee Maker,1,1579.55,0.0,1579.55,879.72,699.83,Cash,Online,Sara M.,0,5.0,False,False
ORD101387,2023-10-25,CUST0114,Rania Aziz,Tanta,SMB,Beauty,Skincare Set,1,768.13,0.0,768.13,338.76,429.37,Installment,In-store,Khaled T.,0,4.0,False,False
ORD101119,2023-08-23,CUST0589,Yasmin Mahmoud,Cairo,Consumer,HOME & KITCHEN,Cookware Set,1,2327.22,0.0,2327.22,1260.58,1066.64,Card,In-store,Nourhan S.,0,5.0,False,False
ORD100986,2023-07-13,CUST0467,Omar Hassan,Giza,Consumer,Home & Kitchen,Cookware Set,1,2346.91,0.0,2346.91,1295.29,1051.62,Cash,Online,,4,,False,False
ORD104091,2025-02-18,CUST0321,Rania Mahmoud,cairo,Consumer,Electronics,Power Bank,2,582.89,0.0,1165.78,698.62,467.16,Card,In-store,Nourhan S.,0,5.0,False,False
ORD101051,2023-07-30,CUST0396,Youssef Aziz,Cairo,Consumer,Clothing,Sneakers,5,1457.52,0.0,7287.6,3617.95,3669.65,Mobile Wallet,In-store,Omar F.,0,5.0,False,False
ORD103357,2024-11-04,CUST0071,Mahmoud Sherif,Giza,Consumer,Clothing,Jeans,1,747.29,0.0,747.29,320.83,426.46,Card,Online,Mona K.,2,3.0,False,False
ORD101995,2024-02-18,CUST0217,Nada Khalil,Alexandria,Consumer,Clothing,Jeans,1,762.78,0.0,-762.78,314.59,-448.19,Cash,Online,,2,4.0,False,True
ORD100553,2023-04-12,CUST0509,Hassan Sherif,Giza,SMB,Groceries,Honey Jar,1,329.72,0.0,329.72,207.68,122.04,Installment,In-store,Omar F.,0,1.0,False,False
ORD103201,2024-10-01,CUST0478,Tarek Khalil,Giza,Consumer,Electronics,Wireless Earbuds,1,1158.22,0.0,1158.22,738.34,419.88,Installment,Online,,2,4.0,False,False
ORD104354,2025-03-20,CUST0430,Khaled Mostafa,Mansoura,SMB,Home & Kitchen,Air Fryer,1,2911.79,0.0,2911.79,1780.74,1131.05,Cash,In-store,Khaled T.,0,1.0,False,False
ORD103033,2024-09-02,CUST0047,Ahmed Farouk,Tanta,Consumer,Beauty,Makeup Kit,2,575.62,0.0,1151.24,480.34,670.9,Cash,Online,Omar F.,3,5.0,False,False
ORD105478,2025-10-07,CUST0415,Laila Farouk,Cairo,Consumer,Clothing,Hoodie,1,681.45,0.0,681.45,311.91,369.54,Mobile Wallet,Online,,2,4.0,False,False
ORD100985,2023-07-13,CUST0031,Dina Mostafa,Aswan,Consumer,Electronics,Smart Watch,1,3704.87,0.0,3704.87,2192.17,1512.7,Installment,Online,Khaled T.,1,5.0,False,False
ORD102538,2024-05-16,CUST0457,Laila Hassan,Cairo,Enterprise,Clothing,Women's Dress,1,854.23,0.0,854.23,418.74,435.49,Card,In-store,Nourhan S.,0,5.0,False,False
ORD103003,2024-08-22,CUST0240,Salma Ibrahim,Mansoura,SMB,Groceries,Olive Oil 1L,1,286.91,0.0,286.91,173.36,113.55,Cash,In-store,Sara M.,0,4.0,False,False
ORD104510,2025-04-08,CUST0231,Mona Hassan,Tanta,SMB,Beauty,Perfume,1,1372.52,0.0,1372.52,579.26,793.26,Installment,In-store,Omar F.,0,5.0,False,False
ORD103743,2024-12-31,CUST0053,Khaled Hassan,Aswan,Consumer,Beauty,Hair Dryer,1,866.81,0.0,-866.81,456.83,-409.98,Card,Online,Omar F.,5,5.0,False,True
ORD102956,2024-08-13,CUST0211,Adel Sherif,Mansoura,SMB,Home & Kitchen,Cookware Set,2,2347.91,0.0,4695.82,2473.5,2222.32,Installment,Online,Nourhan S.,2,5.0,False,False
ORD101228,2023-09-19,CUST0005,Mahmoud Khalil,Alexandria,Consumer,Groceries,Rice 5kg,1,229.29,0.0,229.29,153.1,76.19,Mobile Wallet,Online,Sara M.,3,4.0,False,False
ORD105624,2025-10-31,CUST0042,Omar Aziz,Aswan,SMB,Beauty,Hair Dryer,3,866.61,0.0,2599.83,1343.88,1255.95,Mobile Wallet,In-store,Khaled T.,0,4.0,False,False
ORD103834,2025-01-14,CUST0481,Khaled Mostafa,Alexandria,Consumer,Home & Kitchen,Blender,1,1055.17,0.0,1055.17,628.73,426.44,Cash,In-store,Mona K.,0,1.0,False,False
ORD103938,2025-02-01,CUST0380,Amr Khalil,Giza,Consumer,Groceries,Olive Oil 1L,1,278.96,0.0,278.96,181.76,97.2,Cash,Online,Youssef A.,0,3.0,False,False
ORD100649,2023-04-25,CUST0144,Khaled Hassan,cairo,SMB,Groceries,Honey Jar,1,335.29,0.0,335.29,207.13,128.16,Mobile Wallet,Online,Mona K.,1,5.0,False,False
ORD101311,2023-10-06,CUST0406,Mona Khalil,Cairo,SMB,Groceries,Coffee 250g,1,192.78,20.0,154.22,99.1,55.12,Mobile Wallet,Online,Khaled T.,3,4.0,True,False
ORD102043,2024-02-29,CUST0407,Tarek Abdel Rahman,Aswan,Consumer,Electronics,Bluetooth Speaker,1,1015.66,0.0,1015.66,531.38,484.28,Installment,In-store,Youssef A.,0,4.0,False,False
ORD100636,2023-04-23,CUST0351,Karim Farouk,Alexandria,SMB,Electronics,Phone Case,5,250.99,0.0,1254.95,452.0,802.95,Card,Online,,4,5.0,False,False
ORD103007,2024-08-24,CUST0413,Hassan Mahmoud,Giza,SMB,Home & Kitchen,Vacuum Cleaner,1,3387.54,10.0,3048.79,1948.98,1099.81,Card,Phone,Mona K.,0,,True,False
ORD102695,2024-06-12,CUST0304,Salma Farouk,Cairo,SMB,Clothing,Hoodie,1,656.58,0.0,-656.58,306.26,-350.32,Mobile Wallet,Online,,2,,False,True
ORD100465,2023-04-01,CUST0146,Karim Ibrahim,Cairo,Consumer,Sports,Football,1,402.31,0.0,402.31,184.44,217.87,Cash,Online,,1,4.0,False,False
ORD101840,2024-01-20,CUST0240,Salma Ibrahim,Mansoura,SMB,Electronics,Wireless Earbuds,1,1267.25,0.0,1267.25,731.12,536.13,Card,In-store,Mona K.,0,4.0,False,False
ORD100009,2023-01-03,CUST0573,Heba Mahmoud,Cairo,Consumer,Home & Kitchen,Blender,2,1054.04,0.0,2108.08,1196.36,911.72,Cash,In-store,Sara M.,0,4.0,False,False
ORD103698,2024-12-25,CUST0258,Rania Aziz,Tanta,SMB,Groceries,Coffee 250g,1,193.77,0.0,193.77,98.98,94.79,Cash,In-store,Youssef A.,0,4.0,False,False
ORD104935,2025-06-21,CUST0371,Heba El-Sayed,Cairo,Consumer,Electronics,Smart Watch,5,3706.38,0.0,18531.9,10914.7,7617.2,Card,Online,,2,3.0,False,False
ORD104587,2025-04-21,CUST0237,Khaled Aziz,cairo,Consumer,Electronics,Wireless Earbuds,1,1271.61,0.0,1271.61,765.7,505.91,Mobile Wallet,Online,Nourhan S.,3,5.0,False,False
ORD102470,2024-05-03,CUST0422,Mona Khalil,Cairo,Consumer,Clothing,Sneakers,1,1451.27,0.0,1451.27,706.87,744.4,Card,Online,Nourhan S.,3,5.0,False,False
ORD105452,2025-10-03,CUST0566,Khaled Farouk,Alexandria,Consumer,Sports,Yoga Mat,5,467.7,0.0,2338.5,1069.05,1269.45,Cash,Online,Mona K.,4,4.0,False,False
ORD102506,2024-05-10,CUST0154,Salma Aziz,Cairo,Consumer,Groceries,Coffee 250g,1,178.51,0.0,178.51,103.26,75.25,Card,In-store,Khaled T.,0,3.0,False,False
ORD101776,2024-01-05,CUST0238,Youssef Ibrahim,Giza,Consumer,Electronics,Smart Watch,1,3595.15,0.0,3595.15,2130.06,1465.09,Card,Online,Omar F.,2,1.0,False,False
ORD104117,2025-02-21,CUST0505,Ahmed Abdel Rahman,Alexandria,SMB,Clothing,Women's Dress,2,923.35,0.0,1846.7,830.04,1016.66,Card,Phone,Khaled T.,0,5.0,False,False
ORD103552,2024-11-29,CUST0201,Amr Ibrahim,Mansoura,SMB,Electronics,Phone Case,1,268.13,10.0,241.32,91.76,149.56,Card,In-store,Khaled T.,0,2.0,True,False
ORD100380,2023-03-19,CUST0111,Salma Mahmoud,Giza,Consumer,Electronics,Wireless Earbuds,1,1220.17,0.0,1220.17,754.49,465.68,Cash,Online,,5,5.0,False,False
ORD100384,2023-03-20,CUST0002,Amr Khalil,Cairo,Consumer,Groceries,Honey Jar,1,325.11,0.0,325.11,203.91,121.2,Card,Online,,1,5.0,False,False
ORD104676,2025-05-07,CUST0427,Nada Ibrahim,Cairo,Consumer,Sports,Dumbbell Set,1,1925.69,0.0,1925.69,1137.21,788.48,Cash,In-store,Sara M.,0,3.0,False,False
ORD102509,2024-05-11,CUST0548,Amr Farouk,cairo,SMB,Clothing,Jeans,1,787.36,0.0,787.36,333.89,453.47,Cash,Online,,1,2.0,False,False
ORD101302,2023-10-04,CUST0216,Mona Ibrahim,Giza,SMB,Home & Kitchen,Vacuum Cleaner,2,3123.36,0.0,6246.72,3751.3,2495.42,Cash,In-store,Nourhan S.,0,3.0,False,False
ORD105467,2025-10-05,CUST0239,Youssef Mostafa,giza,Consumer,Clothing,Sneakers,1,1461.44,0.0,1461.44,671.52,789.92,Cash,In-store,Youssef A.,0,5.0,False,False
ORD103706,2024-12-26,CUST0243,Tarek Mahmoud,Cairo,Consumer,Sports,Football,1,388.09,0.0,388.09,178.22,209.87,Installment,In-store,Youssef A.,0,3.0,False,False
ORD105547,2025-10-19,CUST0469,Nada Ibrahim,Cairo,Consumer,Beauty,Makeup Kit,1,592.51,0.0,592.51,262.41,330.1,Installment,Online,,4,5.0,False,False
ORD105836,2025-11-27,CUST0403,Dina Aziz,Cairo,Consumer,Sports,Football,1,392.61,25.0,294.46,179.57,114.89,Mobile Wallet,Online,Omar F.,3,4.0,True,False
ORD101893,2024-01-29,CUST0053,Khaled Hassan,Aswan,Consumer,Clothing,Men's T-Shirt,5,344.92,0.0,1724.6,763.65,960.95,Cash,Online,Omar F.,2,4.0,False,False
ORD104908,2025-06-18,CUST0255,Yasmin Aziz,Tanta,Consumer,Electronics,Bluetooth Speaker,1,899.77,0.0,899.77,525.49,374.28,Mobile Wallet,In-store,Omar F.,0,3.0,False,False
ORD105136,2025-08-03,CUST0533,Ahmed Hassan,Giza,SMB,Beauty,Hair Dryer,1,887.52,0.0,887.52,458.08,429.44,Mobile Wallet,Phone,Omar F.,0,5.0,False,False
ORD103964,2025-02-05,CUST0418,Nada Mostafa,Cairo,Consumer,Electronics,Power Bank,1,610.27,15.0,518.73,334.14,184.59,Cash,In-store,Nourhan S.,0,1.0,True,False
ORD101109,2023-08-20,CUST0337,Yasmin Ibrahim,Cairo,SMB,Sports,Yoga Mat,1,463.99,0.0,463.99,227.3,236.69,Mobile Wallet,Online,Mona K.,4,5.0,False,False
ORD100325,2023-03-11,CUST0118,Khaled Mahmoud,Aswan,SMB,Beauty,Hair Dryer,1,926.67,0.0,926.67,471.69,454.98,Mobile Wallet,Phone,Sara M.,0,3.0,False,False
ORD100364,2023-03-17,CUST0558,Omar Ibrahim,Cairo,Consumer,Home & Kitchen,Air Fryer,1,2771.35,0.0,2771.35,1742.27,1029.08,Mobile Wallet,Online,Youssef A.,2,3.0,False,False
ORD101841,2024-01-20,CUST0361,Sara Khalil,Cairo,Consumer,Sports,Yoga Mat,3,459.12,0.0,1377.36,653.94,723.42,Mobile Wallet,Online,Mona K.,1,,False,False
ORD104357,2025-03-20,CUST0230,Dina Sherif,Aswan,Consumer,Sports,Dumbbell Set,3,1765.62,0.0,5296.86,3314.07,1982.79,Cash,In-store,Youssef A.,0,5.0,False,False
ORD101567,2023-11-27,CUST0373,Tarek Aziz,Cairo,Consumer,Electronics,Wireless Earbuds,1,1261.26,15.0,1072.07,779.07,293.0,Mobile Wallet,Online,,3,5.0,True,False
ORD100524,2023-04-09,CUST0251,Omar Mostafa,Cairo,Consumer,Groceries,Rice 5kg,1,222.69,0.0,222.69,154.38,68.31,Mobile Wallet,Online,Youssef A.,5,3.0,False,False
ORD101373,2023-10-22,CUST0100,Hassan Abdel Rahman,,SMB,Groceries,Rice 5kg,1,217.85,0.0,217.85,155.8,62.05,Mobile Wallet,Online,Youssef A.,2,3.0,False,False
ORD104336,2025-03-17,CUST0528,Tarek Mahmoud,Cairo,Consumer,Beauty,Makeup Kit,1,636.26,0.0,636.26,254.38,381.88,Mobile Wallet,Online,,4,4.0,False,False
ORD103342,2024-11-01,CUST0101,Rania Hassan,Cairo,Consumer,Home & Kitchen,Blender,1,1160.45,0.0,1160.45,582.09,578.36,Cash,In-store,Khaled T.,0,5.0,False,False
ORD103263,2024-10-15,CUST0159,Mona Sherif,Alexandria,SMB,Electronics,Phone Case,2,265.63,0.0,531.26,177.14,354.12,Card,Phone,Mona K.,0,5.0,False,False
ORD102558,2024-05-19,CUST0411,Rania Mostafa,Giza,Consumer,Beauty,Hair Dryer,2,963.98,0.0,1927.96,905.38,1022.58,Cash,In-store,,0,4.0,False,False
ORD105153,2025-08-05,CUST0469,Nada Ibrahim,Cairo,Consumer,Clothing,Women's Dress,1,830.12,0.0,830.12,393.59,436.53,Mobile Wallet,In-store,Khaled T.,0,,False,False
ORD104937,2025-06-21,CUST0200,Heba Farouk,Mansoura,Consumer,Electronics,Smart Watch,1,3430.1,0.0,3430.1,2082.03,1348.07,Card,Online,Youssef A.,1,5.0,False,False
ORD105661,2025-11-06,CUST0452,Adel Sherif,Cairo,SMB,Home & Kitchen,Blender,1,1059.72,0.0,1059.72,602.06,457.66,Mobile Wallet,In-store,Omar F.,0,5.0,False,False
ORD102844,2024-07-15,CUST0552,Heba Khalil,Aswan,Consumer,Electronics,Smart Watch,1,3323.61,25.0,2492.71,2043.77,448.94,Card,Online,Omar F.,3,4.0,True,False
ORD104488,2025-04-04,CUST0494,Mahmoud Mostafa,alexandria,Consumer,Clothing,Jeans,1,720.07,0.0,720.07,309.12,410.95,Card,Online,,7,3.0,False,False
ORD104707,2025-05-13,CUST0347,Mona Mostafa,Alexandria,Enterprise,Sports,Football,1,381.13,0.0,381.13,177.94,203.19,Card,Online,Nourhan S.,2,3.0,False,False
ORD100150,2023-02-04,CUST0508,Amr Aziz,Giza,SMB,Clothing,Men's T-Shirt,1,327.41,0.0,327.41,145.15,182.26,Cash,In-store,Omar F.,0,,False,False
ORD103755,2025-01-02,CUST0444,Heba Farouk,Aswan,Consumer,Sports,Yoga Mat,2,427.06,0.0,854.12,418.32,435.8,Cash,Online,,1,4.0,False,False
ORD104170,2025-02-27,CUST0309,Nourhan El-Sayed,Giza,SMB,Clothing,Hoodie,1,700.83,0.0,700.83,291.47,409.36,Card,In-store,Mona K.,0,3.0,False,False
ORD100779,2023-05-18,CUST0189,Khaled Sherif,Alexandria,Enterprise,Groceries,Coffee 250g,1,172.12,0.0,172.12,99.69,72.43,Card,Online,Nourhan S.,4,4.0,False,False
ORD105717,2025-11-15,CUST0237,Khaled Aziz,Cairo,Consumer,Electronics,Smart Watch,1,3485.49,0.0,3485.49,2082.51,1402.98,Cash,Online,Omar F.,0,5.0,False,False
ORD100125,2023-01-29,CUST0509,Hassan Sherif,Giza,SMB,Clothing,Men's T-Shirt,1,333.44,0.0,333.44,142.75,190.69,Card,Online,Youssef A.,0,4.0,False,False
ORD101564,2023-11-26,CUST0583,Salma Farouk,Cairo,Consumer,Electronics,Bluetooth Speaker,1,875.38,15.0,744.07,566.09,177.98,Mobile Wallet,Online,,5,4.0,True,False
ORD101278,2023-09-29,CUST0079,Dina Khalil,Aswan,Consumer,Beauty,Makeup Kit,2,572.68,0.0,1145.36,516.44,628.92,Cash,Online,Youssef A.,4,5.0,False,False
ORD103146,2024-09-22,CUST0103,Adel Sherif,Giza,Consumer,Electronics,Bluetooth Speaker,1,888.29,0.0,888.29,539.08,349.21,Card,Online,Youssef A.,1,4.0,False,False
ORD102060,2024-03-01,CUST0289,Nourhan Sherif,Alexandria,SMB,Sports,Running Shoes,1,1616.54,0.0,1616.54,838.58,777.96,Card,Online,,0,4.0,False,False
ORD100987,2023-07-14,CUST0121,Rania Hassan,Alexandria,Enterprise,Clothing,Men's T-Shirt,1,330.51,0.0,330.51,147.4,183.11,Card,In-store,Omar F.,0,3.0,False,False
ORD100025,2023-01-05,CUST0499,Hassan Abdel Rahman,tanta,Consumer,Home & Kitchen,Cookware Set,2,2184.5,0.0,4369.0,2585.3,1783.7,Cash,In-store,Sara M.,0,,False,False
ORD103621,2024-12-10,CUST0447,Youssef Ibrahim,Cairo,SMB,Home & Kitchen,Air Fryer,1,2850.02,0.0,2850.02,1737.38,1112.64,Card,Online,,2,5.0,False,False
ORD104044,2025-02-13,CUST0256,Nada Farouk,Cairo,Consumer,Clothing,Jeans,1,741.15,0.0,-741.15,323.35,-417.8,Installment,Phone,Mona K.,0,5.0,False,True
ORD100677,2023-04-28,CUST0069,Tarek Aziz,Cairo,Enterprise,Beauty,Hair Dryer,5,41918.0,0.0,209590.0,2147.85,2043.95,Installment,Online,Sara M.,3,5.0,False,False
ORD102639,2024-06-02,CUST0517,Omar Mostafa,Alexandria,Consumer,Clothing,Men's T-Shirt,1,352.07,0.0,352.07,155.9,196.17,Cash,In-store,Omar F.,0,3.0,False,False
ORD102160,2024-03-13,CUST0210,Dina Sherif,Alexandria,Consumer,Electronics,Bluetooth Speaker,1,968.97,10.0,872.07,540.07,332.0,Mobile Wallet,Online,Mona K.,5,5.0,True,False
ORD103448,2024-11-21,CUST0262,Khaled Hassan,Cairo,Enterprise,Clothing,Men's T-Shirt,1,363.08,25.0,272.31,145.09,127.22,Installment,In-store,Mona K.,0,5.0,True,False
ORD100888,2023-06-16,CUST0424,Nourhan Sherif,Giza,SMB,Electronics,Wireless Earbuds,2,1130.73,0.0,2261.46,1512.04,749.42,Cash,In-store,Nourhan S.,0,3.0,False,False
ORD105049,2025-07-15,CUST0275,Nada Ibrahim,Aswan,Consumer,Beauty,Perfume,1,1250.23,0.0,1250.23,613.63,636.6,Cash,In-store,Mona K.,0,3.0,False,False
ORD104342,2025-03-18,CUST0137,Laila Mahmoud,Aswan,Consumer,Electronics,Bluetooth Speaker,3,948.51,0.0,2845.53,1601.22,1244.31,Cash,In-store,Mona K.,0,4.0,False,False
ORD100174,2023-02-10,CUST0343,Omar Abdel Rahman,Giza,Consumer,Home & Kitchen,Coffee Maker,1,1518.14,0.0,1518.14,821.22,696.92,Cash,In-store,Youssef A.,0,3.0,False,False
ORD103365,2024-11-07,CUST0083,Nada Mahmoud,Aswan,SMB,Electronics,Wireless Earbuds,1,1195.24,0.0,1195.24,766.06,429.18,Card,Online,Youssef A.,1,,False,False
ORD105735,2025-11-19,CUST0236,Sara Sherif,cairo,SMB,Beauty,Perfume,1,1209.44,0.0,1209.44,612.48,596.96,Installment,Online,,1,3.0,False,False
ORD103952,2025-02-03,CUST0576,Heba Aziz,Cairo,Consumer,Clothing,Men's T-Shirt,1,377.69,0.0,377.69,150.53,227.16,Cash,Online,Khaled T.,2,4.0,False,False
ORD104762,2025-05-23,CUST0451,Khaled Farouk,Cairo,Consumer,Sports,Dumbbell Set,1,1818.14,0.0,1818.14,1054.6,763.54,Card,Phone,Khaled T.,0,2.0,False,False
ORD105275,2025-09-01,CUST0571,Yasmin Khalil,Cairo,Consumer,Clothing,Sneakers,1,1297.84,0.0,1297.84,727.19,570.65,Mobile Wallet,Online,Sara M.,2,5.0,False,False
ORD105817,2025-11-26,CUST0020,Salma Mostafa,Giza,Consumer,Sports,Yoga Mat,2,442.26,10.0,796.07,449.42,346.65,Cash,In-store,Nourhan S.,0,4.0,True,False
ORD102291,2024-03-29,CUST0385,Adel Mahmoud,Aswan,Consumer,Beauty,Skincare Set,1,813.48,0.0,813.48,335.23,478.25,Cash,In-store,Omar F.,0,4.0,False,False
ORD101929,2024-02-05,CUST0112,Dina Hassan,Alexandria,Consumer,Groceries,Olive Oil 1L,2,300.65,0.0,601.3,356.6,244.7,Card,Online,,3,4.0,False,False
ORD100412,2023-03-24,CUST0541,Dina Sherif,Alexandria,SMB,Clothing,Men's T-Shirt,3,375.85,0.0,1127.55,436.02,691.53,Card,In-store,Youssef A.,0,3.0,False,False
ORD103560,2024-11-30,CUST0418,Nada Mostafa,Cairo,Consumer,Electronics,Power Bank,1,625.37,20.0,500.3,346.03,154.27,Mobile Wallet,In-store,Mona K.,0,,True,False
ORD102100,2024-03-05,CUST0265,Dina Sherif,aswan,Enterprise,Clothing,Hoodie,1,620.62,0.0,620.62,294.07,326.55,Mobile Wallet,In-store,Sara M.,0,4.0,False,False
ORD104968,2025-06-27,CUST0298,Mahmoud Sherif,Giza,Consumer,Clothing,Jeans,1,750.12,0.0,750.12,315.56,434.56,Card,Online,,1,5.0,False,False
ORD102678,2024-06-09,CUST0594,Tarek Ibrahim,Aswan,SMB,Clothing,Men's T-Shirt,1,353.05,10.0,317.74,153.73,164.01,Mobile Wallet,Online,,5,5.0,True,False
ORD103183,2024-09-28,CUST0499,Hassan Abdel Rahman,Tanta,Consumer,Clothing,Sneakers,1,1298.06,0.0,1298.06,696.65,601.41,Mobile Wallet,In-store,Youssef A.,0,5.0,False,False
ORD101712,2023-12-25,CUST0156,Youssef Khalil,Tanta,Consumer,Home & Kitchen,Coffee Maker,1,1533.06,0.0,1533.06,821.41,711.65,Mobile Wallet,Online,Youssef A.,3,5.0,False,False
ORD104692,2025-05-10,CUST0228,Karim Sherif,Alexandria,SMB,Clothing,Hoodie,1,655.76,0.0,655.76,309.8,345.96,Mobile Wallet,In-store,Mona K.,0,4.0,False,False
ORD102542,2024-05-17,CUST0565,Yasmin Mostafa,Cairo,Consumer,Clothing,Hoodie,1,640.06,0.0,640.06,308.86,331.2,Cash,Online,Mona K.,1,5.0,False,False
ORD100977,2023-07-11,CUST0156,Youssef Khalil,Tanta,Consumer,Home & Kitchen,Air Fryer,1,2918.91,0.0,2918.91,1741.52,1177.39,Card,Online,Omar F.,3,1.0,False,False
ORD104526,2025-04-10,CUST0453,Sara Aziz,Giza,Consumer,Electronics,Power Bank,1,569.48,0.0,569.48,337.32,232.16,Card,In-store,Youssef A.,0,5.0,False,False
ORD103704,2024-12-26,CUST0466,Nourhan Hassan,Alexandria,Consumer,Home & Kitchen,Vacuum Cleaner,5,3245.39,0.0,16226.95,9738.95,6488.0,Mobile Wallet,Online,Khaled T.,3,3.0,False,False
ORD100684,2023-04-29,CUST0446,Mona Hassan,Cairo,Consumer,Electronics,Power Bank,1,564.31,0.0,564.31,341.78,222.53,Card,Online,Youssef A.,1,4.0,False,False
ORD105006,2025-07-06,CUST0022,Hassan Sherif,Giza,Consumer,Clothing,Men's T-Shirt,1,365.85,0.0,365.85,156.38,209.47,Card,In-store,Khaled T.,0,5.0,False,False
ORD101699,2023-12-24,CUST0021,Heba El-Sayed,Alexandria,SMB,Clothing,Sneakers,1,1301.36,0.0,1301.36,692.47,608.89,Card,In-store,Youssef A.,0,5.0,False,False
ORD105860,2025-11-29,CUST0593,Omar Sherif,Mansoura,Consumer,Home & Kitchen,Blender,5,1174.34,15.0,4990.94,3075.6,1915.34,Mobile Wallet,In-store,Youssef A.,0,5.0,True,False
ORD104579,2025-04-19,CUST0481,Khaled Mostafa,Alexandria,Consumer,Electronics,Smart Watch,1,3319.67,0.0,3319.67,2190.12,1129.55,Mobile Wallet,In-store,Khaled T.,0,4.0,False,False
ORD103503,2024-11-26,CUST0558,Omar Ibrahim,Cairo,Consumer,Beauty,Hair Dryer,1,949.53,15.0,807.1,454.73,352.37,Cash,In-store,Sara M.,0,3.0,True,False
ORD103915,2025-01-28,CUST0504,Heba Mostafa,Mansoura,Consumer,Beauty,Makeup Kit,1,602.93,0.0,602.93,253.25,349.68,Mobile Wallet,Online,Sara M.,7,5.0,False,False
ORD103517,2024-11-27,CUST0333,Laila El-Sayed,Alexandria,Consumer,Clothing,Hoodie,1,616.47,10.0,554.82,286.29,268.53,Cash,Online,Mona K.,0,5.0,True,False
ORD105081,2025-07-23,CUST0528,Tarek Mahmoud,Cairo,Consumer,Sports,Yoga Mat,2,444.7,0.0,889.4,453.8,435.6,Cash,Phone,Nourhan S.,0,5.0,False,False
ORD104472,2025-04-01,CUST0395,Sara Sherif,Aswan,Consumer,Home & Kitchen,Air Fryer,1,2906.85,0.0,2906.85,1747.29,1159.56,Installment,In-store,Youssef A.,0,3.0,False,False
ORD105904,2025-12-03,CUST0247,Tarek Hassan,Cairo,Consumer,Home & Kitchen,Air Fryer,1,2730.9,0.0,2730.9,1675.34,1055.56,Card,In-store,Sara M.,0,5.0,False,False
ORD103384,2024-11-09,CUST0205,Omar Mostafa,Alexandria,Consumer,Clothing,Hoodie,1,630.76,0.0,630.76,308.15,322.61,Card,Online,Mona K.,3,4.0,False,False
ORD105219,2025-08-21,CUST0470,Nada Mahmoud,Cairo,Consumer,Sports,Running Shoes,1,1530.99,0.0,1530.99,881.69,649.3,Mobile Wallet,In-store,Youssef A.,0,,False,False
ORD104177,2025-02-28,CUST0021,Heba El-Sayed,Alexandria,SMB,Electronics,Power Bank,1,624.86,0.0,624.86,352.63,272.23,Mobile Wallet,Online,Khaled T.,3,,False,False
ORD101034,2023-07-26,CUST0300,Nourhan Khalil,Cairo,Enterprise,Clothing,Men's T-Shirt,1,377.18,0.0,377.18,151.32,225.86,Cash,Online,Youssef A.,5,2.0,False,False
ORD104441,2025-03-29,CUST0130,Salma El-Sayed,Cairo,Consumer,Electronics,Power Bank,1,604.28,0.0,604.28,365.26,239.02,Mobile Wallet,Online,Sara M.,0,2.0,False,False
ORD103255,2024-10-12,CUST0159,Mona Sherif,Alexandria,SMB,Groceries,Honey Jar,1,304.5,0.0,304.5,203.58,100.92,Mobile Wallet,Online,,3,3.0,False,False
ORD100392,2023-03-21,CUST0547,Laila Abdel Rahman,Tanta,Consumer,Home & Kitchen,Coffee Maker,1,1562.51,0.0,1562.51,891.22,671.29,Card,In-store,Nourhan S.,0,4.0,False,False
ORD106046,2025-12-29,CUST0584,Dina Mostafa,Alexandria,SMB,Sports,Dumbbell Set,1,1720.15,0.0,1720.15,1133.5,586.65,Card,Online,Sara M.,2,5.0,False,False
ORD101603,2023-12-01,CUST0110,Mahmoud Aziz,Giza,Consumer,Beauty,Perfume,1,1397.5,0.0,1397.5,610.12,787.38,Installment,Online,Omar F.,3,5.0,False,False
ORD104554,2025-04-17,CUST0313,Salma Farouk,Cairo,Consumer,Beauty,Makeup Kit,1,582.33,0.0,582.33,240.9,341.43,Card,Online,Khaled T.,4,4.0,False,False
ORD101114,2023-08-21,CUST0480,Amr Khalil,Cairo,SMB,Electronics,Smart Watch,1,3472.35,0.0,3472.35,2064.61,1407.74,Mobile Wallet,In-store,Mona K.,0,3.0,False,False
ORD104846,2025-06-06,CUST0584,Dina Mostafa,Alexandria,SMB,Sports,Running Shoes,1,1685.54,0.0,1685.54,855.61,829.93,Card,In-store,Khaled T.,0,4.0,False,False
ORD102055,2024-03-01,CUST0302,Sara Sherif,Giza,Consumer,Beauty,Makeup Kit,1,641.13,15.0,544.96,249.11,295.85,Installment,Online,Omar F.,7,2.0,True,False
ORD105652,2025-11-04,CUST0514,Mona Mahmoud,giza,SMB,Clothing,Men's T-Shirt,2,337.47,0.0,674.94,306.36,368.58,Cash,In-store,Nourhan S.,0,4.0,False,False
ORD104673,2025-05-06,CUST0565,Yasmin Mostafa,Cairo,Consumer,Electronics,Power Bank,1,618.63,0.0,618.63,337.29,281.34,Card,In-store,Sara M.,0,3.0,False,False
ORD104334,2025-03-17,CUST0583,Salma Farouk,Cairo,Consumer,Groceries,Honey Jar,1,300.66,15.0,255.56,191.26,64.3,Mobile Wallet,In-store,Sara M.,0,5.0,True,False
ORD104037,2025-02-11,CUST0105,Nada Mahmoud,Cairo,Consumer,Groceries,Olive Oil 1L,1,278.34,0.0,278.34,184.11,94.23,Cash,Online,Nourhan S.,5,4.0,False,False
ORD101403,2023-10-28,CUST0542,Adel El-Sayed,Alexandria,SMB,Sports,Running Shoes,1,1626.71,0.0,1626.71,845.5,781.21,Cash,Online,,7,4.0,False,False
ORD105534,2025-10-18,CUST0483,Adel Hassan,Tanta,Consumer,Clothing,Women's Dress,2,945.0,0.0,1890.0,765.02,1124.98,Installment,In-store,Nourhan S.,0,4.0,False,False
ORD100094,2023-01-21,CUST0508,Amr Aziz,Giza,SMB,Beauty,Hair Dryer,1,830.47,0.0,830.47,468.75,361.72,Card,Online,,3,4.0,False,False
ORD102583,2024-05-24,CUST0226,Adel El-Sayed,Alexandria,SMB,Home & Kitchen,Blender,1,1084.79,0.0,1084.79,619.82,464.97,Card,Phone,Youssef A.,0,3.0,False,False
ORD103257,2024-10-13,CUST0029,Laila Mostafa,Giza,SMB,Home & Kitchen,Vacuum Cleaner,2,3333.75,15.0,5667.38,3976.16,1691.22,Card,Online,Khaled T.,2,5.0,True,False
ORD103703,2024-12-25,CUST0339,Karim Mahmoud,Alexandria,SMB,Beauty,Makeup Kit,2,572.66,0.0,1145.32,522.56,622.76,Card,In-store,Omar F.,0,5.0,False,False
ORD101139,2023-08-27,CUST0441,Nourhan Mahmoud,Aswan,Consumer,Electronics,Smart Watch,2,3362.53,0.0,6725.06,4283.42,2441.64,Mobile Wallet,Online,,3,4.0,False,False
ORD100552,2023-04-12,CUST0021,Heba El-Sayed,Alexandria,SMB,Clothing,Men's T-Shirt,1,360.29,0.0,360.29,142.8,217.49,Cash,In-store,Omar F.,0,1.0,False,False
ORD103882,2025-01-22,CUST0165,Dina Mahmoud,Mansoura,Consumer,Clothing,Men's T-Shirt,1,344.18,0.0,344.18,149.22,194.96,Cash,Online,Nourhan S.,0,,False,False
ORD105827,2025-11-27,CUST0380,Amr Khalil,Giza,Consumer,Beauty,Hair Dryer,1,912.48,20.0,729.98,432.6,297.38,Cash,Online,,0,5.0,True,False
ORD101305,2023-10-05,CUST0381,Heba Sherif,Giza,Consumer,Sports,Football,3,380.23,0.0,1140.69,547.92,592.77,Card,Online,Khaled T.,2,5.0,False,False
ORD104450,2025-03-30,CUST0180,Yasmin Farouk,Aswan,Consumer,Electronics,Power Bank,2,589.38,0.0,1178.76,677.46,501.3,Mobile Wallet,Online,,7,2.0,False,False
ORD100558,2023-04-13,CUST0035,Heba Khalil,cairo,Consumer,Clothing,Men's T-Shirt,1,357.52,15.0,303.89,154.12,149.77,Card,Online,,2,4.0,True,False
ORD103186,2024-09-28,CUST0199,Khaled Abdel Rahman,Cairo,Consumer,Groceries,Olive Oil 1L,1,258.03,0.0,258.03,172.87,85.16,Card,Online,,2,3.0,False,False
ORD103827,2025-01-12,CUST0084,Mona Hassan,Cairo,SMB,Clothing,Jeans,2,757.38,0.0,1514.76,664.08,850.68,Mobile Wallet,In-store,Nourhan S.,0,2.0,False,False
ORD104512,2025-04-08,CUST0137,Laila Mahmoud,Aswan,Consumer,Electronics,Wireless Earbuds,1,1185.62,0.0,1185.62,764.99,420.63,Cash,In-store,Sara M.,0,5.0,False,False
ORD105522,2025-10-16,CUST0509,Hassan Sherif,giza,SMB,Home & Kitchen,Vacuum Cleaner,1,3240.09,0.0,3240.09,1993.08,1247.01,Card,Online,Khaled T.,4,4.0,False,False
ORD101973,2024-02-13,CUST0020,Salma Mostafa,Giza,Consumer,Electronics,Wireless Earbuds,2,1115.87,0.0,2231.74,1472.98,758.76,Installment,Phone,Youssef A.,0,3.0,False,False
ORD101041,2023-07-28,CUST0507,Amr Farouk,Aswan,Consumer,Clothing,Men's T-Shirt,3,326.71,0.0,980.13,437.04,543.09,Installment,Phone,Nourhan S.,0,4.0,False,False
ORD104259,2025-03-09,CUST0178,Mahmoud Farouk,Alexandria,Consumer,Sports,Football,1,374.51,0.0,374.51,173.79,200.72,Card,Online,,5,4.0,False,False
ORD102847,2024-07-15,CUST0119,Hassan Aziz,Tanta,Consumer,Clothing,Women's Dress,2,934.24,0.0,1868.48,779.6,1088.88,Cash,Online,Sara M.,1,5.0,False,False
ORD100939,2023-06-28,CUST0207,Dina Abdel Rahman,Alexandria,SMB,Groceries,Rice 5kg,1,217.02,0.0,217.02,145.3,71.72,Card,In-store,Mona K.,0,5.0,False,False
ORD102192,2024-03-18,CUST0505,Ahmed Abdel Rahman,Alexandria,SMB,Clothing,Women's Dress,1,920.13,0.0,920.13,384.67,535.46,Mobile Wallet,In-store,Youssef A.,0,5.0,False,False
ORD102680,2024-06-09,CUST0595,Heba El-Sayed,Giza,SMB,Sports,Yoga Mat,1,466.09,0.0,466.09,214.11,251.98,Card,Online,Khaled T.,2,1.0,False,False
ORD105395,2025-09-22,CUST0382,Heba Khalil,Giza,Consumer,Clothing,Jeans,1,715.24,0.0,715.24,316.78,398.46,Installment,Online,,1,5.0,False,False
ORD102964,2024-08-14,CUST0298,Mahmoud Sherif,Giza,Consumer,Electronics,Wireless Earbuds,1,1178.73,0.0,1178.73,781.49,397.24,Card,In-store,Youssef A.,0,4.0,False,False
ORD105995,2025-12-19,CUST0023,Mona Mostafa,Cairo,Consumer,Beauty,Skincare Set,2,862.55,15.0,1466.33,709.92,756.41,Card,Online,Mona K.,1,5.0,True,False
ORD103373,2024-11-08,CUST0025,Yasmin Khalil,Mansoura,SMB,Groceries,Olive Oil 1L,1,299.38,0.0,299.38,185.26,114.12,Mobile Wallet,Online,Nourhan S.,1,5.0,False,False
ORD101455,2023-11-08,CUST0276,Omar Aziz,Mansoura,Consumer,Beauty,Skincare Set,5,845.71,0.0,4228.55,1790.8,2437.75,Card,Phone,Youssef A.,0,3.0,False,False
ORD104027,2025-02-11,CUST0507,Amr Farouk,Aswan,Consumer,Electronics,Phone Case,1,240.64,0.0,240.64,93.71,146.93,Installment,In-store,Youssef A.,0,5.0,False,False
ORD105272,2025-09-01,CUST0266,Yasmin Ibrahim,Cairo,Consumer,Electronics,Phone Case,1,240.98,0.0,240.98,88.8,152.18,Card,Online,Khaled T.,3,4.0,False,False
ORD103663,2024-12-19,CUST0054,Yasmin Khalil,Cairo,SMB,Home & Kitchen,Air Fryer,1,2633.37,0.0,2633.37,1735.08,898.29,Mobile Wallet,In-store,Omar F.,0,5.0,False,False
ORD104672,2025-05-06,CUST0397,Tarek El-Sayed,Alexandria,SMB,Electronics,Phone Case,3,233.61,0.0,700.83,276.66,424.17,Card,In-store,Mona K.,0,3.0,False,False
ORD104231,2025-03-06,CUST0180,Yasmin Farouk,Aswan,Consumer,Electronics,Power Bank,1,644.47,0.0,644.47,353.38,291.09,Card,In-store,Youssef A.,0,4.0,False,False
ORD103360,2024-11-05,CUST0372,Karim Sherif,Alexandria,SMB,Beauty,Hair Dryer,2,963.64,20.0,1541.82,892.28,649.54,Cash,In-store,Youssef A.,0,5.0,True,False
ORD104666,2025-05-04,CUST0478,Tarek Khalil,Giza,Consumer,Clothing,Men's T-Shirt,1,354.16,20.0,283.33,143.86,139.47,Cash,Online,,2,4.0,True,False
ORD104487,2025-04-04,CUST0294,Adel Mostafa,Alexandria,SMB,Groceries,Honey Jar,2,318.86,0.0,637.72,391.56,246.16,Card,Online,Sara M.,0,5.0,False,False
ORD105392,2025-09-22,CUST0325,Khaled Farouk,Giza,Consumer,Electronics,Wireless Earbuds,2,1182.23,0.0,2364.46,1538.84,825.62,Card,Online,Khaled T.,7,3.0,False,False
ORD103828,2025-01-12,CUST0489,Amr Sherif,Cairo,SMB,Sports,Football,1,407.97,0.0,407.97,181.65,226.32,Installment,Online,Sara M.,3,,False,False
ORD105101,2025-07-27,CUST0205,Omar Mostafa,Alexandria,Consumer,Clothing,Women's Dress,1,951.62,0.0,951.62,388.65,562.97,Mobile Wallet,In-store,Sara M.,0,5.0,False,False
ORD105933,2025-12-07,CUST0539,Laila Mahmoud,Giza,SMB,Beauty,Makeup Kit,1,602.35,0.0,602.35,241.26,361.09,Mobile Wallet,In-store,Youssef A.,0,5.0,False,False
ORD104314,2025-03-15,CUST0505,Ahmed Abdel Rahman,Alexandria,SMB,Clothing,Hoodie,1,684.24,0.0,684.24,300.58,383.66,Mobile Wallet,In-store,Khaled T.,0,3.0,False,False
ORD105125,2025-08-01,CUST0421,Nourhan Hassan,Mansoura,SMB,Clothing,Women's Dress,1,963.87,0.0,963.87,415.67,548.2,Cash,Online,Omar F.,2,3.0,False,False
ORD104263,2025-03-09,CUST0564,Mona Hassan,Alexandria,Consumer,Electronics,Phone Case,1,235.3,0.0,235.3,91.32,143.98,Mobile Wallet,In-store,Mona K.,0,3.0,False,False
ORD105333,2025-09-13,CUST0500,Adel Khalil,Cairo,SMB,Home & Kitchen,Air Fryer,2,3015.14,0.0,6030.28,3384.64,2645.64,Cash,Online,,1,5.0,False,False
ORD102398,2024-04-18,CUST0585,Hassan Abdel Rahman,Tanta,Consumer,HOME & KITCHEN,Cookware Set,1,2228.69,0.0,2228.69,1351.47,877.22,Cash,Online,,3,5.0,False,False
ORD104098,2025-02-18,CUST0178,Mahmoud Farouk,Alexandria,Consumer,Electronics,Wireless Earbuds,1,1250.09,0.0,1250.09,781.47,468.62,Installment,Online,,0,5.0,False,False
ORD106040,2025-12-28,CUST0002,Amr Khalil,Cairo,Consumer,Beauty,Hair Dryer,2,854.2,0.0,1708.4,923.46,784.94,Mobile Wallet,Online,,1,5.0,False,False
ORD105157,2025-08-06,CUST0596,Mahmoud Ibrahim,Cairo,Consumer,Electronics,Power Bank,1,571.49,20.0,457.19,365.92,91.27,Card,Online,,3,5.0,True,False
ORD103860,2025-01-17,CUST0167,Tarek Sherif,Cairo,Consumer,Beauty,Hair Dryer,3,942.56,0.0,2827.68,1314.39,1513.29,Mobile Wallet,Online,Sara M.,2,2.0,False,False
ORD100665,2023-04-27,CUST0521,Salma Farouk,,Consumer,Clothing,Women's Dress,2,964.68,0.0,1929.36,826.06,1103.3,Installment,Phone,Youssef A.,0,5.0,False,False
ORD103008,2024-08-24,CUST0193,Rania Aziz,Aswan,Consumer,Sports,Football,1,364.01,0.0,364.01,171.46,192.55,Card,In-store,Omar F.,0,4.0,False,False
ORD101969,2024-02-12,CUST0073,Ahmed Aziz,Cairo,Enterprise,Electronics,Smart Watch,1,3743.06,0.0,3743.06,2138.24,1604.82,Cash,In-store,Nourhan S.,0,5.0,False,False
ORD100536,2023-04-11,CUST0347,Mona Mostafa,Alexandria,Enterprise,Electronics,Power Bank,2,636.16,0.0,1272.32,680.14,592.18,Mobile Wallet,Online,,1,5.0,False,False
ORD103303,2024-10-22,CUST0457,Laila Hassan,Cairo,Enterprise,Sports,Football,1,397.91,0.0,397.91,186.77,211.14,Cash,In-store,Nourhan S.,0,5.0,False,False
ORD102766,2024-06-26,CUST0069,Tarek Aziz,Cairo,Enterprise,Sports,Football,3,378.22,0.0,1134.66,541.92,592.74,Card,Phone,Nourhan S.,0,5.0,False,False
ORD100389,2023-03-21,CUST0148,Nourhan Hassan,Alexandria,Consumer,Electronics,Phone Case,5,254.27,0.0,1271.35,432.9,838.45,Mobile Wallet,Online,,2,5.0,False,False
ORD103276,2024-10-17,CUST0302,Sara Sherif,giza,Consumer,Electronics,Power Bank,1,633.01,0.0,633.01,359.62,273.39,Cash,Online,,3,,False,False
ORD100039,2023-01-08,CUST0565,Yasmin Mostafa,Cairo,Consumer,Clothing,Sneakers,1,1342.18,0.0,1342.18,728.77,613.41,Mobile Wallet,Phone,Mona K.,0,3.0,False,False
ORD102273,2024-03-27,CUST0218,Yasmin El-Sayed,Tanta,Consumer,Beauty,Hair Dryer,1,926.23,0.0,926.23,464.02,462.21,Mobile Wallet,Online,Nourhan S.,2,5.0,False,False
ORD102685,2024-06-11,CUST0259,Omar Farouk,Giza,Consumer,Beauty,Skincare Set,1,779.51,0.0,779.51,344.34,435.17,Mobile Wallet,Online,,7,4.0,False,False
ORD101675,2023-12-16,CUST0042,Omar Aziz,Aswan,SMB,Beauty,Makeup Kit,2,614.63,20.0,983.41,499.18,484.23,Cash,In-store,Omar F.,0,4.0,True,False
ORD105158,2025-08-06,CUST0138,Youssef Ibrahim,tanta,Consumer,Electronics,Wireless Earbuds,2,1215.99,0.0,2431.98,1529.0,902.98,Cash,In-store,Youssef A.,0,3.0,False,False
ORD102274,2024-03-27,CUST0212,Ahmed Khalil,Cairo,Consumer,Electronics,Wireless Earbuds,1,1185.49,0.0,1185.49,735.04,450.45,Cash,Online,,7,5.0,False,False
ORD100031,2023-01-06,CUST0437,Mona Mostafa,Cairo,SMB,Electronics,Bluetooth Speaker,1,972.47,0.0,972.47,529.26,443.21,Cash,Online,,4,4.0,False,False
ORD105880,2025-11-30,CUST0527,Omar Ibrahim,Cairo,Consumer,Electronics,Smart Watch,1,3640.03,5.0,3458.03,2135.65,1322.38,Installment,Online,Khaled T.,5,4.0,True,False
ORD104740,2025-05-19,CUST0208,Khaled Mostafa,Cairo,Enterprise,Electronics,Power Bank,1,610.64,0.0,610.64,342.79,267.85,Mobile Wallet,Online,,7,5.0,False,False
ORD103053,2024-09-05,CUST0236,Sara Sherif,Cairo,SMB,Groceries,Honey Jar,2,327.46,0.0,654.92,390.82,264.1,Card,Online,Youssef A.,0,4.0,False,False
ORD100096,2023-01-22,CUST0014,Rania Hassan,Alexandria,Consumer,Electronics,Bluetooth Speaker,2,929.09,0.0,1858.18,1140.0,718.18,Installment,In-store,Mona K.,0,4.0,False,False
ORD102560,2024-05-20,CUST0555,Heba Mahmoud,Cairo,SMB,Beauty,Skincare Set,1,748.9,0.0,748.9,352.47,396.43,Card,Online,,3,,False,False
ORD105141,2025-08-04,CUST0533,Ahmed Hassan,Giza,SMB,Groceries,Olive Oil 1L,2,280.41,0.0,560.82,349.82,211.0,Mobile Wallet,Online,Omar F.,3,5.0,False,False
ORD100957,2023-07-04,CUST0225,Mahmoud El-Sayed,Cairo,Consumer,Groceries,Olive Oil 1L,1,267.25,5.0,253.89,181.69,72.2,Mobile Wallet,In-store,Youssef A.,0,4.0,True,False
ORD104069,2025-02-16,CUST0039,Amr Farouk,mansoura,Consumer,Groceries,Rice 5kg,2,216.25,0.0,432.5,303.6,128.9,Mobile Wallet,In-store,Khaled T.,0,4.0,False,False
ORD101868,2024-01-25,CUST0295,Salma Aziz,Cairo,SMB,Beauty,Makeup Kit,1,613.68,0.0,613.68,245.41,368.27,Cash,Online,,1,3.0,False,False
ORD101741,2023-12-30,CUST0260,Dina Sherif,Alexandria,Consumer,Clothing,Hoodie,1,689.15,0.0,689.15,298.14,391.01,Card,Online,Sara M.,5,1.0,False,False
ORD102041,2024-02-29,CUST0218,Yasmin El-Sayed,tanta,Consumer,Sports,Running Shoes,1,1637.12,0.0,1637.12,825.4,811.72,Mobile Wallet,Online,Omar F.,1,4.0,False,False
ORD105401,2025-09-24,CUST0066,Tarek Mahmoud,Alexandria,Consumer,Sports,Dumbbell Set,1,1767.73,0.0,1767.73,1080.25,687.48,Cash,Phone,Sara M.,0,5.0,False,False
ORD105087,2025-07-25,CUST0476,Ahmed Abdel Rahman,Cairo,Consumer,Beauty,Hair Dryer,1,970.99,0.0,970.99,435.62,535.37,Installment,In-store,Sara M.,0,5.0,False,False
ORD104969,2025-06-27,CUST0504,Heba Mostafa,Mansoura,Consumer,Electronics,Wireless Earbuds,3,1118.25,0.0,3354.75,2184.39,1170.36,Installment,In-store,Mona K.,0,4.0,False,False
ORD100634,2023-04-23,CUST0146,Karim Ibrahim,Cairo,Consumer,Home & Kitchen,Coffee Maker,2,1578.07,0.0,3156.14,1626.28,1529.86,Card,Online,Nourhan S.,5,5.0,False,False
ORD105191,2025-08-15,CUST0046,Youssef Hassan,Tanta,SMB,Sports,Running Shoes,1,1475.07,25.0,1106.3,838.59,267.71,Cash,Online,,1,3.0,True,False
ORD102732,2024-06-20,CUST0541,Dina Sherif,Alexandria,SMB,Groceries,Olive Oil 1L,1,298.26,0.0,298.26,177.03,121.23,Cash,Online,Mona K.,3,5.0,False,False
ORD105335,2025-09-13,CUST0354,Karim Mostafa,Cairo,Consumer,Electronics,Bluetooth Speaker,1,897.02,0.0,897.02,566.99,330.03,Card,Phone,Khaled T.,0,4.0,False,False
ORD100030,2023-01-06,CUST0474,Mona Sherif,Alexandria,Consumer,Clothing,Hoodie,2,639.74,0.0,1279.48,587.56,691.92,Card,Online,,2,5.0,False,False
ORD104133,2025-02-22,CUST0548,Amr Farouk,Cairo,SMB,Groceries,Honey Jar,1,304.8,5.0,289.56,198.48,91.08,Cash,In-store,Nourhan S.,0,3.0,True,False
ORD105025,2025-07-10,CUST0375,Amr Khalil,Cairo,Consumer,Groceries,Honey Jar,1,312.56,0.0,312.56,200.82,111.74,Mobile Wallet,Phone,Mona K.,0,3.0,False,False
ORD103638,2024-12-13,CUST0570,Nada Sherif,Cairo,SMB,Clothing,Women's Dress,1,907.17,0.0,907.17,390.27,516.9,Cash,Online,,0,5.0,False,False
ORD102723,2024-06-16,CUST0096,Karim Abdel Rahman,Tanta,Consumer,Electronics,Bluetooth Speaker,1,956.42,0.0,956.42,532.15,424.27,Mobile Wallet,In-store,Sara M.,0,,False,False
ORD104821,2025-06-01,CUST0218,Yasmin El-Sayed,Tanta,Consumer,Clothing,Sneakers,1,1505.53,0.0,1505.53,708.32,797.21,Cash,Online,,0,5.0,False,False
ORD103093,2024-09-12,CUST0164,Rania Mahmoud,Cairo,Consumer,Electronics,Power Bank,2,565.45,0.0,1130.9,719.44,411.46,Cash,Online,Omar F.,1,3.0,False,False
ORD102437,2024-04-26,CUST0031,Dina Mostafa,Aswan,Consumer,Groceries,Rice 5kg,1,216.64,0.0,-216.64,149.88,-66.76,Card,Online,Sara M.,2,5.0,False,True
ORD103609,2024-12-07,CUST0412,Mahmoud Khalil,Alexandria,Consumer,Electronics,Smart Watch,2,3609.95,0.0,7219.9,4306.12,2913.78,Mobile Wallet,Online,Youssef A.,4,5.0,False,False
ORD100466,2023-04-01,CUST0339,Karim Mahmoud,Alexandria,SMB,Beauty,Makeup Kit,2,634.97,0.0,1269.94,498.22,771.72,Cash,In-store,Sara M.,0,3.0,False,False
ORD101965,2024-02-11,CUST0208,Khaled Mostafa,Cairo,Enterprise,Electronics,Power Bank,1,576.65,10.0,518.98,350.14,168.84,Card,Online,Mona K.,3,3.0,True,False
ORD100619,2023-04-21,CUST0014,Rania Hassan,Alexandria,Consumer,Clothing,Hoodie,1,639.85,0.0,639.85,307.19,332.66,Cash,In-store,Omar F.,0,2.0,False,False
ORD104973,2025-06-28,CUST0208,Khaled Mostafa,Cairo,Enterprise,Groceries,Coffee 250g,1,171.37,0.0,171.37,96.95,74.42,Mobile Wallet,In-store,Sara M.,0,5.0,False,False
ORD102861,2024-07-18,CUST0284,Hassan Mahmoud,Alexandria,Consumer,Sports,Dumbbell Set,1,1822.32,0.0,1822.32,1123.36,698.96,Cash,In-store,Khaled T.,0,,False,False
ORD101167,2023-09-04,CUST0593,Omar Sherif,Mansoura,Consumer,Beauty,Skincare Set,1,808.18,0.0,808.18,365.77,442.41,Card,In-store,Omar F.,0,,False,False
ORD100723,2023-05-08,CUST0162,Ahmed Aziz,Giza,Enterprise,Clothing,Men's T-Shirt,1,358.52,0.0,358.52,144.52,214.0,Mobile Wallet,Online,,5,4.0,False,False
ORD105264,2025-08-31,CUST0217,Nada Khalil,Alexandria,Consumer,Electronics,Phone Case,1,266.0,0.0,266.0,93.14,172.86,Mobile Wallet,Online,Youssef A.,2,5.0,False,False
ORD103504,2024-11-26,CUST0099,Mahmoud Ibrahim,Giza,Enterprise,Home & Kitchen,Coffee Maker,1,1499.9,15.0,1274.92,810.94,463.98,Installment,Online,,2,5.0,True,False
ORD105342,2025-09-14,CUST0543,Ahmed Mahmoud,Alexandria,Consumer,Clothing,Men's T-Shirt,1,364.52,0.0,364.52,154.49,210.03,Cash,Online,Sara M.,1,4.0,False,False
ORD104432,2025-03-28,CUST0430,Khaled Mostafa,Mansoura,SMB,HOME & KITCHEN,Blender,1,1051.08,0.0,1051.08,585.15,465.93,Mobile Wallet,In-store,Sara M.,0,5.0,False,False
ORD102058,2024-03-01,CUST0567,Nourhan Aziz,Alexandria,Consumer,Beauty,Skincare Set,3,737.67,0.0,2213.01,1038.57,1174.44,Card,In-store,Omar F.,0,3.0,False,False
ORD105549,2025-10-20,CUST0242,Khaled Ibrahim,Giza,Consumer,Groceries,Coffee 250g,3,169.83,0.0,509.49,285.78,223.71,Mobile Wallet,In-store,Youssef A.,0,5.0,False,False
ORD101836,2024-01-19,CUST0235,Sara Aziz,mansoura,Enterprise,Electronics,Power Bank,1,569.96,0.0,569.96,338.8,231.16,Mobile Wallet,In-store,Omar F.,0,5.0,False,False
ORD102898,2024-07-28,CUST0405,Nada Sherif,Tanta,Consumer,Sports,Yoga Mat,1,415.83,0.0,415.83,218.88,196.95,Card,Online,Mona K.,3,4.0,False,False
ORD103058,2024-09-06,CUST0422,Mona Khalil,Cairo,Consumer,Beauty,Makeup Kit,1,609.45,0.0,609.45,242.23,367.22,Cash,Online,,5,3.0,False,False
ORD105127,2025-08-01,CUST0029,Laila Mostafa,Giza,SMB,Clothing,Hoodie,1,599.55,0.0,599.55,310.53,289.02,Mobile Wallet,In-store,Omar F.,0,4.0,False,False
ORD105326,2025-09-12,CUST0078,Ahmed Hassan,Alexandria,Consumer,Electronics,Wireless Earbuds,1,1207.85,0.0,-1207.85,774.9,-432.95,Card,In-store,Nourhan S.,0,3.0,False,True
ORD100353,2023-03-15,CUST0106,Nada Aziz,cairo,SMB,Electronics,Wireless Earbuds,1,1282.86,0.0,1282.86,719.18,563.68,Installment,Phone,Mona K.,0,4.0,False,False
ORD100541,2023-04-12,CUST0422,Mona Khalil,Cairo,Consumer,Groceries,Coffee 250g,1,191.7,0.0,191.7,100.3,91.4,Cash,In-store,Mona K.,0,4.0,False,False
ORD102877,2024-07-23,CUST0267,Nourhan Mahmoud,cairo,Consumer,Clothing,Jeans,2,800.91,0.0,1601.82,618.44,983.38,Cash,Online,,1,4.0,False,False
ORD103304,2024-10-22,CUST0538,Sara Ibrahim,Giza,SMB,Home & Kitchen,Coffee Maker,1,1406.78,0.0,1406.78,821.61,585.17,Card,Online,Mona K.,5,3.0,False,False
ORD103600,2024-12-06,CUST0522,Karim Mahmoud,Alexandria,SMB,Sports,Running Shoes,5,1548.43,0.0,7742.15,4146.55,3595.6,Mobile Wallet,Online,Omar F.,3,,False,False
ORD105878,2025-11-30,CUST0504,Heba Mostafa,Mansoura,Consumer,Sports,Football,2,384.21,15.0,653.16,357.1,296.06,Card,Online,Mona K.,1,3.0,True,False
ORD103186,2024-09-28,CUST0199,Khaled Abdel Rahman,Cairo,Consumer,Groceries,Olive Oil 1L,1,258.03,0.0,258.03,172.87,85.16,Card,Online,,2,3.0,False,False
ORD101496,2023-11-20,CUST0509,Hassan Sherif,Giza,SMB,Home & Kitchen,Cookware Set,1,2240.65,25.0,1680.49,1285.89,394.6,Card,Online,Khaled T.,0,5.0,True,False
ORD101810,2024-01-13,CUST0208,Khaled Mostafa,Cairo,Enterprise,Electronics,Smart Watch,1,3644.13,0.0,3644.13,2197.56,1446.57,Card,Online,Sara M.,2,2.0,False,False
ORD105662,2025-11-06,CUST0110,Mahmoud Aziz,Giza,Consumer,Electronics,Phone Case,1,259.09,0.0,259.09,88.84,170.25,Card,Online,Sara M.,3,5.0,False,False
ORD104036,2025-02-11,CUST0148,Nourhan Hassan,Alexandria,Consumer,Sports,Yoga Mat,1,457.71,0.0,457.71,230.27,227.44,Card,Online,,3,5.0,False,False
ORD104657,2025-05-03,CUST0045,Karim Khalil,Cairo,SMB,Sports,Running Shoes,1,1602.01,0.0,1602.01,865.89,736.12,Mobile Wallet,In-store,Sara M.,0,1.0,False,False
ORD104390,2025-03-24,CUST0318,Karim Ibrahim,Cairo,SMB,Clothing,Jeans,1,750.34,10.0,675.31,313.39,361.92,Mobile Wallet,In-store,Omar F.,0,2.0,True,False
ORD105139,2025-08-03,CUST0030,Mona Abdel Rahman,Cairo,Consumer,Electronics,Power Bank,1,641.98,0.0,641.98,341.86,300.12,Installment,In-store,Mona K.,0,2.0,False,False
ORD101499,2023-11-21,CUST0014,Rania Hassan,Alexandria,Consumer,Beauty,Hair Dryer,1,935.73,25.0,701.8,449.65,252.15,Cash,In-store,Khaled T.,0,4.0,True,False
ORD101309,2023-10-05,CUST0352,Sara Sherif,Mansoura,Consumer,Clothing,Hoodie,1,612.07,0.0,612.07,304.68,307.39,Cash,In-store,Omar F.,0,4.0,False,False
ORD104907,2025-06-17,CUST0268,Heba Khalil,,SMB,Beauty,Skincare Set,2,777.44,0.0,1554.88,734.02,820.86,Installment,Online,Sara M.,1,4.0,False,False
ORD100526,2023-04-09,CUST0478,Tarek Khalil,Giza,Consumer,Beauty,Skincare Set,3,850.3,0.0,2550.9,1073.01,1477.89,Mobile Wallet,Phone,Youssef A.,0,4.0,False,False
ORD105723,2025-11-16,CUST0335,Mona Abdel Rahman,Cairo,Consumer,Electronics,Phone Case,1,244.54,0.0,244.54,87.37,157.17,Mobile Wallet,Online,Omar F.,5,5.0,False,False
ORD103515,2024-11-27,CUST0585,Hassan Abdel Rahman,Tanta,Consumer,Electronics,Bluetooth Speaker,1,967.37,20.0,773.9,551.99,221.91,Cash,Online,Youssef A.,1,5.0,True,False
ORD101853,2024-01-22,CUST0272,Khaled Abdel Rahman,Giza,Consumer,Electronics,Bluetooth Speaker,1,1016.42,0.0,1016.42,547.77,468.65,Mobile Wallet,In-store,Mona K.,0,4.0,False,False
ORD101330,2023-10-11,CUST0466,Nourhan Hassan,Alexandria,Consumer,Home & Kitchen,Blender,2,1076.3,0.0,2152.6,1245.58,907.02,Card,Phone,Nourhan S.,0,4.0,False,False
ORD104340,2025-03-18,CUST0146,Karim Ibrahim,Cairo,Consumer,Clothing,Hoodie,1,694.08,0.0,694.08,309.28,384.8,Installment,Online,Mona K.,3,,False,False
ORD104979,2025-06-28,CUST0017,Youssef Farouk,Cairo,Consumer,Home & Kitchen,Cookware Set,1,2234.37,25.0,1675.78,1295.8,379.98,Card,Phone,Youssef A.,0,1.0,True,False
ORD104733,2025-05-17,CUST0445,Mahmoud Aziz,Cairo,Consumer,Beauty,Perfume,1,1209.73,0.0,1209.73,587.58,622.15,Card,Online,,5,5.0,False,False
ORD103320,2024-10-26,CUST0504,Heba Mostafa,Mansoura,Consumer,Electronics,Wireless Earbuds,1,1176.45,0.0,1176.45,759.9,416.55,Mobile Wallet,Online,,5,5.0,False,False
ORD105990,2025-12-18,CUST0007,Youssef Abdel Rahman,Mansoura,SMB,Electronics,Power Bank,2,577.79,0.0,1155.58,681.0,474.58,Installment,Online,,2,2.0,False,False
ORD102207,2024-03-19,CUST0341,Heba El-Sayed,alexandria,Enterprise,Groceries,Coffee 250g,1,192.59,0.0,192.59,99.28,93.31,Cash,Online,,4,3.0,False,False
ORD104810,2025-05-31,CUST0318,Karim Ibrahim,Cairo,SMB,Beauty,Makeup Kit,1,563.38,0.0,563.38,247.35,316.03,Mobile Wallet,Online,Khaled T.,1,,False,False
ORD102781,2024-06-28,CUST0552,Heba Khalil,Aswan,Consumer,Home & Kitchen,Air Fryer,1,2935.86,0.0,2935.86,1757.99,1177.87,Mobile Wallet,Online,,5,,False,False
ORD102428,2024-04-24,CUST0286,Tarek Aziz,Giza,SMB,Electronics,Power Bank,3,565.82,0.0,1697.46,1068.9,628.56,Card,In-store,Nourhan S.,0,,False,False
ORD104032,2025-02-11,CUST0244,Youssef Aziz,Tanta,Consumer,Groceries,Olive Oil 1L,1,299.49,0.0,299.49,178.63,120.86,Cash,In-store,Khaled T.,0,3.0,False,False
ORD104054,2025-02-14,CUST0226,Adel El-Sayed,Alexandria,SMB,Sports,Yoga Mat,1,459.22,0.0,459.22,221.39,237.83,Mobile Wallet,In-store,Khaled T.,0,4.0,False,False
ORD101861,2024-01-24,CUST0182,Nourhan Mostafa,alexandria,Consumer,Beauty,Perfume,1,1248.59,0.0,1248.59,577.59,671.0,Card,Online,Nourhan S.,3,2.0,False,False
ORD100461,2023-04-01,CUST0586,Mona Ibrahim,Alexandria,Consumer,Beauty,Makeup Kit,1,630.3,0.0,630.3,239.07,391.23,Cash,Online,,3,5.0,False,False
ORD104764,2025-05-23,CUST0282,Youssef El-Sayed,Cairo,Consumer,Electronics,Bluetooth Speaker,1,1000.44,0.0,1000.44,557.01,443.43,Mobile Wallet,Online,,3,5.0,False,False
ORD101458,2023-11-10,CUST0418,Nada Mostafa,Cairo,Consumer,Clothing,Women's Dress,2,882.25,0.0,1764.5,830.44,934.06,Card,In-store,Khaled T.,0,5.0,False,False
ORD103115,2024-09-15,CUST0404,Khaled Abdel Rahman,Cairo,Consumer,Clothing,Sneakers,1,1353.65,0.0,1353.65,703.4,650.25,Cash,Online,Omar F.,4,1.0,False,False
ORD102793,2024-07-01,CUST0004,Adel Mahmoud,Giza,Consumer,Electronics,Phone Case,1,236.88,0.0,236.88,88.52,148.36,Cash,Online,,2,4.0,False,False
ORD105332,2025-09-13,CUST0320,Youssef Ibrahim,Alexandria,Consumer,Beauty,Skincare Set,1,819.9,0.0,819.9,353.86,466.04,Installment,Online,Khaled T.,3,4.0,False,False
ORD100417,2023-03-24,CUST0415,Laila Farouk,Cairo,Consumer,Home & Kitchen,Coffee Maker,1,1392.82,0.0,1392.82,887.19,505.63,Cash,Online,,1,5.0,False,False
ORD103778,2025-01-04,CUST0325,Khaled Farouk,Giza,Consumer,Home & Kitchen,Blender,1,1023.58,0.0,1023.58,597.04,426.54,Mobile Wallet,Online,Omar F.,1,3.0,False,False
ORD103350,2024-11-02,CUST0342,Mahmoud Hassan,Mansoura,Consumer,Electronics,Wireless Earbuds,3,1183.47,0.0,3550.41,2157.93,1392.48,Card,Online,Khaled T.,1,2.0,False,False
ORD101574,2023-11-27,CUST0396,Youssef Aziz,Cairo,Consumer,Home & Kitchen,Coffee Maker,1,1539.17,20.0,1231.34,849.78,381.56,Cash,In-store,Sara M.,0,4.0,True,False
ORD105559,2025-10-22,CUST0417,Nourhan El-Sayed,Tanta,Consumer,Clothing,Hoodie,1,664.22,0.0,664.22,313.62,350.6,Card,Online,Youssef A.,2,3.0,False,False
ORD105203,2025-08-17,CUST0176,Dina Abdel Rahman,Giza,SMB,Clothing,Hoodie,1,653.47,5.0,620.8,285.54,335.26,Cash,Online,Khaled T.,2,3.0,True,False
ORD104594,2025-04-22,CUST0514,Mona Mahmoud,Giza,SMB,Groceries,Coffee 250g,1,175.11,0.0,175.11,104.75,70.36,Mobile Wallet,In-store,Mona K.,0,4.0,False,False
ORD104800,2025-05-29,CUST0394,Karim Mostafa,Alexandria,SMB,Clothing,Men's T-Shirt,1,336.45,0.0,336.45,151.54,184.91,Card,In-store,Khaled T.,0,3.0,False,False
ORD101814,2024-01-15,CUST0480,Amr Khalil,Cairo,SMB,Electronics,Smart Watch,1,3409.2,0.0,3409.2,2015.88,1393.32,Mobile Wallet,Online,,4,4.0,False,False
ORD105044,2025-07-14,CUST0414,Youssef Hassan,Alexandria,SMB,Sports,Running Shoes,1,1528.16,0.0,1528.16,814.2,713.96,Mobile Wallet,Online,Sara M.,1,4.0,False,False
ORD101129,2023-08-26,CUST0468,Laila Sherif,Alexandria,Enterprise,Electronics,Bluetooth Speaker,1,958.43,0.0,958.43,562.15,396.28,Card,Online,Sara M.,1,3.0,False,False
ORD105424,2025-09-28,CUST0220,Ahmed Hassan,Tanta,SMB,Clothing,Jeans,1,784.45,0.0,784.45,333.76,450.69,Cash,In-store,Youssef A.,0,5.0,False,False
ORD102091,2024-03-05,CUST0449,Laila Aziz,Alexandria,Consumer,Sports,Dumbbell Set,2,1725.84,0.0,3451.68,2250.66,1201.02,Cash,In-store,Nourhan S.,0,4.0,False,False
ORD100095,2023-01-22,CUST0211,Adel Sherif,Mansoura,SMB,Groceries,Coffee 250g,3,175.45,0.0,526.35,300.84,225.51,Installment,Phone,Khaled T.,0,2.0,False,False
ORD105451,2025-10-03,CUST0576,Heba Aziz,Cairo,Consumer,Electronics,Phone Case,1,252.76,0.0,252.76,91.11,161.65,Card,Online,Khaled T.,0,5.0,False,False
ORD105258,2025-08-30,CUST0514,Mona Mahmoud,Giza,SMB,Clothing,Hoodie,2,646.28,0.0,1292.56,578.52,714.04,Card,In-store,Khaled T.,0,4.0,False,False
ORD101386,2023-10-25,CUST0585,Hassan Abdel Rahman,Tanta,Consumer,Sports,Yoga Mat,1,446.58,0.0,446.58,228.8,217.78,Installment,Online,Youssef A.,2,4.0,False,False
ORD105309,2025-09-08,CUST0491,Tarek Khalil,Alexandria,Consumer,Electronics,Smart Watch,3,3777.29,0.0,11331.87,6550.68,4781.19,Mobile Wallet,In-store,Youssef A.,0,4.0,False,False
ORD104460,2025-03-31,CUST0244,Youssef Aziz,Tanta,Consumer,Sports,Yoga Mat,2,459.88,0.0,919.76,448.08,471.68,Installment,Online,,2,4.0,False,False
ORD104128,2025-02-22,CUST0414,Youssef Hassan,alexandria,SMB,Groceries,Olive Oil 1L,2,294.73,0.0,589.46,350.36,239.1,Cash,In-store,Mona K.,0,2.0,False,False
ORD101754,2024-01-01,CUST0100,Hassan Abdel Rahman,Mansoura,SMB,Sports,Dumbbell Set,2,1716.22,0.0,3432.44,2163.52,1268.92,Cash,Online,,1,3.0,False,False
ORD104381,2025-03-23,CUST0466,Nourhan Hassan,Alexandria,Consumer,Sports,Yoga Mat,1,438.06,0.0,438.06,227.4,210.66,Cash,Online,Mona K.,0,2.0,False,False
ORD101212,2023-09-14,CUST0291,Rania Abdel Rahman,Cairo,SMB,Groceries,Olive Oil 1L,2,282.26,0.0,564.52,370.3,194.22,Card,Online,,3,5.0,False,False
ORD101796,2024-01-10,CUST0036,Heba Mahmoud,Alexandria,Consumer,Sports,Running Shoes,1,1668.21,5.0,1584.8,858.51,726.29,Card,Online,,0,4.0,True,False
ORD100950,2023-07-02,CUST0051,Yasmin El-Sayed,Cairo,Enterprise,Clothing,Men's T-Shirt,2,338.88,0.0,677.76,289.78,387.98,Mobile Wallet,In-store,Sara M.,0,5.0,False,False
ORD104527,2025-04-11,CUST0256,Nada Farouk,Cairo,Consumer,Electronics,Phone Case,1,237.6,25.0,178.2,92.78,85.42,Cash,In-store,Mona K.,0,4.0,True,False
ORD100268,2023-03-03,CUST0498,Dina Ibrahim,Alexandria,Consumer,Beauty,Makeup Kit,1,580.95,0.0,580.95,242.21,338.74,Card,Online,,2,4.0,False,False
ORD105669,2025-11-08,CUST0210,Dina Sherif,Alexandria,Consumer,Beauty,Hair Dryer,1,897.18,0.0,897.18,466.01,431.17,Card,In-store,Khaled T.,0,4.0,False,False
ORD104375,2025-03-22,CUST0301,Laila Sherif,Giza,Consumer,Clothing,Women's Dress,3,859.25,0.0,2577.75,1213.23,1364.52,Cash,Online,Sara M.,1,4.0,False,False
ORD100114,2023-01-26,CUST0416,Sara Khalil,Giza,SMB,Home & Kitchen,Coffee Maker,1,1602.99,25.0,1202.24,840.42,361.82,Mobile Wallet,Online,,4,5.0,True,False
ORD102772,2024-06-27,CUST0521,Salma Farouk,Giza,Consumer,Electronics,Power Bank,5,607.02,0.0,3035.1,1777.35,1257.75,Mobile Wallet,Online,Khaled T.,4,3.0,False,False
ORD105241,2025-08-26,CUST0010,Mona Farouk,Cairo,Consumer,Beauty,Skincare Set,1,794.37,0.0,794.37,333.69,460.68,Cash,Online,Sara M.,1,5.0,False,False
ORD104014,2025-02-09,CUST0343,Omar Abdel Rahman,Giza,Consumer,Groceries,Honey Jar,1,301.8,0.0,301.8,200.1,101.7,Cash,Online,,2,1.0,False,False
ORD100865,2023-06-09,CUST0118,Khaled Mahmoud,Aswan,SMB,Beauty,Hair Dryer,1,835.51,0.0,835.51,469.77,365.74,Card,Online,Mona K.,1,3.0,False,False
ORD103547,2024-11-29,CUST0403,Dina Aziz,Cairo,Consumer,Clothing,Hoodie,1,637.96,10.0,574.16,314.57,259.59,Card,In-store,Mona K.,0,5.0,True,False
ORD102383,2024-04-14,CUST0348,Nourhan Ibrahim,Mansoura,Consumer,Home & Kitchen,Cookware Set,1,2273.38,0.0,2273.38,1363.84,909.54,Mobile Wallet,Online,Sara M.,5,5.0,False,False
ORD100808,2023-05-26,CUST0113,Omar Sherif,Cairo,Consumer,Sports,Running Shoes,2,1493.48,0.0,2986.96,1702.84,1284.12,Cash,In-store,Sara M.,0,5.0,False,False
ORD104978,2025-06-28,CUST0407,Tarek Abdel Rahman,Aswan,Consumer,Beauty,Perfume,1,1356.09,0.0,1356.09,588.54,767.55,Installment,In-store,Khaled T.,0,2.0,False,False
ORD104313,2025-03-15,CUST0103,Adel Sherif,Giza,Consumer,Electronics,Phone Case,2,251.22,0.0,502.44,188.46,313.98,Card,Online,Youssef A.,2,5.0,False,False
ORD103388,2024-11-11,CUST0228,Karim Sherif,Alexandria,SMB,Groceries,Coffee 250g,1,170.18,0.0,170.18,96.94,73.24,Mobile Wallet,In-store,Mona K.,0,3.0,False,False
ORD104420,2025-03-27,CUST0151,Youssef Ibrahim,Cairo,Consumer,Clothing,Men's T-Shirt,2,360.89,0.0,721.78,308.4,413.38,Mobile Wallet,Online,Youssef A.,3,4.0,False,False
ORD101307,2023-10-05,CUST0218,Yasmin El-Sayed,Tanta,Consumer,Beauty,Hair Dryer,1,950.82,0.0,950.82,459.39,491.43,Card,Online,Nourhan S.,0,,False,False
ORD103309,2024-10-24,CUST0555,Heba Mahmoud,Cairo,SMB,Groceries,Honey Jar,1,317.59,0.0,317.59,202.81,114.78,Installment,Online,Khaled T.,2,,False,False
ORD104912,2025-06-18,CUST0219,Youssef Ibrahim,,SMB,Electronics,Bluetooth Speaker,1,936.48,0.0,936.48,552.78,383.7,Cash,In-store,Mona K.,0,5.0,False,False
ORD105352,2025-09-15,CUST0159,Mona Sherif,Alexandria,SMB,Clothing,Sneakers,1,1338.45,0.0,1338.45,668.47,669.98,Mobile Wallet,In-store,Khaled T.,0,4.0,False,False
ORD103226,2024-10-08,CUST0396,Youssef Aziz,Cairo,Consumer,Electronics,Bluetooth Speaker,2,876.53,0.0,1753.06,1081.36,671.7,Installment,In-store,Omar F.,0,4.0,False,False
ORD103431,2024-11-19,CUST0560,Sara El-Sayed,Cairo,SMB,Home & Kitchen,Coffee Maker,2,1466.35,0.0,2932.7,1677.02,1255.68,Card,Online,Omar F.,5,,False,False
ORD100514,2023-04-08,CUST0150,Karim Farouk,Alexandria,Enterprise,Electronics,Wireless Earbuds,1,1220.68,0.0,1220.68,742.05,478.63,Card,In-store,Khaled T.,0,3.0,False,False
ORD102167,2024-03-14,CUST0397,Tarek El-Sayed,Alexandria,SMB,Home & Kitchen,Air Fryer,1,2856.99,0.0,2856.99,1649.9,1207.09,Mobile Wallet,Online,Mona K.,7,3.0,False,False
ORD101609,2023-12-02,CUST0315,Ahmed El-Sayed,Alexandria,SMB,Groceries,Honey Jar,1,341.59,0.0,341.59,208.33,133.26,Card,Online,Mona K.,1,3.0,False,False
ORD101488,2023-11-20,CUST0536,Karim El-Sayed,Giza,Consumer,Groceries,Coffee 250g,1,184.83,20.0,147.86,95.59,52.27,Card,Online,Khaled T.,5,2.0,True,False
ORD102654,2024-06-05,CUST0156,Youssef Khalil,Tanta,Consumer,Home & Kitchen,Vacuum Cleaner,1,2987.49,0.0,2987.49,1959.31,1028.18,Cash,In-store,Mona K.,0,5.0,False,False
ORD104358,2025-03-20,CUST0428,Yasmin Ibrahim,Alexandria,Consumer,Sports,Football,3,364.2,0.0,1092.6,546.45,546.15,Card,Online,,0,4.0,False,False
ORD104717,2025-05-15,CUST0411,Rania Mostafa,Giza,Consumer,Clothing,Jeans,1,748.05,0.0,748.05,329.76,418.29,Card,Online,,5,4.0,False,False
ORD104047,2025-02-14,CUST0341,Heba El-Sayed,Alexandria,Enterprise,Beauty,Perfume,1,1217.8,0.0,1217.8,584.57,633.23,Mobile Wallet,Phone,Nourhan S.,0,5.0,False,False
ORD101639,2023-12-08,CUST0113,Omar Sherif,cairo,Consumer,Groceries,Coffee 250g,2,189.24,0.0,378.48,203.0,175.48,Mobile Wallet,In-store,Sara M.,0,5.0,False,False
ORD105106,2025-07-28,CUST0036,Heba Mahmoud,alexandria,Consumer,Home & Kitchen,Air Fryer,2,2764.51,0.0,5529.02,3327.84,2201.18,Card,Online,Nourhan S.,1,4.0,False,False
ORD100533,2023-04-11,CUST0288,Ahmed Abdel Rahman,Cairo,SMB,Home & Kitchen,Cookware Set,2,2321.99,0.0,4643.98,2503.14,2140.84,Cash,In-store,Youssef A.,0,1.0,False,False
ORD106012,2025-12-22,CUST0575,Adel Ibrahim,,SMB,Groceries,Rice 5kg,1,210.33,0.0,210.33,147.15,63.18,Mobile Wallet,Online,Khaled T.,2,5.0,False,False
ORD103242,2024-10-11,CUST0382,Heba Khalil,Giza,Consumer,Clothing,Sneakers,1,1345.96,0.0,1345.96,708.35,637.61,Mobile Wallet,In-store,Youssef A.,0,1.0,False,False
ORD100842,2023-06-03,CUST0418,Nada Mostafa,Cairo,Consumer,Home & Kitchen,Cookware Set,1,2024.47,0.0,2024.47,1277.1,747.37,Installment,In-store,Youssef A.,0,5.0,False,False
ORD101413,2023-10-29,CUST0512,Nada Aziz,Mansoura,Consumer,Clothing,Hoodie,1,602.25,0.0,602.25,314.08,288.17,Cash,In-store,Sara M.,0,1.0,False,False
ORD101895,2024-01-29,CUST0189,Khaled Sherif,Alexandria,Enterprise,Home & Kitchen,Cookware Set,1,2078.44,0.0,2078.44,1242.18,836.26,Card,Online,Khaled T.,0,5.0,False,False
ORD103949,2025-02-02,CUST0080,Amr Abdel Rahman,Alexandria,SMB,Home & Kitchen,Vacuum Cleaner,1,3145.47,0.0,3145.47,1872.99,1272.48,Mobile Wallet,In-store,Youssef A.,0,3.0,False,False
ORD104175,2025-02-28,CUST0162,Ahmed Aziz,Giza,Enterprise,Groceries,Olive Oil 1L,5,293.91,0.0,1469.55,914.65,554.9,Cash,In-store,Youssef A.,0,5.0,False,False
ORD102243,2024-03-23,CUST0206,Ahmed Farouk,Tanta,SMB,Groceries,Rice 5kg,1,211.81,15.0,180.04,147.6,32.44,Installment,Online,Khaled T.,2,4.0,True,False
ORD105621,2025-10-31,CUST0307,Ahmed Farouk,Mansoura,Consumer,Sports,Yoga Mat,1,478.33,0.0,478.33,213.34,264.99,Card,In-store,Khaled T.,0,3.0,False,False
ORD101434,2023-11-02,CUST0060,Hassan Sherif,Giza,SMB,Electronics,Wireless Earbuds,1,1257.11,0.0,1257.11,774.94,482.17,Card,In-store,Youssef A.,0,3.0,False,False
ORD100607,2023-04-20,CUST0039,Amr Farouk,Mansoura,Consumer,Home & Kitchen,Air Fryer,1,2862.74,0.0,2862.74,1699.12,1163.62,Mobile Wallet,Online,,1,5.0,False,False
ORD101521,2023-11-23,CUST0308,Nada Hassan,cairo,SMB,BEAUTY,Perfume,3,1309.41,25.0,2946.17,1820.76,1125.41,Cash,In-store,Youssef A.,0,5.0,True,False
ORD105504,2025-10-12,CUST0033,Yasmin El-Sayed,Tanta,Consumer,Groceries,Coffee 250g,1,186.59,0.0,186.59,99.22,87.37,Mobile Wallet,Online,Sara M.,5,5.0,False,False
ORD106044,2025-12-29,CUST0448,Laila Abdel Rahman,Cairo,Consumer,Home & Kitchen,Blender,1,1182.65,0.0,1182.65,588.3,594.35,Card,In-store,,0,2.0,False,False
ORD102832,2024-07-12,CUST0463,Laila Khalil,Alexandria,Consumer,Electronics,Bluetooth Speaker,2,915.67,0.0,1831.34,1100.34,731.0,Card,In-store,Mona K.,0,5.0,False,False
ORD102716,2024-06-16,CUST0236,Sara Sherif,Cairo,SMB,Clothing,Men's T-Shirt,1,329.49,0.0,329.49,148.54,180.95,Card,Phone,Youssef A.,0,4.0,False,False
ORD103803,2025-01-08,CUST0498,Dina Ibrahim,Alexandria,Consumer,Beauty,Skincare Set,1,858.25,0.0,858.25,358.17,500.08,Mobile Wallet,In-store,Mona K.,0,4.0,False,False
ORD101657,2023-12-12,CUST0388,Nourhan Hassan,Mansoura,SMB,Electronics,Wireless Earbuds,1,1271.83,0.0,1271.83,758.88,512.95,Cash,Phone,Mona K.,0,5.0,False,False
ORD105243,2025-08-26,CUST0424,Nourhan Sherif,Giza,SMB,Clothing,Women's Dress,2,968.39,0.0,1936.78,835.2,1101.58,Cash,In-store,Omar F.,0,5.0,False,False
ORD103595,2024-12-05,CUST0207,Dina Abdel Rahman,Alexandria,SMB,Beauty,Makeup Kit,1,629.64,0.0,629.64,247.74,381.9,Card,Online,Nourhan S.,7,5.0,False,False
ORD105593,2025-10-27,CUST0409,Ahmed Farouk,,Consumer,Electronics,Wireless Earbuds,2,1117.18,0.0,2234.36,1442.28,792.08,Card,Online,Youssef A.,2,5.0,False,False
ORD101011,2023-07-20,CUST0482,Yasmin El-Sayed,Mansoura,SMB,Groceries,Rice 5kg,3,223.21,0.0,669.63,432.96,236.67,Installment,In-store,Nourhan S.,0,5.0,False,False
ORD103447,2024-11-21,CUST0286,Tarek Aziz,giza,SMB,Electronics,Bluetooth Speaker,1,910.59,10.0,819.53,558.12,261.41,Cash,In-store,Khaled T.,0,1.0,True,False
ORD101672,2023-12-16,CUST0389,Adel Aziz,Giza,Enterprise,Electronics,Bluetooth Speaker,1,921.86,0.0,921.86,570.35,351.51,Mobile Wallet,Online,Khaled T.,0,5.0,False,False
ORD104522,2025-04-09,CUST0512,Nada Aziz,Mansoura,Consumer,Electronics,Wireless Earbuds,2,1138.24,0.0,2276.48,1497.82,778.66,Mobile Wallet,In-store,Khaled T.,0,1.0,False,False
ORD104258,2025-03-09,CUST0597,Adel Farouk,Mansoura,Consumer,Beauty,Perfume,5,1303.29,0.0,6516.45,3148.3,3368.15,Cash,Online,Mona K.,1,4.0,False,False
ORD103366,2024-11-07,CUST0449,Laila Aziz,Alexandria,Consumer,Sports,Yoga Mat,1,454.58,0.0,454.58,214.94,239.64,Cash,Online,,0,5.0,False,False
ORD103722,2024-12-29,CUST0337,Yasmin Ibrahim,Cairo,SMB,Groceries,Olive Oil 1L,2,278.67,0.0,557.34,375.3,182.04,Mobile Wallet,Online,Sara M.,4,4.0,False,False
ORD103153,2024-09-23,CUST0341,Heba El-Sayed,Alexandria,Enterprise,Home & Kitchen,Coffee Maker,2,1500.55,0.0,3001.1,1693.72,1307.38,Mobile Wallet,Online,Khaled T.,2,4.0,False,False
ORD102722,2024-06-16,CUST0480,Amr Khalil,Cairo,SMB,Sports,Yoga Mat,2,475.89,0.0,951.78,448.92,502.86,Cash,Online,Sara M.,3,4.0,False,False
ORD101725,2023-12-28,CUST0006,Sara Khalil,Tanta,Consumer,Sports,Dumbbell Set,1,1689.24,15.0,1435.85,1059.0,376.85,Card,In-store,Sara M.,0,3.0,True,False
ORD104249,2025-03-08,CUST0068,Mona Sherif,Cairo,SMB,Home & Kitchen,Cookware Set,1,2374.54,0.0,2374.54,1304.9,1069.64,Card,Online,,3,5.0,False,False
ORD100003,2023-01-01,CUST0558,Omar Ibrahim,Cairo,Consumer,Home & Kitchen,Vacuum Cleaner,1,3009.97,0.0,3009.97,1883.42,1126.55,Cash,Online,,3,1.0,False,False
ORD101392,2023-10-26,CUST0323,Khaled Farouk,Cairo,SMB,Home & Kitchen,Coffee Maker,1,1567.9,0.0,1567.9,864.69,703.21,Mobile Wallet,In-store,Youssef A.,0,5.0,False,False
ORD105873,2025-11-29,CUST0200,Heba Farouk,Mansoura,Consumer,Beauty,Perfume,2,1394.4,5.0,2649.36,1170.16,1479.2,Mobile Wallet,Online,,3,5.0,True,False
ORD100298,2023-03-08,CUST0273,Adel Khalil,Tanta,Enterprise,Home & Kitchen,Vacuum Cleaner,1,3044.34,0.0,3044.34,1984.32,1060.02,Cash,Phone,Khaled T.,0,5.0,False,False
ORD103782,2025-01-05,CUST0438,Ahmed Farouk,Mansoura,Consumer,Beauty,Skincare Set,1,743.23,0.0,743.23,348.16,395.07,Cash,Online,Nourhan S.,4,3.0,False,False
ORD104163,2025-02-26,CUST0537,Nourhan Hassan,Cairo,Consumer,Clothing,Sneakers,1,1413.36,0.0,1413.36,691.11,722.25,Mobile Wallet,Online,Sara M.,2,3.0,False,False
ORD100975,2023-07-10,CUST0016,Nada Aziz,Mansoura,Consumer,Electronics,Wireless Earbuds,1,1194.22,0.0,1194.22,741.28,452.94,Card,Online,Khaled T.,1,4.0,False,False
ORD105985,2025-12-17,CUST0137,Laila Mahmoud,Aswan,Consumer,Electronics,Wireless Earbuds,1,1168.67,0.0,1168.67,776.4,392.27,Mobile Wallet,Online,,1,4.0,False,False
ORD100560,2023-04-13,CUST0094,Sara Mahmoud,Alexandria,Consumer,Home & Kitchen,Blender,1,57928.5,0.0,57928.5,574.34,584.23,Cash,Online,,3,1.0,False,False
ORD101660,2023-12-13,CUST0299,Rania Khalil,Cairo,Enterprise,Electronics,Bluetooth Speaker,2,878.85,0.0,1757.7,1110.34,647.36,Cash,Online,,1,5.0,False,False
ORD100516,2023-04-08,CUST0576,Heba Aziz,Cairo,Consumer,Clothing,Hoodie,1,651.55,0.0,651.55,289.96,361.59,Card,Phone,Omar F.,0,4.0,False,False
ORD103191,2024-09-29,CUST0459,Amr Ibrahim,Tanta,Consumer,Home & Kitchen,Coffee Maker,2,1470.45,0.0,2940.9,1757.92,1182.98,Mobile Wallet,Online,Mona K.,2,5.0,False,False
ORD103397,2024-11-12,CUST0197,Youssef Sherif,Giza,Consumer,Clothing,Jeans,1,777.37,0.0,777.37,327.75,449.62,Mobile Wallet,Online,Khaled T.,7,3.0,False,False
ORD105551,2025-10-20,CUST0424,Nourhan Sherif,Giza,SMB,Clothing,Men's T-Shirt,1,357.31,0.0,357.31,155.65,201.66,Cash,Phone,Youssef A.,0,4.0,False,False
ORD100993,2023-07-15,CUST0036,Heba Mahmoud,Alexandria,Consumer,Clothing,Hoodie,2,621.61,0.0,1243.22,603.2,640.02,Card,Phone,Sara M.,0,5.0,False,False
ORD105202,2025-08-17,CUST0322,Nourhan Ibrahim,Giza,Consumer,Beauty,Skincare Set,1,772.64,0.0,772.64,348.18,424.46,Cash,In-store,Nourhan S.,0,5.0,False,False
ORD104645,2025-05-02,CUST0259,Omar Farouk,Giza,Consumer,Beauty,Skincare Set,1,801.77,0.0,801.77,336.98,464.79,Mobile Wallet,In-store,Youssef A.,0,5.0,False,False
ORD102632,2024-06-01,CUST0137,Laila Mahmoud,Aswan,Consumer,Electronics,Power Bank,3,583.75,0.0,1751.25,1088.67,662.58,Card,Phone,Mona K.,0,5.0,False,False
ORD102193,2024-03-18,CUST0106,Nada Aziz,Cairo,SMB,CLOTHING,Men's T-Shirt,1,373.69,0.0,373.69,156.12,217.57,Card,In-store,Youssef A.,0,4.0,False,False
ORD101216,2023-09-16,CUST0408,Khaled Aziz,Giza,Consumer,Electronics,Phone Case,1,239.41,0.0,239.41,90.55,148.86,Installment,In-store,Mona K.,0,5.0,False,False
ORD100251,2023-02-28,CUST0493,Ahmed Khalil,Cairo,SMB,Beauty,Makeup Kit,1,590.09,0.0,590.09,248.28,341.81,Card,Online,,3,1.0,False,False
ORD105775,2025-11-22,CUST0415,Laila Farouk,Cairo,Consumer,Beauty,Skincare Set,1,836.35,20.0,669.08,343.72,325.36,Mobile Wallet,In-store,Omar F.,0,4.0,True,False
ORD103487,2024-11-24,CUST0326,Khaled Sherif,Cairo,Consumer,Beauty,Hair Dryer,1,876.35,20.0,701.08,460.07,241.01,Card,Online,,3,5.0,True,False
ORD103091,2024-09-11,CUST0209,Mona Mostafa,Alexandria,SMB,Clothing,Women's Dress,2,836.87,0.0,1673.74,769.0,904.74,Card,In-store,Nourhan S.,0,4.0,False,False
ORD105248,2025-08-27,CUST0322,Nourhan Ibrahim,Giza,Consumer,Sports,Yoga Mat,1,470.53,25.0,352.9,230.81,122.09,Card,Online,Youssef A.,0,4.0,True,False
ORD101682,2023-12-20,CUST0475,Khaled Sherif,Tanta,SMB,Electronics,Power Bank,1,635.38,0.0,635.38,359.58,275.8,Cash,Online,,4,5.0,False,False
ORD103045,2024-09-04,CUST0311,Amr Aziz,Cairo,Consumer,Home & Kitchen,Coffee Maker,1,1505.44,0.0,1505.44,892.17,613.27,Card,Online,Omar F.,4,5.0,False,False
ORD103306,2024-10-23,CUST0309,Nourhan El-Sayed,Giza,SMB,Beauty,Skincare Set,1,841.91,0.0,841.91,343.42,498.49,Card,In-store,Omar F.,0,2.0,False,False
ORD102296,2024-03-30,CUST0576,Heba Aziz,Cairo,Consumer,Groceries,Coffee 250g,1,189.23,0.0,189.23,101.33,87.9,Card,In-store,Khaled T.,0,2.0,False,False
ORD100296,2023-03-07,CUST0007,Youssef Abdel Rahman,Mansoura,SMB,Clothing,Women's Dress,1,839.81,0.0,839.81,391.94,447.87,Card,Online,,2,5.0,False,False
ORD101088,2023-08-12,CUST0302,Sara Sherif,Giza,Consumer,Electronics,Wireless Earbuds,1,1292.5,0.0,1292.5,767.32,525.18,Card,In-store,Khaled T.,0,4.0,False,False
ORD102371,2024-04-12,CUST0538,Sara Ibrahim,Giza,SMB,Clothing,Hoodie,2,614.82,0.0,1229.64,581.82,647.82,Card,In-store,Khaled T.,0,5.0,False,False
ORD105002,2025-07-05,CUST0208,Khaled Mostafa,Cairo,Enterprise,Sports,Running Shoes,1,1586.18,0.0,1586.18,866.57,719.61,Card,Phone,Omar F.,0,5.0,False,False
ORD104757,2025-05-21,CUST0055,Youssef Ibrahim,Alexandria,Consumer,Home & Kitchen,Air Fryer,1,2799.7,5.0,2659.71,1755.0,904.71,Card,In-store,Youssef A.,0,3.0,True,False
ORD100924,2023-06-26,CUST0544,Salma Mahmoud,mansoura,Enterprise,Home & Kitchen,Vacuum Cleaner,1,3202.09,0.0,3202.09,1905.07,1297.02,Card,In-store,Mona K.,0,5.0,False,False
ORD104719,2025-05-15,CUST0489,Amr Sherif,Cairo,SMB,Electronics,Smart Watch,1,3414.52,0.0,3414.52,2141.34,1273.18,Card,In-store,Omar F.,0,2.0,False,False
ORD102577,2024-05-24,CUST0215,Rania Mahmoud,Tanta,Consumer,Beauty,Hair Dryer,2,943.37,5.0,1792.4,878.04,914.36,Mobile Wallet,In-store,Sara M.,0,5.0,True,False
ORD103066,2024-09-07,CUST0592,Mona Aziz,Giza,Consumer,Sports,Running Shoes,1,1726.35,0.0,1726.35,881.55,844.8,Cash,Online,,1,4.0,False,False
ORD100708,2023-05-06,CUST0113,Omar Sherif,Cairo,Consumer,Clothing,Sneakers,1,1468.1,0.0,1468.1,714.88,753.22,Card,Online,,3,3.0,False,False
ORD105439,2025-10-01,CUST0092,Yasmin Sherif,Giza,Consumer,Sports,Yoga Mat,1,470.91,0.0,470.91,211.52,259.39,Cash,Phone,Khaled T.,0,4.0,False,False
ORD101493,2023-11-20,CUST0581,Tarek El-Sayed,Mansoura,Consumer,Home & Kitchen,Cookware Set,1,2253.81,5.0,2141.12,1276.58,864.54,Card,In-store,Omar F.,0,4.0,True,False
ORD105820,2025-11-26,CUST0240,Salma Ibrahim,Mansoura,SMB,Sports,Football,1,356.54,20.0,285.23,177.12,108.11,Cash,Online,Nourhan S.,2,2.0,True,False
ORD104070,2025-02-16,CUST0512,Nada Aziz,Mansoura,Consumer,Sports,Dumbbell Set,1,1747.99,0.0,-1747.99,1078.13,-669.86,Mobile Wallet,Online,,3,5.0,False,True
ORD101570,2023-11-27,CUST0279,Adel Abdel Rahman,Mansoura,Enterprise,Electronics,Phone Case,2,269.74,10.0,485.53,183.48,302.05,Card,Online,Mona K.,5,4.0,True,False
ORD101150,2023-09-01,CUST0316,Amr Ibrahim,Alexandria,SMB,Electronics,Wireless Earbuds,1,1226.62,0.0,1226.62,724.58,502.04,Mobile Wallet,In-store,Mona K.,0,3.0,False,False
ORD104894,2025-06-14,CUST0077,Hassan Farouk,Cairo,Consumer,Home & Kitchen,Vacuum Cleaner,1,3191.57,0.0,3191.57,1828.97,1362.6,Cash,In-store,Youssef A.,0,4.0,False,False
ORD104268,2025-03-10,CUST0504,Heba Mostafa,Mansoura,Consumer,Home & Kitchen,Air Fryer,1,2715.52,0.0,2715.52,1722.57,992.95,Installment,Online,Omar F.,4,4.0,False,False
ORD103676,2024-12-21,CUST0320,Youssef Ibrahim,Alexandria,Consumer,Electronics,Power Bank,2,564.59,0.0,1129.18,675.84,453.34,Mobile Wallet,Online,,0,5.0,False,False
ORD102122,2024-03-08,CUST0568,Mona Farouk,Cairo,Consumer,Electronics,Bluetooth Speaker,2,946.53,0.0,1893.06,1105.1,787.96,Mobile Wallet,In-store,Omar F.,0,,False,False
ORD100938,2023-06-28,CUST0103,Adel Sherif,Giza,Consumer,Clothing,Hoodie,1,700.19,0.0,700.19,290.42,409.77,Card,In-store,,0,2.0,False,False
ORD102807,2024-07-05,CUST0376,Mahmoud Ibrahim,Giza,Consumer,Beauty,Skincare Set,1,834.31,0.0,834.31,339.62,494.69,Mobile Wallet,In-store,Mona K.,0,4.0,False,False
ORD101240,2023-09-22,CUST0077,Hassan Farouk,Cairo,Consumer,Electronics,Wireless Earbuds,1,1266.93,0.0,1266.93,734.66,532.27,Card,Online,,3,3.0,False,False
ORD100833,2023-06-01,CUST0133,Sara Ibrahim,Mansoura,Enterprise,Beauty,Hair Dryer,1,895.76,5.0,850.97,431.69,419.28,Mobile Wallet,Phone,Youssef A.,0,5.0,True,False
ORD102141,2024-03-11,CUST0057,Amr Hassan,Tanta,Consumer,Groceries,Olive Oil 1L,2,295.28,0.0,590.56,357.14,233.42,Cash,Online,Khaled T.,3,4.0,False,False
ORD100232,2023-02-23,CUST0247,Tarek Hassan,Cairo,Consumer,Groceries,Coffee 250g,1,193.8,0.0,193.8,99.21,94.59,Installment,In-store,Khaled T.,0,3.0,False,False
ORD101721,2023-12-27,CUST0024,Amr Mahmoud,Mansoura,SMB,Home & Kitchen,Blender,2,1014.11,0.0,2028.22,1236.84,791.38,Card,Phone,Mona K.,0,5.0,False,False
ORD105974,2025-12-15,CUST0171,Heba Hassan,Aswan,Consumer,Clothing,Sneakers,1,1481.05,0.0,1481.05,713.84,767.21,Mobile Wallet,Phone,Nourhan S.,0,4.0,False,False
ORD101880,2024-01-26,CUST0212,Ahmed Khalil,cairo,Consumer,Groceries,Coffee 250g,2,185.23,0.0,370.46,205.62,164.84,Card,Online,,3,4.0,False,False
ORD105736,2025-11-19,CUST0020,Salma Mostafa,Giza,Consumer,Clothing,Men's T-Shirt,1,372.95,0.0,372.95,154.65,218.3,Cash,In-store,Khaled T.,0,1.0,False,False
ORD100385,2023-03-20,CUST0306,Karim Aziz,Aswan,Consumer,Sports,Running Shoes,1,1613.4,25.0,1210.05,811.79,398.26,Cash,Online,Omar F.,4,4.0,True,False
ORD105242,2025-08-26,CUST0415,Laila Farouk,Cairo,Consumer,Home & Kitchen,Coffee Maker,2,1521.2,0.0,3042.4,1673.12,1369.28,Mobile Wallet,Phone,,0,5.0,False,False
ORD102835,2024-07-12,CUST0018,Adel Mahmoud,Cairo,Consumer,Electronics,Bluetooth Speaker,1,933.0,0.0,933.0,557.82,375.18,Mobile Wallet,Online,Nourhan S.,1,5.0,False,False
ORD102083,2024-03-04,CUST0419,Amr Abdel Rahman,Alexandria,Consumer,Clothing,Hoodie,1,668.17,0.0,668.17,296.35,371.82,Mobile Wallet,Phone,Khaled T.,0,2.0,False,False
ORD101345,2023-10-14,CUST0523,Karim Mostafa,giza,SMB,Home & Kitchen,Coffee Maker,1,1399.36,0.0,1399.36,811.14,588.22,Installment,In-store,Youssef A.,0,5.0,False,False
ORD105364,2025-09-17,CUST0162,Ahmed Aziz,Giza,Enterprise,Home & Kitchen,Cookware Set,1,2249.31,0.0,2249.31,1358.79,890.52,Card,Online,,1,1.0,False,False
ORD101381,2023-10-24,CUST0249,Yasmin Aziz,Alexandria,Consumer,Home & Kitchen,Vacuum Cleaner,1,3370.96,25.0,2528.22,1836.51,691.71,Card,Online,,3,5.0,True,False
ORD104132,2025-02-22,CUST0284,Hassan Mahmoud,Alexandria,Consumer,Sports,Dumbbell Set,2,1894.86,0.0,3789.72,2102.84,1686.88,Installment,In-store,Sara M.,0,,False,False
ORD104574,2025-04-18,CUST0350,Dina Hassan,Alexandria,SMB,Clothing,Jeans,1,785.34,0.0,785.34,305.01,480.33,Mobile Wallet,Online,Nourhan S.,3,2.0,False,False
ORD105035,2025-07-12,CUST0506,Adel Khalil,Mansoura,Consumer,Home & Kitchen,Vacuum Cleaner,1,2961.81,0.0,2961.81,1838.25,1123.56,Cash,Online,Nourhan S.,2,3.0,False,False
ORD103724,2024-12-29,CUST0101,Rania Hassan,Cairo,Consumer,Home & Kitchen,Air Fryer,3,2931.56,0.0,8794.68,5062.38,3732.3,Card,In-store,Mona K.,0,4.0,False,False
ORD102813,2024-07-06,CUST0526,Laila Ibrahim,Giza,Enterprise,Electronics,Bluetooth Speaker,1,934.75,0.0,934.75,545.16,389.59,Mobile Wallet,Phone,Youssef A.,0,5.0,False,False
ORD105209,2025-08-19,CUST0335,Mona Abdel Rahman,Cairo,Consumer,Electronics,Phone Case,1,245.17,0.0,245.17,91.17,154.0,Mobile Wallet,Phone,Omar F.,0,5.0,False,False
ORD101222,2023-09-18,CUST0415,Laila Farouk,Cairo,Consumer,Clothing,Men's T-Shirt,1,369.85,0.0,369.85,153.77,216.08,Installment,Online,,5,3.0,False,False
ORD102176,2024-03-15,CUST0293,Sara Hassan,Cairo,SMB,Electronics,Smart Watch,1,3590.48,0.0,3590.48,2098.43,1492.05,Card,Phone,Sara M.,0,4.0,False,False
ORD103809,2025-01-09,CUST0219,Youssef Ibrahim,Cairo,SMB,Sports,Dumbbell Set,1,1939.05,0.0,1939.05,1138.55,800.5,Cash,Online,,2,4.0,False,False
ORD102787,2024-06-30,CUST0211,Adel Sherif,Mansoura,SMB,Electronics,Smart Watch,1,3366.96,0.0,3366.96,1997.33,1369.63,Cash,Phone,Mona K.,0,3.0,False,False
ORD106006,2025-12-21,CUST0151,Youssef Ibrahim,Cairo,Consumer,Electronics,Power Bank,2,647.15,0.0,1294.3,702.26,592.04,Installment,Online,,3,5.0,False,False
ORD100960,2023-07-04,CUST0120,Youssef Hassan,Giza,SMB,Home & Kitchen,Air Fryer,1,2835.49,0.0,2835.49,1694.33,1141.16,Mobile Wallet,Online,Sara M.,1,5.0,False,False
ORD104793,2025-05-27,CUST0488,Nourhan Khalil,Alexandria,Enterprise,Groceries,Olive Oil 1L,5,265.54,0.0,1327.7,863.5,464.2,Cash,Online,,1,4.0,False,False
ORD103781,2025-01-05,CUST0461,Amr Mahmoud,Cairo,SMB,Electronics,Wireless Earbuds,2,1287.88,0.0,2575.76,1528.34,1047.42,Mobile Wallet,In-store,Omar F.,0,3.0,False,False
ORD101706,2023-12-25,CUST0421,Nourhan Hassan,Mansoura,SMB,Home & Kitchen,Blender,1,1164.04,0.0,1164.04,571.76,592.28,Cash,In-store,Youssef A.,0,4.0,False,False
ORD103773,2025-01-04,CUST0309,Nourhan El-Sayed,Giza,SMB,Beauty,Makeup Kit,1,577.79,0.0,577.79,248.27,329.52,Mobile Wallet,In-store,Nourhan S.,0,4.0,False,False
ORD101602,2023-12-01,CUST0355,Khaled El-Sayed,Cairo,SMB,Beauty,Makeup Kit,1,606.81,0.0,606.81,258.6,348.21,Cash,In-store,Mona K.,0,5.0,False,False
ORD100460,2023-03-31,CUST0293,Sara Hassan,Cairo,SMB,Home & Kitchen,Cookware Set,2,2348.35,20.0,3757.36,2724.42,1032.94,Card,Phone,Mona K.,0,5.0,True,False
ORD101618,2023-12-04,CUST0333,Laila El-Sayed,Alexandria,Consumer,Electronics,Smart Watch,5,3387.89,20.0,13551.56,10836.5,2715.06,Mobile Wallet,In-store,Mona K.,0,5.0,True,False
ORD102629,2024-06-01,CUST0179,Ahmed Khalil,cairo,Consumer,Clothing,Men's T-Shirt,1,337.38,0.0,337.38,145.2,192.18,Mobile Wallet,In-store,Mona K.,0,2.0,False,False
ORD102762,2024-06-25,CUST0396,Youssef Aziz,Cairo,Consumer,Beauty,Makeup Kit,1,624.52,0.0,624.52,250.32,374.2,Mobile Wallet,Online,Khaled T.,5,4.0,False,False
ORD104023,2025-02-10,CUST0220,Ahmed Hassan,Tanta,SMB,Sports,Yoga Mat,3,417.13,5.0,1188.82,669.3,519.52,Card,Online,Sara M.,7,3.0,True,False
ORD103868,2025-01-18,CUST0056,Youssef Farouk,Cairo,Consumer,Electronics,Power Bank,1,647.71,0.0,647.71,361.34,286.37,Installment,In-store,Khaled T.,0,4.0,False,False
ORD103960,2025-02-04,CUST0113,Omar Sherif,Cairo,Consumer,Sports,Football,3,365.62,0.0,1096.86,539.19,557.67,Card,Online,,3,4.0,False,False
ORD104922,2025-06-19,CUST0239,Youssef Mostafa,Giza,Consumer,Home & Kitchen,Blender,1,1021.27,0.0,1021.27,588.87,432.4,Card,Online,Khaled T.,3,,False,False
ORD101258,2023-09-25,CUST0506,Adel Khalil,Mansoura,Consumer,Beauty,Skincare Set,1,850.82,0.0,850.82,363.37,487.45,Cash,Online,,1,,False,False
ORD101310,2023-10-06,CUST0550,Ahmed Khalil,Cairo,Consumer,Clothing,Men's T-Shirt,1,341.79,0.0,341.79,153.16,188.63,Card,Online,Mona K.,7,4.0,False,False
ORD102909,2024-07-30,CUST0273,Adel Khalil,Tanta,Enterprise,Home & Kitchen,Cookware Set,1,2075.73,0.0,2075.73,1364.46,711.27,Cash,In-store,Nourhan S.,0,2.0,False,False
ORD105378,2025-09-19,CUST0404,Khaled Abdel Rahman,Cairo,Consumer,Electronics,Phone Case,1,257.93,0.0,257.93,91.4,166.53,Card,Online,Omar F.,2,4.0,False,False
ORD103907,2025-01-26,CUST0405,Nada Sherif,Tanta,Consumer,Home & Kitchen,Air Fryer,1,2899.89,0.0,2899.89,1708.96,1190.93,Installment,In-store,Youssef A.,0,5.0,False,False
ORD103935,2025-02-01,CUST0307,Ahmed Farouk,Mansoura,Consumer,Electronics,Bluetooth Speaker,1,992.79,0.0,992.79,522.81,469.98,Cash,Online,,0,5.0,False,False
ORD103409,2024-11-14,CUST0228,Karim Sherif,Alexandria,SMB,Clothing,Men's T-Shirt,2,369.81,0.0,739.62,306.42,433.2,Card,Phone,Youssef A.,0,5.0,False,False
ORD102367,2024-04-11,CUST0394,Karim Mostafa,,SMB,Electronics,Wireless Earbuds,1,1211.34,0.0,1211.34,757.57,453.77,Card,In-store,Youssef A.,0,,False,False
ORD101421,2023-11-01,CUST0149,Hassan Farouk,Alexandria,Consumer,Electronics,Smart Watch,1,3724.67,0.0,3724.67,2198.95,1525.72,Cash,In-store,Mona K.,0,5.0,False,False
ORD104768,2025-05-23,CUST0247,Tarek Hassan,Cairo,Consumer,Clothing,Jeans,2,765.87,0.0,1531.74,647.38,884.36,Cash,In-store,Sara M.,0,5.0,False,False
ORD104816,2025-06-01,CUST0375,Amr Khalil,Cairo,Consumer,Groceries,Honey Jar,1,318.52,0.0,318.52,191.78,126.74,Card,Online,,5,3.0,False,False
ORD100578,2023-04-16,CUST0462,Mona Farouk,Tanta,Enterprise,Clothing,Men's T-Shirt,2,363.37,0.0,726.74,303.76,422.98,Cash,Online,Youssef A.,1,3.0,False,False
ORD105197,2025-08-16,CUST0365,Adel Hassan,Alexandria,Consumer,Home & Kitchen,Air Fryer,1,2963.15,0.0,2963.15,1671.37,1291.78,Card,In-store,,0,1.0,False,False
ORD103408,2024-11-14,CUST0525,Nada Abdel Rahman,Cairo,SMB,Clothing,Sneakers,1,1311.16,0.0,1311.16,699.08,612.08,Card,In-store,Nourhan S.,0,1.0,False,False
ORD100918,2023-06-24,CUST0485,Mahmoud Farouk,Giza,Consumer,Home & Kitchen,Blender,1,1148.57,0.0,-1148.57,613.16,-535.41,Card,In-store,Mona K.,0,5.0,False,True
ORD102531,2024-05-14,CUST0487,Laila Abdel Rahman,Aswan,Consumer,Home & Kitchen,Vacuum Cleaner,2,3347.25,0.0,6694.5,3877.86,2816.64,Card,In-store,Khaled T.,0,5.0,False,False
ORD101383,2023-10-24,CUST0508,Amr Aziz,Giza,SMB,Clothing,Women's Dress,1,903.4,0.0,903.4,385.14,518.26,Card,Phone,Mona K.,0,5.0,False,False
ORD104520,2025-04-09,CUST0188,Adel Sherif,Alexandria,Consumer,Clothing,Women's Dress,1,920.56,0.0,920.56,397.15,523.41,Card,Phone,Youssef A.,0,5.0,False,False
ORD103133,2024-09-19,CUST0119,Hassan Aziz,Tanta,Consumer,Electronics,Smart Watch,1,3303.7,0.0,3303.7,2062.19,1241.51,Cash,Online,Omar F.,5,4.0,False,False
ORD101287,2023-10-02,CUST0155,Dina Abdel Rahman,Aswan,Consumer,Sports,Running Shoes,1,1613.02,0.0,1613.02,868.57,744.45,Mobile Wallet,Online,,2,5.0,False,False
ORD104505,2025-04-07,CUST0326,Khaled Sherif,Cairo,Consumer,Sports,Running Shoes,1,1706.84,0.0,1706.84,827.97,878.87,Cash,In-store,Youssef A.,0,,False,False
ORD102137,2024-03-10,CUST0300,Nourhan Khalil,Cairo,Enterprise,Clothing,Jeans,1,694.29,0.0,694.29,320.84,373.45,Card,Online,Khaled T.,3,,False,False
ORD105031,2025-07-11,CUST0071,Mahmoud Sherif,Giza,Consumer,Beauty,Skincare Set,1,753.2,15.0,640.22,332.71,307.51,Card,Online,Sara M.,5,5.0,True,False
ORD103463,2024-11-23,CUST0392,Karim Mahmoud,Giza,Consumer,Electronics,Wireless Earbuds,1,1130.3,10.0,1017.27,733.8,283.47,Mobile Wallet,Online,Mona K.,0,3.0,True,False
ORD101221,2023-09-17,CUST0497,Khaled Khalil,Cairo,SMB,Beauty,Hair Dryer,1,852.74,0.0,852.74,432.19,420.55,Mobile Wallet,In-store,Sara M.,0,4.0,False,False
ORD103843,2025-01-15,CUST0194,Laila Farouk,Cairo,Consumer,Clothing,Jeans,2,721.89,0.0,1443.78,626.2,817.58,Cash,Phone,Youssef A.,0,5.0,False,False
ORD105885,2025-11-30,CUST0504,Heba Mostafa,Mansoura,Consumer,Clothing,Hoodie,2,690.64,10.0,1243.15,610.94,632.21,Mobile Wallet,Online,,3,4.0,True,False
ORD104413,2025-03-26,CUST0562,Amr Farouk,Cairo,Consumer,Beauty,Perfume,1,1260.71,0.0,1260.71,626.7,634.01,Mobile Wallet,In-store,Youssef A.,0,5.0,False,False
ORD105535,2025-10-18,CUST0092,Yasmin Sherif,Giza,Consumer,Home & Kitchen,Cookware Set,1,2281.35,0.0,2281.35,1236.04,1045.31,Cash,In-store,Omar F.,0,5.0,False,False
ORD103341,2024-11-01,CUST0101,Rania Hassan,Cairo,Consumer,Groceries,Coffee 250g,5,172.73,0.0,863.65,491.15,372.5,Cash,In-store,Mona K.,0,5.0,False,False
ORD100240,2023-02-25,CUST0118,Khaled Mahmoud,Aswan,SMB,Electronics,Smart Watch,3,3661.39,0.0,10984.17,6000.15,4984.02,Mobile Wallet,In-store,Youssef A.,0,2.0,False,False
ORD100555,2023-04-13,CUST0118,Khaled Mahmoud,Aswan,SMB,Electronics,Phone Case,1,268.02,0.0,268.02,94.32,173.7,Installment,Online,Youssef A.,0,4.0,False,False
ORD105675,2025-11-08,CUST0559,Adel Hassan,giza,Enterprise,Home & Kitchen,Blender,1,1091.11,0.0,1091.11,578.04,513.07,Card,Online,Sara M.,4,,False,False
ORD102646,2024-06-03,CUST0043,Ahmed Khalil,Cairo,Consumer,Beauty,Perfume,1,1337.12,0.0,1337.12,600.67,736.45,Cash,In-store,Sara M.,0,5.0,False,False
ORD103173,2024-09-26,CUST0340,Amr Farouk,Aswan,Consumer,Electronics,Phone Case,1,259.8,0.0,259.8,89.71,170.09,Card,Online,,2,4.0,False,False
ORD105647,2025-11-04,CUST0474,Mona Sherif,Alexandria,Consumer,Beauty,Makeup Kit,1,624.49,0.0,624.49,248.02,376.47,Mobile Wallet,Online,Mona K.,2,4.0,False,False
ORD103377,2024-11-08,CUST0393,Yasmin Aziz,Cairo,Consumer,Clothing,Jeans,2,724.55,0.0,1449.1,653.08,796.02,Cash,Online,Sara M.,0,5.0,False,False
ORD101945,2024-02-08,CUST0355,Khaled El-Sayed,Cairo,SMB,Electronics,Phone Case,1,239.46,0.0,239.46,89.05,150.41,Card,Online,,1,5.0,False,False
ORD104668,2025-05-05,CUST0395,Sara Sherif,Aswan,Consumer,Electronics,Smart Watch,5,3312.24,0.0,16561.2,10883.15,5678.05,Card,Online,Sara M.,2,5.0,False,False
ORD101333,2023-10-11,CUST0545,Laila Ibrahim,Mansoura,Consumer,HOME & KITCHEN,Cookware Set,1,2219.8,0.0,2219.8,1281.05,938.75,Cash,Online,,1,,False,False
ORD102691,2024-06-12,CUST0500,Adel Khalil,,SMB,Electronics,Phone Case,2,250.01,0.0,500.02,175.92,324.1,Mobile Wallet,In-store,Mona K.,0,5.0,False,False
ORD102026,2024-02-25,CUST0380,Amr Khalil,Giza,Consumer,Clothing,Men's T-Shirt,2,344.16,0.0,688.32,313.34,374.98,Installment,In-store,Khaled T.,0,4.0,False,False
ORD103268,2024-10-16,CUST0354,Karim Mostafa,Cairo,Consumer,Electronics,Smart Watch,1,3391.59,0.0,3391.59,2057.57,1334.02,Card,Phone,Youssef A.,0,5.0,False,False
ORD103121,2024-09-16,CUST0107,Ahmed Khalil,Cairo,SMB,Clothing,Jeans,1,803.11,0.0,803.11,310.8,492.31,Cash,In-store,Youssef A.,0,3.0,False,False
ORD105729,2025-11-18,CUST0105,Nada Mahmoud,Cairo,Consumer,Clothing,Jeans,1,777.76,0.0,777.76,324.77,452.99,Cash,In-store,Nourhan S.,0,3.0,False,False
ORD103254,2024-10-12,CUST0468,Laila Sherif,Alexandria,Enterprise,Clothing,Women's Dress,1,852.14,0.0,852.14,384.26,467.88,Card,Online,,3,4.0,False,False
ORD103905,2025-01-26,CUST0593,Omar Sherif,Mansoura,Consumer,Clothing,Women's Dress,1,946.63,0.0,946.63,414.95,531.68,Card,Online,Mona K.,0,3.0,False,False
ORD104197,2025-03-02,CUST0133,Sara Ibrahim,Mansoura,Enterprise,Clothing,Hoodie,1,689.67,0.0,689.67,298.93,390.74,Installment,In-store,Youssef A.,0,4.0,False,False
ORD101930,2024-02-05,CUST0404,Khaled Abdel Rahman,Cairo,Consumer,Beauty,Perfume,2,1360.6,0.0,2721.2,1223.28,1497.92,Mobile Wallet,In-store,Nourhan S.,0,5.0,False,False
ORD103709,2024-12-27,CUST0245,Karim Ibrahim,Giza,SMB,Electronics,Phone Case,1,251.56,0.0,251.56,85.66,165.9,Card,Phone,Khaled T.,0,,False,False
ORD105011,2025-07-06,CUST0285,Ahmed Hassan,Mansoura,Consumer,Home & Kitchen,Air Fryer,2,2733.95,0.0,5467.9,3253.82,2214.08,Card,Online,,0,3.0,False,False
ORD101155,2023-09-02,CUST0458,Nourhan Ibrahim,Cairo,Consumer,Electronics,Wireless Earbuds,1,1130.75,0.0,1130.75,722.61,408.14,Cash,Phone,Youssef A.,0,,False,False
ORD104854,2025-06-07,CUST0035,Heba Khalil,Cairo,Consumer,Beauty,Skincare Set,1,819.59,0.0,819.59,348.7,470.89,Card,In-store,Omar F.,0,5.0,False,False
ORD102526,2024-05-14,CUST0383,Mona Sherif,Tanta,Consumer,Sports,Yoga Mat,2,417.06,0.0,834.12,453.3,380.82,Card,Online,Omar F.,0,5.0,False,False
ORD103166,2024-09-25,CUST0324,Nourhan Hassan,Cairo,Enterprise,Home & Kitchen,Blender,1,1109.8,0.0,1109.8,592.75,517.05,Card,In-store,,0,5.0,False,False
ORD103509,2024-11-26,CUST0243,Tarek Mahmoud,Cairo,Consumer,Sports,Dumbbell Set,1,1900.86,20.0,1520.69,1076.06,444.63,Cash,In-store,Youssef A.,0,2.0,True,False
ORD100045,2023-01-10,CUST0569,Yasmin Hassan,Giza,SMB,Sports,Yoga Mat,1,463.69,0.0,463.69,229.47,234.22,Card,Online,Mona K.,7,4.0,False,False
ORD103850,2025-01-16,CUST0192,Ahmed El-Sayed,Aswan,Consumer,Home & Kitchen,Coffee Maker,1,1447.54,0.0,1447.54,877.07,570.47,Mobile Wallet,Online,Omar F.,5,4.0,False,False
ORD104862,2025-06-08,CUST0178,Mahmoud Farouk,Alexandria,Consumer,Electronics,Bluetooth Speaker,2,899.24,0.0,1798.48,1056.04,742.44,Card,In-store,Sara M.,0,5.0,False,False
ORD105951,2025-12-11,CUST0098,Mona Abdel Rahman,Giza,Consumer,Clothing,Men's T-Shirt,1,364.91,0.0,364.91,148.75,216.16,Cash,Online,Mona K.,4,4.0,False,False
ORD101486,2023-11-18,CUST0593,Omar Sherif,Mansoura,Consumer,Electronics,Power Bank,2,587.65,0.0,-1175.3,707.44,-467.86,Cash,In-store,Nourhan S.,0,4.0,False,True
ORD105064,2025-07-18,CUST0176,Dina Abdel Rahman,Giza,SMB,Groceries,Coffee 250g,1,183.62,0.0,183.62,97.6,86.02,Mobile Wallet,Online,,1,5.0,False,False
ORD102941,2024-08-07,CUST0484,Sara Mostafa,Alexandria,Consumer,Home & Kitchen,Air Fryer,1,2600.6,0.0,2600.6,1661.81,938.79,Card,Online,Youssef A.,0,4.0,False,False
ORD101332,2023-10-11,CUST0287,Karim Aziz,Cairo,SMB,Electronics,Smart Watch,1,3513.89,0.0,3513.89,2120.23,1393.66,Mobile Wallet,Online,Sara M.,5,5.0,False,False
ORD103135,2024-09-19,CUST0236,Sara Sherif,Cairo,SMB,Groceries,Coffee 250g,2,175.12,0.0,350.24,193.86,156.38,Card,In-store,Youssef A.,0,1.0,False,False
ORD105979,2025-12-16,CUST0337,Yasmin Ibrahim,Cairo,SMB,Home & Kitchen,Air Fryer,1,2799.79,0.0,2799.79,1678.37,1121.42,Card,In-store,Omar F.,0,2.0,False,False
ORD106004,2025-12-20,CUST0555,Heba Mahmoud,Cairo,SMB,Home & Kitchen,Vacuum Cleaner,1,151545.0,20.0,151545.0,1855.6,569.12,Card,Online,,1,1.0,True,False
ORD103969,2025-02-05,CUST0434,Dina Farouk,Alexandria,Consumer,Beauty,Makeup Kit,1,632.96,0.0,632.96,238.51,394.45,Card,Online,Khaled T.,7,5.0,False,False
ORD103083,2024-09-10,CUST0242,Khaled Ibrahim,Giza,Consumer,Clothing,Women's Dress,1,923.03,0.0,923.03,387.59,535.44,Card,Phone,Youssef A.,0,5.0,False,False
ORD100615,2023-04-21,CUST0023,Mona Mostafa,cairo,Consumer,Sports,Dumbbell Set,1,1806.44,0.0,1806.44,1045.79,760.65,Mobile Wallet,Online,Sara M.,4,4.0,False,False
ORD100119,2023-01-28,CUST0246,Nada Aziz,Giza,SMB,Electronics,Bluetooth Speaker,1,939.35,0.0,939.35,568.2,371.15,Mobile Wallet,In-store,Youssef A.,0,4.0,False,False
ORD102801,2024-07-03,CUST0011,Ahmed Sherif,Alexandria,Consumer,Beauty,Perfume,1,1288.86,0.0,1288.86,606.7,682.16,Mobile Wallet,In-store,Youssef A.,0,1.0,False,False
ORD105540,2025-10-18,CUST0153,Ahmed Hassan,Cairo,Enterprise,Groceries,Honey Jar,2,344.48,0.0,688.96,382.22,306.74,Installment,Online,,1,3.0,False,False
ORD100994,2023-07-15,CUST0545,Laila Ibrahim,Mansoura,Consumer,Sports,Dumbbell Set,1,1896.4,0.0,1896.4,1048.64,847.76,Cash,Online,,2,5.0,False,False
ORD103038,2024-09-03,CUST0364,Salma Sherif,Giza,Consumer,Electronics,Bluetooth Speaker,1,959.56,0.0,959.56,557.73,401.83,Mobile Wallet,In-store,,0,4.0,False,False
ORD103556,2024-11-29,CUST0213,Khaled Mostafa,Mansoura,Consumer,Clothing,Women's Dress,2,847.32,15.0,1440.44,780.58,659.86,Card,Online,Omar F.,2,3.0,True,False
ORD102168,2024-03-14,CUST0564,Mona Hassan,Alexandria,Consumer,Electronics,Bluetooth Speaker,2,998.72,0.0,1997.44,1071.9,925.54,Card,Online,Youssef A.,1,5.0,False,False
ORD103387,2024-11-10,CUST0440,Hassan Khalil,Giza,SMB,Sports,Yoga Mat,1,477.54,0.0,477.54,210.89,266.65,Cash,Online,,1,5.0,False,False
ORD102980,2024-08-16,CUST0015,Yasmin Mahmoud,Giza,Consumer,Beauty,Makeup Kit,1,632.46,0.0,632.46,238.73,393.73,Mobile Wallet,Online,,2,5.0,False,False
ORD102637,2024-06-01,CUST0575,Adel Ibrahim,Alexandria,SMB,Beauty,Perfume,5,1354.1,0.0,6770.5,3104.25,3666.25,Cash,Online,Nourhan S.,2,5.0,False,False
ORD104077,2025-02-17,CUST0075,Youssef Mahmoud,Alexandria,Consumer,Sports,Dumbbell Set,1,1775.24,0.0,1775.24,1077.44,697.8,Mobile Wallet,Online,,3,3.0,False,False
ORD101538,2023-11-24,CUST0046,Youssef Hassan,Tanta,SMB,Electronics,Phone Case,1,268.41,5.0,254.99,91.68,163.31,Mobile Wallet,Online,,2,3.0,True,False
ORD100919,2023-06-24,CUST0164,Rania Mahmoud,Cairo,Consumer,Groceries,Rice 5kg,2,216.86,0.0,433.72,296.14,137.58,Card,Online,Nourhan S.,3,4.0,False,False
ORD103634,2024-12-12,CUST0537,Nourhan Hassan,Cairo,Consumer,Clothing,Hoodie,3,654.14,0.0,1962.42,886.62,1075.8,Mobile Wallet,In-store,Youssef A.,0,2.0,False,False
ORD103427,2024-11-18,CUST0316,Amr Ibrahim,Alexandria,SMB,Clothing,Hoodie,1,657.58,0.0,657.58,314.02,343.56,Installment,Online,Nourhan S.,2,5.0,False,False
ORD104267,2025-03-10,CUST0298,Mahmoud Sherif,Giza,Consumer,Electronics,Phone Case,1,253.79,0.0,253.79,90.29,163.5,Cash,Phone,,0,,False,False
ORD100436,2023-03-27,CUST0591,Nourhan Khalil,alexandria,Consumer,Clothing,Jeans,1,760.23,0.0,760.23,315.5,444.73,Cash,In-store,Omar F.,0,5.0,False,False
ORD102482,2024-05-05,CUST0243,Tarek Mahmoud,Cairo,Consumer,Home & Kitchen,Air Fryer,1,3021.59,0.0,3021.59,1768.07,1253.52,Mobile Wallet,Phone,Khaled T.,0,4.0,False,False
ORD101270,2023-09-27,CUST0087,Karim Ibrahim,Tanta,Consumer,Electronics,Bluetooth Speaker,1,911.05,0.0,911.05,536.61,374.44,Cash,In-store,Youssef A.,0,4.0,False,False
ORD102541,2024-05-16,CUST0496,Khaled Khalil,Alexandria,Consumer,Electronics,Smart Watch,1,3628.18,0.0,3628.18,2076.31,1551.87,Cash,Online,Khaled T.,3,3.0,False,False
ORD101177,2023-09-06,CUST0438,Ahmed Farouk,Mansoura,Consumer,Sports,Football,2,366.02,0.0,732.04,361.52,370.52,Mobile Wallet,Online,,1,5.0,False,False
ORD105447,2025-10-02,CUST0388,Nourhan Hassan,Mansoura,SMB,Electronics,Wireless Earbuds,1,1198.16,0.0,1198.16,767.49,430.67,Cash,Online,Nourhan S.,3,3.0,False,False
ORD101904,2024-01-31,CUST0410,Nourhan Abdel Rahman,Aswan,Enterprise,Beauty,Skincare Set,1,767.36,0.0,767.36,337.18,430.18,Mobile Wallet,In-store,Omar F.,0,4.0,False,False
ORD105200,2025-08-16,CUST0075,Youssef Mahmoud,Alexandria,Consumer,Sports,Yoga Mat,2,417.52,0.0,835.04,445.64,389.4,Card,Online,Omar F.,5,4.0,False,False
ORD102105,2024-03-06,CUST0369,Khaled Aziz,Tanta,SMB,Home & Kitchen,Blender,1,1044.08,0.0,1044.08,593.63,450.45,Card,In-store,Mona K.,0,5.0,False,False
ORD100097,2023-01-22,CUST0182,Nourhan Mostafa,alexandria,Consumer,Clothing,Jeans,2,787.23,0.0,1574.46,634.48,939.98,Card,In-store,Sara M.,0,,False,False
ORD104384,2025-03-24,CUST0433,Salma Khalil,Alexandria,Consumer,Electronics,Wireless Earbuds,2,1118.29,10.0,2012.92,1494.28,518.64,Installment,In-store,Sara M.,0,5.0,True,False
ORD100878,2023-06-12,CUST0518,Nourhan Farouk,cairo,SMB,Groceries,Honey Jar,1,333.25,0.0,333.25,193.81,139.44,Mobile Wallet,In-store,Nourhan S.,0,2.0,False,False
ORD102663,2024-06-06,CUST0401,Laila Ibrahim,alexandria,Consumer,Sports,Football,1,359.97,0.0,359.97,178.34,181.63,Card,Online,Omar F.,2,4.0,False,False
ORD100161,2023-02-06,CUST0039,Amr Farouk,Mansoura,Consumer,Home & Kitchen,Cookware Set,2,2346.36,0.0,4692.72,2563.54,2129.18,Card,In-store,Youssef A.,0,,False,False
ORD104398,2025-03-26,CUST0128,Rania Aziz,Alexandria,Consumer,Clothing,Women's Dress,1,845.59,0.0,845.59,401.22,444.37,Installment,Online,,2,4.0,False,False
ORD105743,2025-11-20,CUST0417,Nourhan El-Sayed,Tanta,Consumer,Electronics,Wireless Earbuds,1,1225.81,20.0,980.65,713.88,266.77,Mobile Wallet,In-store,Nourhan S.,0,3.0,True,False
ORD104781,2025-05-25,CUST0122,Nada Khalil,Cairo,Consumer,Home & Kitchen,Coffee Maker,1,1571.89,0.0,1571.89,821.5,750.39,Card,In-store,Nourhan S.,0,5.0,False,False
ORD104470,2025-04-01,CUST0127,Nada Hassan,Alexandria,Consumer,Sports,Running Shoes,1,1631.7,0.0,1631.7,839.86,791.84,Mobile Wallet,In-store,Omar F.,0,4.0,False,False
ORD101584,2023-11-28,CUST0415,Laila Farouk,Cairo,Consumer,Sports,Football,1,381.11,10.0,343.0,180.86,162.14,Cash,Online,,0,1.0,True,False
ORD102071,2024-03-02,CUST0129,Youssef Aziz,Cairo,Consumer,Clothing,Sneakers,1,1468.07,0.0,1468.07,714.23,753.84,Cash,In-store,Youssef A.,0,5.0,False,False
ORD101463,2023-11-10,CUST0419,Amr Abdel Rahman,Alexandria,Consumer,Clothing,Sneakers,1,1473.94,0.0,1473.94,676.96,796.98,Cash,Online,,0,,False,False
ORD103565,2024-11-30,CUST0071,Mahmoud Sherif,Giza,Consumer,Sports,Football,1,386.89,5.0,367.55,174.89,192.66,Card,Online,Nourhan S.,3,5.0,True,False
ORD102873,2024-07-22,CUST0082,Karim Ibrahim,Cairo,SMB,Home & Kitchen,Air Fryer,1,2618.47,0.0,2618.47,1731.04,887.43,Installment,In-store,Mona K.,0,,False,False
ORD101845,2024-01-20,CUST0338,Yasmin Farouk,Alexandria,Consumer,Clothing,Hoodie,1,605.97,0.0,605.97,302.89,303.08,Mobile Wallet,Online,Omar F.,3,4.0,False,False
ORD104345,2025-03-18,CUST0448,Laila Abdel Rahman,Cairo,Consumer,Electronics,Bluetooth Speaker,1,1011.25,20.0,809.0,539.38,269.62,Mobile Wallet,In-store,Khaled T.,0,5.0,True,False
ORD103749,2025-01-01,CUST0168,Omar Aziz,Cairo,Consumer,Sports,Football,1,371.19,0.0,371.19,184.59,186.6,Mobile Wallet,In-store,Nourhan S.,0,5.0,False,False
ORD104240,2025-03-07,CUST0269,Dina Aziz,alexandria,SMB,Beauty,Perfume,2,1274.88,0.0,2549.76,1177.9,1371.86,Cash,Online,Omar F.,3,2.0,False,False
ORD105548,2025-10-19,CUST0137,Laila Mahmoud,Aswan,Consumer,Clothing,Hoodie,1,689.39,0.0,689.39,291.1,398.29,Card,Online,Youssef A.,3,4.0,False,False
ORD102297,2024-03-30,CUST0081,Hassan Mostafa,Cairo,Consumer,Sports,Yoga Mat,2,437.78,0.0,875.56,432.4,443.16,Card,Phone,Khaled T.,0,,False,False
ORD103726,2024-12-29,CUST0259,Omar Farouk,Giza,Consumer,Electronics,Power Bank,2,622.12,0.0,1244.24,713.86,530.38,Mobile Wallet,Online,Omar F.,3,5.0,False,False
ORD101218,2023-09-16,CUST0066,Tarek Mahmoud,Alexandria,Consumer,Groceries,Coffee 250g,1,189.24,0.0,189.24,100.77,88.47,Card,In-store,Mona K.,0,5.0,False,False
ORD105372,2025-09-18,CUST0424,Nourhan Sherif,Giza,SMB,Sports,Dumbbell Set,3,1731.42,0.0,5194.26,3372.06,1822.2,Card,In-store,Khaled T.,0,4.0,False,False
ORD100402,2023-03-23,CUST0248,Karim Mostafa,Mansoura,Consumer,Sports,Running Shoes,2,1710.93,0.0,3421.86,1760.98,1660.88,Card,Online,,3,4.0,False,False
ORD100782,2023-05-19,CUST0276,Omar Aziz,Mansoura,Consumer,Sports,Football,1,399.54,0.0,399.54,180.21,219.33,Card,Online,Nourhan S.,3,4.0,False,False
ORD102534,2024-05-15,CUST0417,Nourhan El-Sayed,Tanta,Consumer,Sports,Running Shoes,2,1579.69,0.0,3159.38,1615.74,1543.64,Installment,In-store,Youssef A.,0,5.0,False,False
ORD100273,2023-03-04,CUST0270,Salma Sherif,Giza,SMB,Sports,Dumbbell Set,1,1686.95,0.0,1686.95,1046.86,640.09,Card,In-store,,0,5.0,False,False
ORD102181,2024-03-16,CUST0580,Mahmoud Mostafa,Giza,SMB,Beauty,Perfume,1,1403.73,0.0,1403.73,618.36,785.37,Cash,Online,,4,5.0,False,False
ORD101794,2024-01-09,CUST0333,Laila El-Sayed,alexandria,Consumer,Sports,Yoga Mat,1,468.42,0.0,468.42,221.08,247.34,Cash,In-store,Mona K.,0,4.0,False,False
ORD102720,2024-06-16,CUST0403,Dina Aziz,Cairo,Consumer,Clothing,Jeans,1,772.02,25.0,579.02,307.88,271.14,Cash,Online,Mona K.,1,,True,False
ORD105175,2025-08-09,CUST0598,Sara Hassan,Cairo,SMB,Clothing,Jeans,1,705.27,0.0,705.27,330.69,374.58,Card,Online,Sara M.,3,3.0,False,False
ORD103199,2024-10-01,CUST0230,Dina Sherif,Aswan,Consumer,Electronics,Phone Case,1,254.59,0.0,254.59,90.62,163.97,Cash,Online,,2,1.0,False,False
ORD100272,2023-03-03,CUST0032,Salma Sherif,Cairo,Consumer,Sports,Yoga Mat,3,431.23,0.0,1293.69,668.19,625.5,Mobile Wallet,Online,Youssef A.,3,5.0,False,False
ORD101195,2023-09-10,CUST0537,Nourhan Hassan,Cairo,Consumer,Home & Kitchen,Cookware Set,1,2183.72,0.0,2183.72,1345.69,838.03,Card,Online,Sara M.,0,4.0,False,False
ORD103961,2025-02-05,CUST0409,Ahmed Farouk,Cairo,Consumer,Beauty,Hair Dryer,1,869.14,25.0,651.86,458.51,193.35,Mobile Wallet,Online,Youssef A.,1,2.0,True,False
ORD105931,2025-12-06,CUST0164,Rania Mahmoud,Cairo,Consumer,Groceries,Honey Jar,1,308.95,0.0,308.95,207.09,101.86,Installment,In-store,Youssef A.,0,1.0,False,False
ORD102490,2024-05-07,CUST0219,Youssef Ibrahim,Cairo,SMB,Electronics,Bluetooth Speaker,1,895.63,0.0,895.63,532.4,363.23,Installment,In-store,Khaled T.,0,3.0,False,False
ORD102764,2024-06-26,CUST0081,Hassan Mostafa,Cairo,Consumer,Home & Kitchen,Blender,1,1174.92,0.0,1174.92,596.44,578.48,Card,Online,,1,3.0,False,False
ORD103417,2024-11-16,CUST0478,Tarek Khalil,Giza,Consumer,Clothing,Sneakers,1,1428.64,0.0,1428.64,688.63,740.01,Mobile Wallet,Online,Nourhan S.,3,4.0,False,False
ORD103238,2024-10-09,CUST0300,Nourhan Khalil,Cairo,Enterprise,Electronics,Wireless Earbuds,1,1144.63,0.0,1144.63,730.84,413.79,Cash,Online,Youssef A.,4,5.0,False,False
ORD105142,2025-08-04,CUST0053,Khaled Hassan,Aswan,Consumer,Electronics,Smart Watch,1,3244.0,0.0,3244.0,2066.71,1177.29,Cash,Online,Youssef A.,1,4.0,False,False
ORD101801,2024-01-11,CUST0547,Laila Abdel Rahman,Tanta,Consumer,Groceries,Honey Jar,1,326.49,0.0,326.49,209.82,116.67,Cash,In-store,,0,4.0,False,False
ORD103178,2024-09-27,CUST0069,Tarek Aziz,Cairo,Enterprise,Groceries,Honey Jar,1,320.02,5.0,304.02,204.4,99.62,Cash,Online,,3,3.0,True,False
ORD103735,2024-12-30,CUST0352,Sara Sherif,Mansoura,Consumer,Electronics,Bluetooth Speaker,1,1004.33,0.0,-1004.33,571.06,-433.27,Card,Online,Omar F.,3,5.0,False,True
ORD102700,2024-06-13,CUST0407,Tarek Abdel Rahman,Aswan,Consumer,Electronics,Phone Case,1,253.31,0.0,253.31,91.81,161.5,Mobile Wallet,In-store,Khaled T.,0,1.0,False,False
ORD102759,2024-06-25,CUST0086,Karim Khalil,Alexandria,Consumer,Groceries,Coffee 250g,1,172.8,0.0,172.8,101.94,70.86,Mobile Wallet,Online,Nourhan S.,3,3.0,False,False
ORD104045,2025-02-13,CUST0344,Mona Abdel Rahman,Mansoura,Consumer,Home & Kitchen,Air Fryer,1,2606.1,0.0,2606.1,1648.31,957.79,Cash,In-store,Youssef A.,0,5.0,False,False
ORD101430,2023-11-02,CUST0597,Adel Farouk,Mansoura,Consumer,Electronics,Phone Case,1,239.74,0.0,239.74,85.68,154.06,Mobile Wallet,Online,,3,3.0,False,False
ORD100835,2023-06-01,CUST0381,Heba Sherif,Giza,Consumer,Home & Kitchen,Air Fryer,1,2679.8,0.0,2679.8,1707.12,972.68,Mobile Wallet,Phone,Mona K.,0,5.0,False,False
ORD100621,2023-04-21,CUST0478,Tarek Khalil,Giza,Consumer,Home & Kitchen,Cookware Set,3,2329.43,0.0,6988.29,3705.84,3282.45,Mobile Wallet,Online,Omar F.,4,5.0,False,False
ORD103687,2024-12-23,CUST0132,Youssef Aziz,Cairo,Consumer,Home & Kitchen,Cookware Set,1,2272.16,0.0,2272.16,1333.19,938.97,Mobile Wallet,Online,Khaled T.,2,,False,False
ORD100591,2023-04-17,CUST0075,Youssef Mahmoud,Alexandria,Consumer,Home & Kitchen,Cookware Set,3,2045.27,0.0,6135.81,3877.86,2257.95,Cash,In-store,Omar F.,0,4.0,False,False
ORD105555,2025-10-21,CUST0492,Salma Aziz,Alexandria,Consumer,Electronics,Phone Case,1,243.62,0.0,243.62,89.87,153.75,Mobile Wallet,Online,Khaled T.,7,4.0,False,False
ORD105363,2025-09-17,CUST0256,Nada Farouk,Cairo,Consumer,Electronics,Wireless Earbuds,3,1285.63,0.0,3856.89,2294.7,1562.19,Cash,Online,Khaled T.,3,4.0,False,False
ORD105891,2025-12-01,CUST0079,Dina Khalil,Aswan,Consumer,Sports,Dumbbell Set,1,1890.05,0.0,1890.05,1068.94,821.11,Cash,Online,Omar F.,2,3.0,False,False
ORD101928,2024-02-04,CUST0304,Salma Farouk,Cairo,SMB,Beauty,Makeup Kit,2,600.19,0.0,1200.38,507.48,692.9,Card,Online,Omar F.,1,,False,False
ORD100060,2023-01-14,CUST0141,Nourhan Hassan,Giza,Consumer,Electronics,Power Bank,5,634.23,0.0,3171.15,1785.2,1385.95,Cash,Phone,Sara M.,0,4.0,False,False
ORD100609,2023-04-20,CUST0453,Sara Aziz,Giza,Consumer,Sports,Football,2,359.77,0.0,719.54,343.02,376.52,Installment,Online,,5,1.0,False,False
ORD104057,2025-02-15,CUST0301,Laila Sherif,Giza,Consumer,Groceries,Honey Jar,2,325.17,0.0,650.34,413.06,237.28,Card,In-store,Nourhan S.,0,4.0,False,False
ORD103601,2024-12-06,CUST0518,Nourhan Farouk,Cairo,SMB,Electronics,Bluetooth Speaker,1,1013.01,0.0,1013.01,569.56,443.45,Mobile Wallet,In-store,Khaled T.,0,5.0,False,False
ORD101812,2024-01-14,CUST0208,Khaled Mostafa,Cairo,Enterprise,Clothing,Sneakers,2,1445.96,0.0,2891.92,1392.72,1499.2,Installment,Online,,3,4.0,False,False
ORD104504,2025-04-06,CUST0388,Nourhan Hassan,Mansoura,SMB,Clothing,Jeans,1,715.52,0.0,715.52,307.97,407.55,Mobile Wallet,Online,,1,3.0,False,False
ORD103482,2024-11-24,CUST0120,Youssef Hassan,Giza,SMB,CLOTHING,Women's Dress,1,890.13,20.0,712.1,394.16,317.94,Card,In-store,Sara M.,0,5.0,True,False
ORD104427,2025-03-28,CUST0453,Sara Aziz,giza,Consumer,Clothing,Jeans,1,737.89,0.0,737.89,306.77,431.12,Cash,Online,Sara M.,2,5.0,False,False
ORD100505,2023-04-07,CUST0402,Yasmin Hassan,Aswan,Consumer,Electronics,Smart Watch,1,3465.86,0.0,3465.86,2004.43,1461.43,Cash,Online,,5,4.0,False,False
ORD105975,2025-12-15,CUST0497,Khaled Khalil,Cairo,SMB,Clothing,Sneakers,1,1426.36,0.0,1426.36,712.42,713.94,Cash,Online,,1,4.0,False,False
ORD105528,2025-10-17,CUST0230,Dina Sherif,Aswan,Consumer,Beauty,Skincare Set,1,827.06,0.0,827.06,333.19,493.87,Cash,Online,Khaled T.,5,4.0,False,False
ORD105396,2025-09-23,CUST0410,Nourhan Abdel Rahman,Aswan,Enterprise,Electronics,Phone Case,2,244.94,0.0,489.88,181.86,308.02,Cash,Online,,2,3.0,False,False
ORD101027,2023-07-24,CUST0011,Ahmed Sherif,Alexandria,Consumer,Beauty,Skincare Set,1,768.06,0.0,768.06,345.49,422.57,Card,In-store,Omar F.,0,4.0,False,False
ORD102306,2024-03-31,CUST0170,Ahmed Khalil,Cairo,SMB,GROCERIES,Rice 5kg,2,223.13,25.0,334.7,299.36,35.34,Cash,Online,Mona K.,0,5.0,True,False
ORD104418,2025-03-27,CUST0600,Mahmoud Mostafa,Giza,Enterprise,Groceries,Honey Jar,1,341.11,0.0,341.11,195.92,145.19,Cash,Online,,3,2.0,False,False
ORD105268,2025-08-31,CUST0194,Laila Farouk,Cairo,Consumer,Sports,Football,1,363.66,0.0,363.66,171.22,192.44,Mobile Wallet,In-store,Youssef A.,0,4.0,False,False
ORD104134,2025-02-23,CUST0556,Rania El-Sayed,Tanta,Consumer,Clothing,Men's T-Shirt,1,373.7,20.0,298.96,156.17,142.79,Installment,Online,Sara M.,2,5.0,True,False
ORD104148,2025-02-24,CUST0220,Ahmed Hassan,Tanta,SMB,Beauty,Skincare Set,1,857.74,0.0,857.74,357.81,499.93,Cash,In-store,Omar F.,0,3.0,False,False
ORD104795,2025-05-28,CUST0206,Ahmed Farouk,Tanta,SMB,Beauty,Perfume,2,1380.69,0.0,2761.38,1174.34,1587.04,Cash,Online,Omar F.,1,5.0,False,False
ORD102955,2024-08-12,CUST0474,Mona Sherif,Alexandria,Consumer,Groceries,Olive Oil 1L,5,295.53,0.0,1477.65,895.05,582.6,Mobile Wallet,Online,,7,4.0,False,False
ORD100266,2023-03-03,CUST0016,Nada Aziz,Mansoura,Consumer,Groceries,Coffee 250g,1,170.11,0.0,170.11,101.83,68.28,Mobile Wallet,Online,Nourhan S.,2,,False,False
ORD104157,2025-02-26,CUST0063,Nada Mostafa,Cairo,Consumer,Home & Kitchen,Coffee Maker,1,1456.44,0.0,1456.44,814.05,642.39,Mobile Wallet,In-store,Nourhan S.,0,4.0,False,False
ORD100954,2023-07-03,CUST0496,Khaled Khalil,alexandria,Consumer,Home & Kitchen,Coffee Maker,1,1528.39,0.0,1528.39,818.64,709.75,Mobile Wallet,Online,Sara M.,0,,False,False
ORD105638,2025-11-03,CUST0484,Sara Mostafa,Alexandria,Consumer,Beauty,Perfume,2,1310.9,0.0,2621.8,1203.22,1418.58,Mobile Wallet,In-store,Sara M.,0,5.0,False,False
ORD102627,2024-05-31,CUST0300,Nourhan Khalil,Cairo,Enterprise,Beauty,Perfume,1,1268.94,0.0,1268.94,611.61,657.33,Cash,Online,,3,1.0,False,False
ORD103992,2025-02-07,CUST0488,Nourhan Khalil,Alexandria,Enterprise,Electronics,Power Bank,2,640.5,15.0,1088.85,671.42,417.43,Cash,Online,Omar F.,2,1.0,True,False
ORD102208,2024-03-19,CUST0497,Khaled Khalil,Cairo,SMB,Groceries,Olive Oil 1L,1,301.6,0.0,301.6,174.07,127.53,Mobile Wallet,Online,Khaled T.,3,5.0,False,False
ORD105370,2025-09-18,CUST0078,Ahmed Hassan,Alexandria,Consumer,Groceries,Coffee 250g,2,179.88,0.0,359.76,202.34,157.42,Installment,Online,Sara M.,1,4.0,False,False
ORD100679,2023-04-29,CUST0590,Dina Abdel Rahman,Cairo,Consumer,Groceries,Rice 5kg,2,228.53,0.0,457.06,313.46,143.6,Cash,Online,,5,3.0,False,False
ORD104254,2025-03-09,CUST0199,Khaled Abdel Rahman,Cairo,Consumer,Electronics,Wireless Earbuds,1,1264.62,0.0,1264.62,771.6,493.02,Card,Online,,0,4.0,False,False
ORD105508,2025-10-12,CUST0340,Amr Farouk,Aswan,Consumer,Clothing,Hoodie,2,615.0,20.0,984.0,622.96,361.04,Card,Online,Omar F.,2,4.0,True,False
ORD104419,2025-03-27,CUST0290,Yasmin Farouk,Giza,Consumer,Clothing,Jeans,1,781.56,0.0,781.56,312.27,469.29,Card,Online,,2,5.0,False,False
ORD102323,2024-04-04,CUST0574,Karim El-Sayed,Alexandria,SMB,Electronics,Wireless Earbuds,1,1231.61,0.0,1231.61,738.39,493.22,Mobile Wallet,In-store,Nourhan S.,0,5.0,False,False
ORD103190,2024-09-29,CUST0328,Karim Farouk,Alexandria,Consumer,Home & Kitchen,Coffee Maker,1,1541.61,0.0,1541.61,814.23,727.38,Cash,Phone,Mona K.,0,5.0,False,False
ORD104650,2025-05-03,CUST0155,Dina Abdel Rahman,Aswan,Consumer,Groceries,Coffee 250g,1,166.22,0.0,166.22,100.27,65.95,Card,In-store,Omar F.,0,5.0,False,False
ORD101736,2023-12-29,CUST0585,Hassan Abdel Rahman,Tanta,Consumer,Home & Kitchen,Vacuum Cleaner,3,2988.24,0.0,8964.72,5950.17,3014.55,Cash,Online,Mona K.,2,3.0,False,False
ORD106035,2025-12-28,CUST0070,Nourhan Mostafa,Alexandria,Consumer,Electronics,Bluetooth Speaker,1,915.61,0.0,915.61,532.03,383.58,Cash,Phone,Mona K.,0,5.0,False,False
ORD104423,2025-03-27,CUST0597,Adel Farouk,Mansoura,Consumer,Beauty,Skincare Set,1,822.17,0.0,822.17,360.76,461.41,Card,Online,,2,,False,False
ORD104598,2025-04-23,CUST0495,Rania Mostafa,Giza,Consumer,Sports,Dumbbell Set,1,1814.5,15.0,1542.32,1089.26,453.06,Installment,Online,,5,3.0,True,False
ORD100233,2023-02-23,CUST0452,Adel Sherif,Cairo,SMB,Sports,Dumbbell Set,1,1934.41,0.0,1934.41,1121.69,812.72,Mobile Wallet,Online,Mona K.,1,5.0,False,False
ORD102662,2024-06-06,CUST0309,Nourhan El-Sayed,Giza,SMB,Beauty,Skincare Set,1,846.28,5.0,803.97,347.55,456.42,Cash,Online,,1,5.0,True,False
ORD101886,2024-01-27,CUST0425,Sara Hassan,Cairo,SMB,Beauty,Skincare Set,2,859.33,0.0,1718.66,720.66,998.0,Cash,Phone,Khaled T.,0,2.0,False,False
ORD103305,2024-10-22,CUST0282,Youssef El-Sayed,Cairo,Consumer,Sports,Yoga Mat,1,456.32,0.0,456.32,226.65,229.67,Card,In-store,Khaled T.,0,1.0,False,False
ORD102000,2024-02-18,CUST0551,Mona Hassan,Alexandria,Consumer,Clothing,Jeans,2,809.47,0.0,1618.94,667.08,951.86,Installment,Phone,Khaled T.,0,5.0,False,False
ORD105716,2025-11-15,CUST0003,Omar Sherif,Alexandria,Consumer,Home & Kitchen,Vacuum Cleaner,1,3309.1,0.0,3309.1,1856.04,1453.06,Card,In-store,Mona K.,0,4.0,False,False
ORD102922,2024-08-02,CUST0237,Khaled Aziz,Cairo,Consumer,Sports,Football,1,376.6,20.0,301.28,174.53,126.75,Card,In-store,Omar F.,0,5.0,True,False
ORD105665,2025-11-07,CUST0260,Dina Sherif,Alexandria,Consumer,Groceries,Honey Jar,1,341.69,0.0,-341.69,201.63,-140.06,Cash,Online,Youssef A.,7,5.0,False,True
ORD101816,2024-01-15,CUST0477,Nourhan Mostafa,Alexandria,Consumer,Groceries,Olive Oil 1L,2,294.63,0.0,589.26,375.36,213.9,Mobile Wallet,Online,,2,5.0,False,False
ORD101336,2023-10-12,CUST0092,Yasmin Sherif,Giza,Consumer,Clothing,Sneakers,1,1385.68,0.0,1385.68,731.42,654.26,Mobile Wallet,In-store,Mona K.,0,5.0,False,False
ORD105419,2025-09-27,CUST0329,Heba Aziz,Mansoura,Consumer,Groceries,Honey Jar,1,304.53,0.0,304.53,197.71,106.82,Card,In-store,Mona K.,0,2.0,False,False
ORD100288,2023-03-07,CUST0174,Adel Aziz,Alexandria,Consumer,Electronics,Power Bank,1,600.25,0.0,600.25,341.52,258.73,Card,Online,Nourhan S.,4,5.0,False,False
ORD101985,2024-02-15,CUST0036,Heba Mahmoud,Alexandria,Consumer,Beauty,Makeup Kit,1,575.85,0.0,575.85,252.66,323.19,Installment,Online,,2,4.0,False,False
ORD101313,2023-10-06,CUST0394,Karim Mostafa,Alexandria,SMB,Sports,Football,1,349.62,0.0,349.62,173.06,176.56,Card,Online,Youssef A.,5,3.0,False,False
ORD101546,2023-11-25,CUST0252,Adel Sherif,Alexandria,SMB,Home & Kitchen,Coffee Maker,1,1457.23,15.0,1238.65,836.01,402.64,Mobile Wallet,Phone,Khaled T.,0,5.0,True,False
ORD104343,2025-03-18,CUST0091,Mona Farouk,Mansoura,Consumer,Clothing,Hoodie,1,652.42,0.0,652.42,292.56,359.86,Mobile Wallet,In-store,Mona K.,0,,False,False
ORD105280,2025-09-03,CUST0358,Amr Aziz,Cairo,Consumer,Sports,Dumbbell Set,2,1881.4,0.0,3762.8,2196.26,1566.54,Cash,In-store,Khaled T.,0,5.0,False,False
ORD100881,2023-06-13,CUST0555,Heba Mahmoud,Cairo,SMB,Home & Kitchen,Vacuum Cleaner,2,2948.73,0.0,5897.46,3728.76,2168.7,Cash,Online,Khaled T.,2,3.0,False,False
ORD103842,2025-01-15,CUST0261,Omar Sherif,Giza,Consumer,Home & Kitchen,Coffee Maker,1,1531.89,0.0,1531.89,827.28,704.61,Mobile Wallet,In-store,Mona K.,0,4.0,False,False
ORD101437,2023-11-04,CUST0311,Amr Aziz,Cairo,Consumer,Electronics,Phone Case,1,254.9,0.0,254.9,88.42,166.48,Card,In-store,Khaled T.,0,,False,False
ORD104865,2025-06-08,CUST0092,Yasmin Sherif,Giza,Consumer,Electronics,Wireless Earbuds,1,1181.61,0.0,1181.61,763.48,418.13,Cash,In-store,Khaled T.,0,2.0,False,False
ORD101610,2023-12-02,CUST0074,Nada Aziz,Cairo,Enterprise,Groceries,Rice 5kg,1,208.73,0.0,208.73,150.53,58.2,Mobile Wallet,In-store,Mona K.,0,4.0,False,False
ORD102696,2024-06-12,CUST0319,Mona Aziz,Giza,Consumer,Electronics,Phone Case,1,239.73,0.0,239.73,92.14,147.59,Card,Online,,3,4.0,False,False
ORD104985,2025-06-30,CUST0437,Mona Mostafa,Cairo,SMB,Clothing,Jeans,2,713.63,0.0,1427.26,612.5,814.76,Card,Online,,3,,False,False
ORD100728,2023-05-09,CUST0364,Salma Sherif,Giza,Consumer,Electronics,Phone Case,1,258.59,0.0,258.59,92.05,166.54,Mobile Wallet,In-store,Khaled T.,0,4.0,False,False
ORD101489,2023-11-20,CUST0052,Ahmed Mahmoud,Alexandria,SMB,Clothing,Sneakers,1,1338.05,5.0,1271.15,707.31,563.84,Installment,In-store,,0,4.0,True,False
ORD105330,2025-09-12,CUST0575,Adel Ibrahim,Alexandria,SMB,Clothing,Sneakers,1,1360.58,0.0,1360.58,700.75,659.83,Mobile Wallet,In-store,Nourhan S.,0,4.0,False,False
ORD101591,2023-11-29,CUST0159,Mona Sherif,Alexandria,SMB,Beauty,Hair Dryer,1,873.91,5.0,830.21,463.17,367.04,Mobile Wallet,In-store,Sara M.,0,4.0,True,False
ORD102085,2024-03-04,CUST0247,Tarek Hassan,cairo,Consumer,Electronics,Smart Watch,1,3695.98,0.0,3695.98,2047.34,1648.64,Card,Online,Mona K.,4,4.0,False,False
ORD100214,2023-02-18,CUST0019,Hassan Mahmoud,Mansoura,Enterprise,Clothing,Jeans,2,700.11,0.0,1400.22,630.78,769.44,Card,In-store,Nourhan S.,0,3.0,False,False
ORD100823,2023-05-29,CUST0033,Yasmin El-Sayed,Tanta,Consumer,Home & Kitchen,Cookware Set,1,2359.66,0.0,2359.66,1344.15,1015.51,Cash,Online,Youssef A.,1,3.0,False,False
ORD102751,2024-06-23,CUST0087,Karim Ibrahim,Tanta,Consumer,Electronics,Phone Case,1,237.14,0.0,237.14,89.25,147.89,Card,Online,,3,3.0,False,False
ORD101993,2024-02-17,CUST0149,Hassan Farouk,Alexandria,Consumer,Electronics,Wireless Earbuds,1,1111.43,0.0,1111.43,749.17,362.26,Mobile Wallet,In-store,Khaled T.,0,4.0,False,False
ORD104444,2025-03-29,CUST0226,Adel El-Sayed,Alexandria,SMB,Beauty,Skincare Set,1,774.36,0.0,774.36,352.38,421.98,Cash,Online,,1,5.0,False,False
ORD101320,2023-10-08,CUST0227,Youssef Mahmoud,Giza,Consumer,Home & Kitchen,Vacuum Cleaner,1,3245.48,0.0,3245.48,1841.63,1403.85,Cash,Online,Youssef A.,2,5.0,False,False
ORD100202,2023-02-15,CUST0548,Amr Farouk,Cairo,SMB,Electronics,Bluetooth Speaker,3,895.46,0.0,2686.38,1693.47,992.91,Installment,Online,,4,4.0,False,False
ORD102794,2024-07-02,CUST0104,Youssef Hassan,Cairo,SMB,Beauty,Makeup Kit,2,566.87,0.0,1133.74,501.16,632.58,Cash,In-store,Youssef A.,0,5.0,False,False
ORD102079,2024-03-03,CUST0137,Laila Mahmoud,Aswan,Consumer,Groceries,Honey Jar,1,309.71,0.0,309.71,201.18,108.53,Installment,In-store,Mona K.,0,5.0,False,False
ORD103639,2024-12-13,CUST0444,Heba Farouk,Aswan,Consumer,Electronics,Power Bank,1,639.74,0.0,639.74,350.56,289.18,Card,In-store,Sara M.,0,1.0,False,False
ORD104392,2025-03-25,CUST0015,Yasmin Mahmoud,Giza,Consumer,Electronics,Smart Watch,1,3573.53,0.0,3573.53,2185.53,1388.0,Installment,Online,,3,1.0,False,False
ORD101561,2023-11-26,CUST0591,Nourhan Khalil,Alexandria,Consumer,Electronics,Bluetooth Speaker,2,1008.34,10.0,1815.01,1137.62,677.39,Mobile Wallet,In-store,Sara M.,0,5.0,True,False
ORD102871,2024-07-21,CUST0301,Laila Sherif,Giza,Consumer,Clothing,Sneakers,1,1367.17,0.0,1367.17,675.02,692.15,Installment,Online,Youssef A.,2,3.0,False,False
ORD102986,2024-08-18,CUST0211,Adel Sherif,Mansoura,SMB,Sports,Yoga Mat,2,470.66,0.0,941.32,454.78,486.54,Cash,Online,Sara M.,5,,False,False
ORD100904,2023-06-20,CUST0339,Karim Mahmoud,Alexandria,SMB,Beauty,Perfume,1,1401.08,0.0,1401.08,571.89,829.19,Cash,In-store,Youssef A.,0,3.0,False,False
ORD103508,2024-11-26,CUST0339,Karim Mahmoud,Alexandria,SMB,Beauty,Perfume,2,1293.53,20.0,2069.65,1147.5,922.15,Mobile Wallet,Online,Omar F.,1,3.0,True,False
ORD101476,2023-11-15,CUST0456,Laila Mahmoud,Alexandria,Consumer,Groceries,Honey Jar,2,328.23,0.0,656.46,380.52,275.94,Card,Online,Khaled T.,1,3.0,False,False
ORD102957,2024-08-13,CUST0088,Mona El-Sayed,Mansoura,Consumer,Sports,Yoga Mat,1,414.99,0.0,414.99,211.2,203.79,Cash,Phone,Khaled T.,0,,False,False
ORD101892,2024-01-29,CUST0215,Rania Mahmoud,Tanta,Consumer,Sports,Football,1,383.67,0.0,383.67,180.12,203.55,Mobile Wallet,In-store,Omar F.,0,,False,False
ORD101613,2023-12-02,CUST0397,Tarek El-Sayed,Alexandria,SMB,Electronics,Smart Watch,1,3644.79,0.0,-3644.79,2008.52,-1636.27,Mobile Wallet,Online,Mona K.,2,3.0,False,True
ORD100610,2023-04-20,CUST0157,Heba Khalil,Aswan,Consumer,Beauty,Skincare Set,1,826.29,0.0,826.29,342.71,483.58,Card,In-store,Omar F.,0,4.0,False,False
ORD104329,2025-03-17,CUST0576,Heba Aziz,Cairo,Consumer,Home & Kitchen,Vacuum Cleaner,1,3344.58,0.0,3344.58,1904.06,1440.52,Card,In-store,Khaled T.,0,4.0,False,False
ORD105435,2025-09-30,CUST0566,Khaled Farouk,Alexandria,Consumer,Beauty,Perfume,2,1359.7,0.0,2719.4,1171.98,1547.42,Card,In-store,Sara M.,0,4.0,False,False
ORD101129,2023-08-26,CUST0468,Laila Sherif,Alexandria,Enterprise,Electronics,Bluetooth Speaker,1,958.43,0.0,958.43,562.15,396.28,Card,Online,Sara M.,1,3.0,False,False
ORD103832,2025-01-13,CUST0490,Heba Sherif,Tanta,SMB,Groceries,Rice 5kg,1,225.4,0.0,225.4,143.39,82.01,Installment,Online,Mona K.,0,3.0,False,False
ORD102466,2024-05-02,CUST0037,Laila Farouk,Aswan,Consumer,Electronics,Power Bank,1,616.46,0.0,616.46,343.35,273.11,Cash,In-store,Sara M.,0,4.0,False,False
ORD104272,2025-03-10,CUST0412,Mahmoud Khalil,Alexandria,Consumer,Groceries,Olive Oil 1L,1,273.38,10.0,-246.04,182.01,-64.03,Installment,Online,Mona K.,2,4.0,True,True
ORD101600,2023-11-30,CUST0301,Laila Sherif,Giza,Consumer,Electronics,Smart Watch,5,3282.42,10.0,14770.89,10460.05,4310.84,Cash,In-store,Youssef A.,0,4.0,True,False
ORD104797,2025-05-29,CUST0564,Mona Hassan,Alexandria,Consumer,Sports,Yoga Mat,1,484.48,0.0,484.48,225.83,258.65,Mobile Wallet,In-store,Mona K.,0,5.0,False,False
ORD103978,2025-02-06,CUST0109,Laila Ibrahim,Tanta,SMB,Clothing,Women's Dress,1,842.97,0.0,842.97,402.85,440.12,Card,Online,,4,2.0,False,False
ORD103414,2024-11-14,CUST0540,Omar Hassan,Giza,Consumer,Electronics,Bluetooth Speaker,5,925.33,0.0,4626.65,2742.3,1884.35,Mobile Wallet,Online,Youssef A.,1,2.0,False,False
ORD101389,2023-10-26,CUST0460,Karim Ibrahim,Tanta,Consumer,Beauty,Perfume,2,1329.26,0.0,2658.52,1147.52,1511.0,Card,In-store,Nourhan S.,0,3.0,False,False
ORD101887,2024-01-27,CUST0489,Amr Sherif,Cairo,SMB,Clothing,Men's T-Shirt,1,346.79,0.0,346.79,145.74,201.05,Installment,Online,,4,3.0,False,False
ORD100423,2023-03-25,CUST0174,Adel Aziz,Alexandria,Consumer,Clothing,Sneakers,1,1413.32,0.0,1413.32,666.02,747.3,Cash,Phone,Omar F.,0,,False,False
ORD105772,2025-11-22,CUST0577,Laila El-Sayed,Alexandria,SMB,Sports,Football,3,372.98,15.0,951.1,542.52,408.58,Cash,Online,,2,4.0,True,False
ORD104708,2025-05-13,CUST0453,Sara Aziz,Giza,Consumer,Beauty,Makeup Kit,1,638.75,0.0,-638.75,257.82,-380.93,Mobile Wallet,Online,,1,5.0,False,True
ORD105903,2025-12-03,CUST0285,Ahmed Hassan,Mansoura,Consumer,Electronics,Power Bank,1,632.77,0.0,632.77,350.55,282.22,Cash,In-store,Nourhan S.,0,4.0,False,False
ORD104826,2025-06-02,CUST0035,Heba Khalil,Cairo,Consumer,Home & Kitchen,Coffee Maker,1,1405.79,0.0,1405.79,819.15,586.64,Card,In-store,Khaled T.,0,5.0,False,False
ORD100683,2023-04-29,CUST0239,Youssef Mostafa,Giza,Consumer,Clothing,Men's T-Shirt,1,353.87,0.0,353.87,148.24,205.63,Card,In-store,Omar F.,0,3.0,False,False
ORD105929,2025-12-06,CUST0313,Salma Farouk,Cairo,Consumer,Home & Kitchen,Blender,1,1163.54,0.0,1163.54,594.44,569.1,Mobile Wallet,Online,,3,4.0,False,False
ORD105321,2025-09-10,CUST0088,Mona El-Sayed,Mansoura,Consumer,Clothing,Jeans,2,791.72,0.0,1583.44,652.4,931.04,Mobile Wallet,Phone,Youssef A.,0,5.0,False,False
ORD101325,2023-10-10,CUST0319,Mona Aziz,Giza,Consumer,Clothing,Women's Dress,1,895.19,0.0,895.19,393.47,501.72,Installment,Online,,4,4.0,False,False
ORD105059,2025-07-17,CUST0381,Heba Sherif,Giza,Consumer,Home & Kitchen,Vacuum Cleaner,1,2979.93,0.0,2979.93,1866.11,1113.82,Card,In-store,,0,1.0,False,False
ORD100820,2023-05-28,CUST0359,Rania Abdel Rahman,Tanta,SMB,Beauty,Hair Dryer,3,881.09,0.0,2643.27,1283.85,1359.42,Installment,Phone,Mona K.,0,5.0,False,False
ORD100613,2023-04-21,CUST0016,Nada Aziz,Mansoura,Consumer,Beauty,Skincare Set,3,747.32,0.0,2241.96,1097.7,1144.26,Card,Online,,4,3.0,False,False
ORD105727,2025-11-17,CUST0325,Khaled Farouk,Giza,Consumer,Sports,Running Shoes,2,1714.67,0.0,3429.34,1697.3,1732.04,Cash,In-store,Youssef A.,0,2.0,False,False
ORD101800,2024-01-11,CUST0065,Omar Mostafa,Cairo,SMB,Electronics,Phone Case,1,243.82,25.0,182.86,93.13,89.73,Card,In-store,Youssef A.,0,2.0,True,False
ORD101450,2023-11-08,CUST0316,Amr Ibrahim,Alexandria,SMB,Clothing,Hoodie,1,604.42,0.0,604.42,286.18,318.24,Mobile Wallet,Online,Omar F.,5,5.0,False,False
ORD104447,2025-03-29,CUST0318,Karim Ibrahim,Cairo,SMB,Electronics,Phone Case,2,263.09,0.0,526.18,186.44,339.74,Mobile Wallet,Online,Omar F.,2,4.0,False,False
ORD105483,2025-10-08,CUST0208,Khaled Mostafa,Cairo,Enterprise,Home & Kitchen,Blender,2,1100.02,10.0,1980.04,1234.28,745.76,Installment,Online,,0,,True,False
ORD102676,2024-06-09,CUST0327,Dina Hassan,Alexandria,SMB,Electronics,Phone Case,3,230.05,0.0,690.15,281.85,408.3,Card,In-store,Omar F.,0,4.0,False,False
ORD102579,2024-05-24,CUST0336,Youssef El-Sayed,Tanta,Consumer,Beauty,Perfume,1,1291.58,0.0,1291.58,593.67,697.91,Card,In-store,,0,4.0,False,False
ORD105010,2025-07-06,CUST0114,Rania Aziz,Tanta,SMB,Groceries,Rice 5kg,1,209.57,0.0,-209.57,150.57,-59.0,Mobile Wallet,Online,Mona K.,1,2.0,False,True
ORD105283,2025-09-03,CUST0290,Yasmin Farouk,Giza,Consumer,Sports,Running Shoes,1,1547.95,0.0,1547.95,857.68,690.27,Card,Online,,2,,False,False
ORD105008,2025-07-06,CUST0396,Youssef Aziz,Cairo,Consumer,Electronics,Smart Watch,3,3302.33,0.0,9906.99,6527.94,3379.05,Card,In-store,Omar F.,0,5.0,False,False
ORD100374,2023-03-18,CUST0105,Nada Mahmoud,Cairo,Consumer,Clothing,Sneakers,1,1449.35,0.0,1449.35,729.28,720.07,Card,In-store,Omar F.,0,2.0,False,False
ORD104891,2025-06-14,CUST0559,Adel Hassan,Giza,Enterprise,Beauty,Makeup Kit,1,558.04,0.0,558.04,245.45,312.59,Card,In-store,Khaled T.,0,5.0,False,False
ORD102893,2024-07-27,CUST0098,Mona Abdel Rahman,Giza,Consumer,Home & Kitchen,Vacuum Cleaner,2,3394.79,15.0,-5771.14,3771.82,-1999.32,Cash,Online,Nourhan S.,2,5.0,True,True
ORD103610,2024-12-07,CUST0227,Youssef Mahmoud,Giza,Consumer,Groceries,Rice 5kg,1,217.02,0.0,217.02,154.21,62.81,Mobile Wallet,Online,Sara M.,3,4.0,False,False
ORD106011,2025-12-22,CUST0592,Mona Aziz,Giza,Consumer,Groceries,Rice 5kg,1,230.28,0.0,230.28,148.31,81.97,Cash,Phone,Sara M.,0,4.0,False,False
ORD102024,2024-02-24,CUST0307,Ahmed Farouk,Mansoura,Consumer,ELECTRONICS,Smart Watch,1,3631.47,0.0,3631.47,2179.59,1451.88,Mobile Wallet,Online,,3,4.0,False,False
ORD100227,2023-02-22,CUST0409,Ahmed Farouk,Cairo,Consumer,Electronics,Smart Watch,2,3715.73,0.0,7431.46,4026.42,3405.04,Installment,Online,,1,,False,False
ORD105916,2025-12-05,CUST0070,Nourhan Mostafa,alexandria,Consumer,Home & Kitchen,Vacuum Cleaner,3,3274.8,0.0,9824.4,5507.64,4316.76,Card,Online,,0,4.0,False,False
ORD105905,2025-12-03,CUST0064,Khaled Mahmoud,Mansoura,Consumer,Groceries,Olive Oil 1L,1,266.56,0.0,266.56,176.55,90.01,Card,In-store,Youssef A.,0,4.0,False,False
ORD102247,2024-03-23,CUST0581,Tarek El-Sayed,Mansoura,Consumer,Home & Kitchen,Blender,1,1051.42,0.0,1051.42,612.35,439.07,Card,In-store,Omar F.,0,,False,False
ORD101012,2023-07-20,CUST0003,Omar Sherif,Alexandria,Consumer,Electronics,Smart Watch,3,3276.01,20.0,7862.42,6288.84,1573.58,Mobile Wallet,Phone,Sara M.,0,5.0,True,False
ORD103574,2024-11-30,CUST0063,Nada Mostafa,Cairo,Consumer,Sports,Yoga Mat,1,473.96,15.0,402.87,221.01,181.86,Cash,Online,,0,3.0,True,False
ORD105519,2025-10-14,CUST0110,Mahmoud Aziz,Giza,Consumer,Home & Kitchen,Coffee Maker,3,1526.7,0.0,4580.1,2427.57,2152.53,Card,Online,,3,5.0,False,False
ORD104634,2025-04-29,CUST0270,Salma Sherif,Giza,SMB,Beauty,Skincare Set,2,752.86,0.0,1505.72,699.98,805.74,Card,In-store,Nourhan S.,0,,False,False
ORD101249,2023-09-23,CUST0022,Hassan Sherif,giza,Consumer,Home & Kitchen,Air Fryer,1,2576.9,0.0,2576.9,1709.3,867.6,Mobile Wallet,Online,Omar F.,5,4.0,False,False
ORD105966,2025-12-13,CUST0415,Laila Farouk,Cairo,Consumer,Electronics,Power Bank,1,643.53,0.0,643.53,354.46,289.07,Card,Online,,3,,False,False
ORD105947,2025-12-10,CUST0574,Karim El-Sayed,Alexandria,SMB,Electronics,Wireless Earbuds,1,1203.98,0.0,1203.98,778.28,425.7,Card,In-store,Youssef A.,0,4.0,False,False
ORD105884,2025-11-30,CUST0582,Khaled Abdel Rahman,Alexandria,Consumer,Clothing,Men's T-Shirt,1,362.4,10.0,326.16,143.0,183.16,Mobile Wallet,In-store,Mona K.,0,5.0,True,False
ORD101338,2023-10-12,CUST0267,Nourhan Mahmoud,Cairo,Consumer,Beauty,Makeup Kit,1,595.33,0.0,595.33,258.69,336.64,Card,Online,,1,4.0,False,False
ORD101029,2023-07-25,CUST0443,Khaled El-Sayed,Alexandria,Consumer,Sports,Dumbbell Set,1,1691.2,0.0,1691.2,1099.34,591.86,Cash,Online,Youssef A.,0,3.0,False,False
ORD103286,2024-10-19,CUST0476,Ahmed Abdel Rahman,Cairo,Consumer,Beauty,Skincare Set,1,815.39,10.0,733.85,364.17,369.68,Card,Online,Mona K.,2,5.0,True,False
ORD103691,2024-12-24,CUST0190,Hassan Farouk,Mansoura,SMB,Beauty,Hair Dryer,1,866.04,0.0,866.04,439.66,426.38,Card,In-store,Sara M.,0,5.0,False,False
ORD105072,2025-07-20,CUST0329,Heba Aziz,Mansoura,Consumer,Electronics,Smart Watch,1,3297.3,0.0,3297.3,2047.94,1249.36,Mobile Wallet,Online,,5,5.0,False,False
ORD103047,2024-09-05,CUST0570,Nada Sherif,Cairo,SMB,Groceries,Honey Jar,2,333.75,0.0,667.5,405.54,261.96,Installment,Online,Omar F.,7,,False,False
ORD105085,2025-07-25,CUST0213,Khaled Mostafa,Mansoura,Consumer,Home & Kitchen,Coffee Maker,2,1539.99,0.0,3079.98,1703.8,1376.18,Mobile Wallet,Phone,Youssef A.,0,4.0,False,False
ORD103598,2024-12-05,CUST0557,Omar Sherif,Giza,Enterprise,Electronics,Phone Case,5,235.99,5.0,1120.95,456.5,664.45,Cash,In-store,Youssef A.,0,5.0,True,False
ORD105390,2025-09-22,CUST0541,Dina Sherif,Alexandria,SMB,Electronics,Wireless Earbuds,2,1222.17,25.0,1833.26,1548.24,285.02,Card,Online,,1,5.0,True,False
ORD104814,2025-06-01,CUST0281,Adel Mahmoud,Cairo,Consumer,Home & Kitchen,Vacuum Cleaner,1,3435.38,0.0,3435.38,1922.1,1513.28,Installment,Online,,0,,False,False
ORD100185,2023-02-12,CUST0155,Dina Abdel Rahman,Aswan,Consumer,Groceries,Honey Jar,1,329.74,0.0,329.74,208.9,120.84,Card,In-store,Khaled T.,0,4.0,False,False
ORD102776,2024-06-28,CUST0475,Khaled Sherif,Tanta,SMB,Electronics,Wireless Earbuds,2,1168.8,0.0,2337.6,1498.26,839.34,Card,Online,,5,5.0,False,False
ORD102651,2024-06-04,CUST0321,Rania Mahmoud,Cairo,Consumer,Sports,Yoga Mat,1,448.55,0.0,-448.55,228.04,-220.51,Mobile Wallet,In-store,Khaled T.,0,2.0,False,True
ORD103413,2024-11-14,CUST0202,Heba Mostafa,Alexandria,Consumer,Groceries,Rice 5kg,1,216.57,0.0,216.57,156.82,59.75,Card,Online,,7,5.0,False,False
ORD103050,2024-09-05,CUST0365,Adel Hassan,Alexandria,Consumer,Groceries,Honey Jar,1,322.63,0.0,322.63,193.7,128.93,Cash,Online,,4,2.0,False,False
ORD105213,2025-08-20,CUST0204,Rania Farouk,Cairo,Consumer,Clothing,Women's Dress,2,959.62,0.0,1919.24,762.4,1156.84,Card,Online,Khaled T.,2,4.0,False,False
ORD103486,2024-11-24,CUST0378,Laila Ibrahim,Mansoura,SMB,Sports,Yoga Mat,2,452.0,15.0,768.4,423.92,344.48,Mobile Wallet,Online,Sara M.,1,3.0,True,False
ORD100230,2023-02-23,CUST0105,Nada Mahmoud,Cairo,Consumer,Home & Kitchen,Coffee Maker,1,1486.7,0.0,1486.7,870.6,616.1,Card,Online,,2,3.0,False,False
ORD102215,2024-03-20,CUST0034,Dina Mostafa,Giza,SMB,Groceries,Coffee 250g,1,190.26,0.0,190.26,95.28,94.98,Installment,Online,,1,1.0,False,False
ORD100690,2023-04-30,CUST0455,Salma Khalil,Cairo,Enterprise,Electronics,Bluetooth Speaker,1,916.81,0.0,916.81,555.73,361.08,Mobile Wallet,Online,Sara M.,3,1.0,False,False
ORD101272,2023-09-27,CUST0477,Nourhan Mostafa,Alexandria,Consumer,Groceries,Olive Oil 1L,1,14678.5,0.0,14678.5,177.96,115.61,Card,Online,Sara M.,1,2.0,False,False
ORD104108,2025-02-20,CUST0183,Amr Hassan,Aswan,SMB,Beauty,Skincare Set,1,790.17,0.0,790.17,342.07,448.1,Mobile Wallet,Online,,2,3.0,False,False
ORD101781,2024-01-06,CUST0370,Yasmin Sherif,Alexandria,SMB,Beauty,Hair Dryer,2,841.41,0.0,1682.82,934.42,748.4,Mobile Wallet,Phone,Sara M.,0,5.0,False,False
ORD103554,2024-11-29,CUST0527,Omar Ibrahim,Cairo,Consumer,Sports,Dumbbell Set,1,1935.27,10.0,1741.74,1143.95,597.79,Card,In-store,Omar F.,0,5.0,True,False
ORD103159,2024-09-24,CUST0272,Khaled Abdel Rahman,Giza,Consumer,Beauty,Makeup Kit,1,610.27,0.0,610.27,254.32,355.95,Cash,Online,Youssef A.,4,2.0,False,False
ORD103831,2025-01-13,CUST0415,Laila Farouk,Cairo,Consumer,Beauty,Makeup Kit,1,619.32,0.0,619.32,245.78,373.54,Mobile Wallet,Online,Sara M.,0,4.0,False,False
ORD104061,2025-02-15,CUST0563,Nada Sherif,Mansoura,SMB,Beauty,Perfume,1,1294.29,0.0,1294.29,611.8,682.49,Cash,In-store,Khaled T.,0,5.0,False,False
ORD101970,2024-02-12,CUST0230,Dina Sherif,Aswan,Consumer,Electronics,Phone Case,1,250.4,0.0,250.4,88.53,161.87,Cash,Phone,Sara M.,0,5.0,False,False
ORD101839,2024-01-20,CUST0111,Salma Mahmoud,Giza,Consumer,Home & Kitchen,Air Fryer,1,2756.13,0.0,2756.13,1655.92,1100.21,Card,Online,,4,4.0,False,False
ORD100127,2023-01-29,CUST0419,Amr Abdel Rahman,Alexandria,Consumer,Clothing,Hoodie,1,695.78,0.0,695.78,286.4,409.38,Cash,In-store,Omar F.,0,4.0,False,False
ORD104248,2025-03-08,CUST0548,Amr Farouk,Cairo,SMB,Beauty,Perfume,2,1298.97,0.0,2597.94,1198.86,1399.08,Card,In-store,Sara M.,0,5.0,False,False
ORD102038,2024-02-28,CUST0184,Laila Mostafa,Aswan,Consumer,Sports,Dumbbell Set,2,1735.6,0.0,3471.2,2281.96,1189.24,Card,Online,,7,5.0,False,False
ORD103593,2024-12-04,CUST0377,Sara Ibrahim,Aswan,SMB,Clothing,Women's Dress,1,869.34,0.0,869.34,411.32,458.02,Card,Online,Mona K.,1,5.0,False,False
ORD103432,2024-11-19,CUST0470,Nada Mahmoud,Cairo,Consumer,Clothing,Men's T-Shirt,1,371.54,0.0,371.54,156.48,215.06,Card,In-store,Sara M.,0,5.0,False,False
ORD105660,2025-11-06,CUST0246,Nada Aziz,Giza,SMB,Electronics,Phone Case,1,239.6,0.0,239.6,88.41,151.19,Installment,Online,Khaled T.,7,5.0,False,False
ORD104952,2025-06-25,CUST0202,Heba Mostafa,Alexandria,Consumer,Clothing,Sneakers,2,1296.77,0.0,2593.54,1421.36,1172.18,Cash,In-store,Nourhan S.,0,,False,False
ORD103594,2024-12-05,CUST0282,Youssef El-Sayed,Cairo,Consumer,Clothing,Men's T-Shirt,3,366.86,0.0,1100.58,445.02,655.56,Cash,Online,,3,5.0,False,False
ORD103847,2025-01-15,CUST0040,Tarek Aziz,Alexandria,Consumer,Clothing,Hoodie,1,676.22,0.0,676.22,296.15,380.07,Cash,In-store,Khaled T.,0,3.0,False,False
ORD104829,2025-06-03,CUST0219,Youssef Ibrahim,Cairo,SMB,Beauty,Perfume,1,1295.79,0.0,1295.79,593.79,702.0,Card,Online,,2,4.0,False,False
ORD104239,2025-03-07,CUST0472,Ahmed Farouk,Alexandria,Consumer,Electronics,Bluetooth Speaker,2,992.12,0.0,1984.24,1117.24,867.0,Mobile Wallet,In-store,Nourhan S.,0,4.0,False,False
ORD103611,2024-12-08,CUST0334,Laila Mahmoud,Alexandria,SMB,Groceries,Olive Oil 1L,1,274.02,0.0,274.02,177.19,96.83,Cash,In-store,Sara M.,0,5.0,False,False
ORD103630,2024-12-11,CUST0511,Hassan Hassan,Mansoura,Consumer,Beauty,Hair Dryer,1,923.33,25.0,692.5,450.64,241.86,Card,Online,Omar F.,3,4.0,True,False
ORD102237,2024-03-22,CUST0517,Omar Mostafa,alexandria,Consumer,Clothing,Men's T-Shirt,1,333.18,0.0,333.18,142.6,190.58,Card,Phone,Khaled T.,0,5.0,False,False
ORD100404,2023-03-23,CUST0528,Tarek Mahmoud,Cairo,Consumer,Sports,Running Shoes,3,1669.03,0.0,5007.09,2547.03,2460.06,Cash,In-store,Nourhan S.,0,5.0,False,False
ORD101653,2023-12-11,CUST0373,Tarek Aziz,Cairo,Consumer,Clothing,Women's Dress,1,869.98,0.0,869.98,413.56,456.42,Cash,In-store,Omar F.,0,2.0,False,False
ORD102194,2024-03-18,CUST0530,Adel Ibrahim,Alexandria,SMB,Clothing,Jeans,1,808.96,0.0,808.96,312.15,496.81,Cash,Online,Nourhan S.,3,5.0,False,False
ORD105670,2025-11-08,CUST0019,Hassan Mahmoud,Mansoura,Enterprise,Electronics,Bluetooth Speaker,1,877.53,0.0,877.53,577.0,300.53,Mobile Wallet,Phone,Khaled T.,0,5.0,False,False
ORD101504,2023-11-21,CUST0531,Tarek Khalil,Alexandria,Consumer,Beauty,Perfume,1,1356.42,20.0,1085.14,618.17,466.97,Card,In-store,Mona K.,0,2.0,True,False
ORD104004,2025-02-08,CUST0571,Yasmin Khalil,Cairo,Consumer,Clothing,Men's T-Shirt,2,331.68,0.0,663.36,297.1,366.26,Installment,Online,Nourhan S.,7,1.0,False,False
ORD103795,2025-01-06,CUST0216,Mona Ibrahim,Giza,SMB,Sports,Yoga Mat,2,459.19,0.0,918.38,441.46,476.92,Cash,Online,Nourhan S.,3,2.0,False,False
ORD105257,2025-08-30,CUST0365,Adel Hassan,Alexandria,Consumer,Home & Kitchen,Cookware Set,1,2089.52,5.0,1985.04,1266.46,718.58,Cash,Online,,3,5.0,True,False
ORD100153,2023-02-04,CUST0043,Ahmed Khalil,Cairo,Consumer,Electronics,Power Bank,1,602.26,0.0,602.26,342.38,259.88,Card,In-store,Khaled T.,0,2.0,False,False
ORD100816,2023-05-27,CUST0034,Dina Mostafa,Giza,SMB,Electronics,Phone Case,1,254.13,0.0,254.13,85.78,168.35,Card,Online,,3,,False,False
ORD105546,2025-10-19,CUST0344,Mona Abdel Rahman,Mansoura,Consumer,Home & Kitchen,Cookware Set,1,2350.8,0.0,2350.8,1323.78,1027.02,Card,In-store,Nourhan S.,0,5.0,False,False
ORD102946,2024-08-10,CUST0210,Dina Sherif,Alexandria,Consumer,Sports,Yoga Mat,1,442.75,0.0,442.75,226.27,216.48,Card,Phone,Youssef A.,0,5.0,False,False
ORD100893,2023-06-16,CUST0399,Amr Abdel Rahman,Mansoura,Consumer,Sports,Running Shoes,1,1478.91,0.0,1478.91,883.93,594.98,Mobile Wallet,In-store,Khaled T.,0,4.0,False,False
ORD103944,2025-02-01,CUST0420,Karim Khalil,Giza,Consumer,Electronics,Wireless Earbuds,1,1160.76,0.0,1160.76,726.95,433.81,Card,Online,Khaled T.,3,4.0,False,False
ORD104305,2025-03-14,CUST0272,Khaled Abdel Rahman,Giza,Consumer,Electronics,Power Bank,2,645.8,25.0,968.7,714.32,254.38,Mobile Wallet,Online,Omar F.,1,3.0,True,False
ORD102009,2024-02-21,CUST0592,Mona Aziz,Giza,Consumer,Beauty,Perfume,1,1376.58,0.0,1376.58,620.33,756.25,Mobile Wallet,Online,Youssef A.,3,5.0,False,False
ORD101094,2023-08-14,CUST0077,Hassan Farouk,Cairo,Consumer,Home & Kitchen,Coffee Maker,2,1502.75,5.0,2855.22,1711.08,1144.14,Cash,Online,Sara M.,1,2.0,True,False
ORD105190,2025-08-14,CUST0580,Mahmoud Mostafa,Giza,SMB,Home & Kitchen,Cookware Set,1,2187.62,0.0,2187.62,1307.25,880.37,Cash,Online,,1,5.0,False,False
ORD103314,2024-10-25,CUST0385,Adel Mahmoud,Aswan,Consumer,Electronics,Wireless Earbuds,1,1199.04,0.0,1199.04,740.75,458.29,Card,Online,Nourhan S.,0,3.0,False,False
ORD102712,2024-06-15,CUST0250,Adel Aziz,Cairo,Enterprise,Sports,Running Shoes,2,1634.41,10.0,2941.94,1625.32,1316.62,Cash,In-store,Nourhan S.,0,5.0,True,False
ORD100735,2023-05-10,CUST0279,Adel Abdel Rahman,Mansoura,Enterprise,Sports,Yoga Mat,2,433.8,0.0,867.6,424.1,443.5,Mobile Wallet,Online,Khaled T.,0,3.0,False,False
ORD104602,2025-04-24,CUST0599,Mahmoud Khalil,Mansoura,Consumer,Groceries,Olive Oil 1L,2,266.77,0.0,533.54,344.58,188.96,Mobile Wallet,In-store,Omar F.,0,3.0,False,False
ORD100517,2023-04-08,CUST0121,Rania Hassan,Alexandria,Enterprise,Groceries,Rice 5kg,1,213.0,0.0,213.0,151.17,61.83,Cash,Online,Mona K.,0,5.0,False,False
ORD100927,2023-06-26,CUST0061,Dina Hassan,Aswan,Consumer,ELECTRONICS,Power Bank,1,599.25,0.0,599.25,344.35,254.9,Card,In-store,Mona K.,0,5.0,False,False
ORD101558,2023-11-26,CUST0236,Sara Sherif,Cairo,SMB,Clothing,Women's Dress,1,941.32,5.0,894.25,392.46,501.79,Card,Online,Sara M.,2,3.0,True,False
ORD100843,2023-06-04,CUST0213,Khaled Mostafa,Mansoura,Consumer,Clothing,Sneakers,1,1430.54,0.0,1430.54,700.01,730.53,Card,Online,Youssef A.,3,3.0,False,False
ORD102415,2024-04-21,CUST0428,Yasmin Ibrahim,Alexandria,Consumer,Beauty,Perfume,1,1276.4,0.0,1276.4,612.74,663.66,Cash,Online,,2,4.0,False,False
ORD101533,2023-11-24,CUST0596,Mahmoud Ibrahim,Cairo,Consumer,Electronics,Wireless Earbuds,1,1248.15,20.0,998.52,750.43,248.09,Installment,Online,Sara M.,3,4.0,True,False
ORD104774,2025-05-24,CUST0389,Adel Aziz,Giza,Enterprise,Sports,Football,2,409.06,0.0,818.12,366.78,451.34,Mobile Wallet,Online,,2,4.0,False,False
ORD103333,2024-10-29,CUST0588,Nourhan Sherif,Aswan,SMB,Clothing,Women's Dress,1,874.66,0.0,874.66,411.6,463.06,Installment,Online,,3,5.0,False,False
ORD102119,2024-03-08,CUST0328,Karim Farouk,Alexandria,Consumer,Home & Kitchen,Blender,2,1185.9,0.0,2371.8,1243.44,1128.36,Mobile Wallet,Phone,Khaled T.,0,2.0,False,False
ORD104584,2025-04-20,CUST0433,Salma Khalil,Alexandria,Consumer,Clothing,Men's T-Shirt,1,370.55,15.0,314.97,148.31,166.66,Cash,In-store,Mona K.,0,4.0,True,False
ORD105510,2025-10-12,CUST0028,Sara El-Sayed,Alexandria,Consumer,Electronics,Wireless Earbuds,1,1182.23,0.0,1182.23,723.83,458.4,Card,In-store,Khaled T.,0,4.0,False,False
ORD103756,2025-01-02,CUST0587,Khaled Aziz,Mansoura,SMB,Beauty,Hair Dryer,1,909.62,0.0,909.62,457.34,452.28,Card,In-store,Youssef A.,0,3.0,False,False
ORD105615,2025-10-30,CUST0411,Rania Mostafa,Giza,Consumer,Clothing,Sneakers,1,1384.53,0.0,-1384.53,683.82,-700.71,Mobile Wallet,In-store,Khaled T.,0,4.0,False,True
ORD101033,2023-07-25,CUST0447,Youssef Ibrahim,Cairo,SMB,Beauty,Skincare Set,1,811.42,0.0,811.42,357.77,453.65,Card,Online,Mona K.,3,5.0,False,False
ORD102065,2024-03-02,CUST0184,Laila Mostafa,Aswan,Consumer,Sports,Football,2,382.98,0.0,765.96,362.64,403.32,Mobile Wallet,Phone,Nourhan S.,0,3.0,False,False
ORD101134,2023-08-27,CUST0582,Khaled Abdel Rahman,Alexandria,Consumer,Home & Kitchen,Vacuum Cleaner,1,3153.5,15.0,2680.48,1993.44,687.04,Cash,Online,Mona K.,2,4.0,True,False
ORD104368,2025-03-21,CUST0072,Omar Ibrahim,Mansoura,Consumer,Beauty,Perfume,2,1367.01,0.0,2734.02,1187.7,1546.32,Cash,In-store,Youssef A.,0,5.0,False,False
ORD102868,2024-07-20,CUST0470,Nada Mahmoud,Cairo,Consumer,Electronics,Bluetooth Speaker,1,885.89,0.0,-885.89,534.3,-351.59,Mobile Wallet,In-store,Omar F.,0,3.0,False,True
ORD103224,2024-10-07,CUST0536,Karim El-Sayed,Giza,Consumer,Groceries,Honey Jar,1,329.37,0.0,329.37,204.09,125.28,Card,In-store,Omar F.,0,2.0,False,False
ORD105875,2025-11-30,CUST0179,Ahmed Khalil,Cairo,Consumer,Home & Kitchen,Cookware Set,3,2359.11,10.0,6369.6,3744.48,2625.12,Card,In-store,Sara M.,0,5.0,True,False
ORD104056,2025-02-14,CUST0325,Khaled Farouk,Giza,Consumer,Beauty,Hair Dryer,1,963.43,0.0,963.43,427.99,535.44,Card,Phone,Sara M.,0,5.0,False,False
ORD104913,2025-06-18,CUST0115,Nada Ibrahim,mansoura,Consumer,Sports,Running Shoes,1,1697.2,0.0,1697.2,819.42,877.78,Cash,Online,Mona K.,2,1.0,False,False
ORD105149,2025-08-05,CUST0048,Dina Mahmoud,Cairo,Consumer,Beauty,Perfume,1,1265.43,0.0,1265.43,627.55,637.88,Cash,Online,Youssef A.,1,5.0,False,False
ORD100707,2023-05-06,CUST0566,Khaled Farouk,Alexandria,Consumer,Electronics,Wireless Earbuds,1,1223.27,0.0,1223.27,712.77,510.5,Cash,Online,Sara M.,2,5.0,False,False
ORD100721,2023-05-08,CUST0236,Sara Sherif,Cairo,SMB,Beauty,Skincare Set,1,834.84,0.0,834.84,364.98,469.86,Card,Online,Khaled T.,1,,False,False
ORD104804,2025-05-30,CUST0500,Adel Khalil,Cairo,SMB,Groceries,Olive Oil 1L,2,264.82,0.0,529.64,353.02,176.62,Installment,In-store,Nourhan S.,0,4.0,False,False
ORD105604,2025-10-28,CUST0536,Karim El-Sayed,giza,Consumer,Groceries,Olive Oil 1L,1,265.25,15.0,225.46,186.81,38.65,Cash,In-store,Omar F.,0,5.0,True,False
ORD103673,2024-12-21,CUST0220,Ahmed Hassan,Tanta,SMB,Clothing,Men's T-Shirt,2,354.6,0.0,709.2,290.3,418.9,Mobile Wallet,Online,,0,5.0,False,False
ORD104092,2025-02-18,CUST0023,Mona Mostafa,Cairo,Consumer,Beauty,Makeup Kit,2,568.29,0.0,1136.58,505.52,631.06,Card,In-store,Mona K.,0,1.0,False,False
ORD101375,2023-10-22,CUST0053,Khaled Hassan,Aswan,Consumer,Clothing,Sneakers,3,1479.9,0.0,4439.7,2091.69,2348.01,Cash,Online,Omar F.,2,,False,False
ORD103139,2024-09-20,CUST0366,Khaled El-Sayed,alexandria,Consumer,Beauty,Makeup Kit,1,565.96,0.0,565.96,249.63,316.33,Cash,Online,,0,3.0,False,False
ORD101474,2023-11-15,CUST0519,Ahmed Ibrahim,Giza,Consumer,Electronics,Smart Watch,1,3661.21,0.0,3661.21,2016.95,1644.26,Cash,In-store,Youssef A.,0,,False,False
ORD104389,2025-03-24,CUST0550,Ahmed Khalil,Cairo,Consumer,Home & Kitchen,Blender,1,1110.52,0.0,1110.52,619.73,490.79,Cash,In-store,Mona K.,0,4.0,False,False
ORD104499,2025-04-05,CUST0540,Omar Hassan,giza,Consumer,Beauty,Skincare Set,1,830.49,0.0,830.49,362.25,468.24,Card,Online,Youssef A.,2,5.0,False,False
ORD105928,2025-12-06,CUST0285,Ahmed Hassan,Mansoura,Consumer,Home & Kitchen,Blender,5,1025.6,0.0,5128.0,2989.45,2138.55,Card,In-store,Khaled T.,0,,False,False
ORD104012,2025-02-09,CUST0248,Karim Mostafa,Mansoura,Consumer,Electronics,Wireless Earbuds,1,1178.81,0.0,1178.81,747.71,431.1,Mobile Wallet,Online,,4,5.0,False,False
ORD102857,2024-07-18,CUST0170,Ahmed Khalil,Cairo,SMB,Sports,Running Shoes,1,1594.28,0.0,1594.28,839.32,754.96,Cash,In-store,Mona K.,0,3.0,False,False
ORD105450,2025-10-03,CUST0130,Salma El-Sayed,Cairo,Consumer,Groceries,Coffee 250g,1,186.83,0.0,186.83,104.92,81.91,Cash,Online,,7,3.0,False,False
ORD102838,2024-07-13,CUST0186,Dina Hassan,Mansoura,Consumer,Clothing,Men's T-Shirt,2,328.16,0.0,656.32,306.52,349.8,Cash,Online,Omar F.,0,4.0,False,False
ORD101535,2023-11-24,CUST0382,Heba Khalil,Giza,Consumer,Clothing,Men's T-Shirt,1,376.3,10.0,338.67,148.92,189.75,Mobile Wallet,In-store,Youssef A.,0,3.0,True,False
ORD103659,2024-12-17,CUST0288,Ahmed Abdel Rahman,Cairo,SMB,SPORTS,Yoga Mat,1,433.74,0.0,433.74,220.27,213.47,Card,Online,,2,,False,False
ORD104871,2025-06-09,CUST0473,Ahmed Mostafa,Cairo,Consumer,Electronics,Smart Watch,1,3373.77,0.0,3373.77,2080.94,1292.83,Card,Online,,5,4.0,False,False
ORD102042,2024-02-29,CUST0001,Omar Mostafa,Alexandria,SMB,Beauty,Perfume,1,1373.06,0.0,1373.06,590.04,783.02,Card,In-store,Mona K.,0,5.0,False,False
ORD102442,2024-04-27,CUST0059,Heba Mahmoud,Tanta,Consumer,Clothing,Women's Dress,1,921.35,0.0,921.35,399.83,521.52,Mobile Wallet,Online,,0,4.0,False,False
ORD101175,2023-09-06,CUST0562,Amr Farouk,Cairo,Consumer,Groceries,Coffee 250g,1,180.41,0.0,180.41,103.52,76.89,Card,Online,Nourhan S.,3,5.0,False,False
ORD102107,2024-03-06,CUST0034,Dina Mostafa,Giza,SMB,Clothing,Sneakers,1,1349.57,0.0,-1349.57,729.36,-620.21,Installment,Online,Nourhan S.,5,3.0,False,True
ORD102336,2024-04-07,CUST0098,Mona Abdel Rahman,Giza,Consumer,Electronics,Bluetooth Speaker,1,982.13,0.0,982.13,542.71,439.42,Mobile Wallet,In-store,Sara M.,0,5.0,False,False
ORD100826,2023-05-30,CUST0250,Adel Aziz,Cairo,Enterprise,Electronics,Power Bank,2,580.5,0.0,1161.0,722.66,438.34,Card,In-store,Khaled T.,0,5.0,False,False
ORD100222,2023-02-20,CUST0436,Tarek Khalil,Cairo,Consumer,Sports,Dumbbell Set,5,1905.14,0.0,9525.7,5555.45,3970.25,Card,In-store,Sara M.,0,4.0,False,False
ORD100116,2023-01-27,CUST0105,Nada Mahmoud,Cairo,Consumer,Clothing,Hoodie,5,630.44,15.0,2679.37,1476.0,1203.37,Mobile Wallet,Online,,2,,True,False
ORD101438,2023-11-04,CUST0556,Rania El-Sayed,Tanta,Consumer,Clothing,Hoodie,2,603.12,0.0,1206.24,612.22,594.02,Card,Online,,0,5.0,False,False
ORD104859,2025-06-07,CUST0024,Amr Mahmoud,Mansoura,SMB,Clothing,Jeans,1,793.01,0.0,793.01,318.68,474.33,Cash,In-store,Khaled T.,0,4.0,False,False
ORD101154,2023-09-02,CUST0470,Nada Mahmoud,Cairo,Consumer,Clothing,Sneakers,1,1406.47,0.0,1406.47,694.22,712.25,Cash,Phone,Youssef A.,0,,False,False
ORD102630,2024-06-01,CUST0401,Laila Ibrahim,Alexandria,Consumer,Groceries,Honey Jar,1,343.19,0.0,343.19,191.71,151.48,Mobile Wallet,Online,,3,3.0,False,False
ORD104026,2025-02-11,CUST0336,Youssef El-Sayed,Tanta,Consumer,Clothing,Women's Dress,1,925.2,0.0,925.2,389.06,536.14,Mobile Wallet,In-store,Mona K.,0,3.0,False,False
ORD103764,2025-01-03,CUST0500,Adel Khalil,Cairo,SMB,Beauty,Hair Dryer,1,959.69,0.0,959.69,457.41,502.28,Mobile Wallet,In-store,Omar F.,0,1.0,False,False
ORD100868,2023-06-10,CUST0432,Ahmed Abdel Rahman,Cairo,Consumer,Sports,Football,2,395.31,0.0,790.62,358.18,432.44,Mobile Wallet,In-store,Sara M.,0,4.0,False,False
ORD104563,2025-04-17,CUST0385,Adel Mahmoud,Aswan,Consumer,Clothing,Sneakers,1,1482.16,0.0,1482.16,721.73,760.43,Card,Online,,1,5.0,False,False
ORD104351,2025-03-20,CUST0392,Karim Mahmoud,Giza,Consumer,Beauty,Hair Dryer,1,911.88,10.0,820.69,444.41,376.28,Mobile Wallet,Online,,2,4.0,True,False
ORD102121,2024-03-08,CUST0099,Mahmoud Ibrahim,Giza,Enterprise,Beauty,Skincare Set,1,746.53,0.0,746.53,351.93,394.6,Card,Online,Mona K.,3,2.0,False,False
ORD105778,2025-11-23,CUST0573,Heba Mahmoud,Cairo,Consumer,Clothing,Sneakers,2,1335.83,15.0,2270.91,1428.06,842.85,Card,Online,Sara M.,7,3.0,True,False
ORD102363,2024-04-10,CUST0288,Ahmed Abdel Rahman,Cairo,SMB,Beauty,Hair Dryer,1,885.89,0.0,885.89,430.0,455.89,Mobile Wallet,In-store,Nourhan S.,0,1.0,False,False
ORD104136,2025-02-23,CUST0126,Nourhan Khalil,Alexandria,Consumer,Home & Kitchen,Cookware Set,5,2304.36,0.0,11521.8,6824.8,4697.0,Cash,Online,,7,5.0,False,False
ORD102404,2024-04-19,CUST0219,Youssef Ibrahim,Cairo,SMB,Clothing,Hoodie,1,667.99,0.0,667.99,297.47,370.52,Mobile Wallet,In-store,Omar F.,0,2.0,False,False
ORD105707,2025-11-15,CUST0177,Amr Abdel Rahman,Alexandria,SMB,Sports,Dumbbell Set,2,1832.38,0.0,3664.76,2167.12,1497.64,Cash,In-store,Youssef A.,0,3.0,False,False
ORD103277,2024-10-17,CUST0390,Khaled Sherif,aswan,Enterprise,Clothing,Hoodie,3,654.17,0.0,1962.51,871.8,1090.71,Mobile Wallet,In-store,Sara M.,0,5.0,False,False
ORD105911,2025-12-04,CUST0053,Khaled Hassan,Aswan,Consumer,Electronics,Smart Watch,2,3356.4,0.0,6712.8,4199.02,2513.78,Cash,Phone,Sara M.,0,,False,False
ORD105783,2025-11-23,CUST0022,Hassan Sherif,Giza,Consumer,Electronics,Power Bank,1,573.1,15.0,487.14,342.69,144.45,Card,In-store,Omar F.,0,4.0,True,False
ORD104925,2025-06-20,CUST0172,Amr El-Sayed,Giza,Consumer,Electronics,Smart Watch,1,3666.12,0.0,3666.12,2064.42,1601.7,Mobile Wallet,In-store,Khaled T.,0,4.0,False,False
ORD105020,2025-07-09,CUST0173,Mona Mahmoud,Giza,Consumer,Beauty,Hair Dryer,1,966.36,0.0,966.36,438.86,527.5,Card,Online,,3,4.0,False,False
ORD101623,2023-12-05,CUST0223,Ahmed Ibrahim,Cairo,Consumer,Clothing,Jeans,1,770.15,0.0,770.15,334.93,435.22,Mobile Wallet,Online,,1,4.0,False,False
ORD101127,2023-08-26,CUST0448,Laila Abdel Rahman,Cairo,Consumer,Groceries,Rice 5kg,1,231.32,0.0,231.32,143.17,88.15,Cash,Online,Youssef A.,5,,False,False
ORD101740,2023-12-30,CUST0049,Hassan Mahmoud,Alexandria,Consumer,Sports,Dumbbell Set,1,1919.66,0.0,1919.66,1046.07,873.59,Cash,Online,Nourhan S.,5,4.0,False,False
ORD101135,2023-08-27,CUST0016,Nada Aziz,Mansoura,Consumer,Electronics,Smart Watch,1,3716.0,0.0,3716.0,2181.06,1534.94,Card,In-store,Khaled T.,0,,False,False
ORD103833,2025-01-13,CUST0210,Dina Sherif,Alexandria,Consumer,Clothing,Hoodie,1,678.98,0.0,678.98,310.09,368.89,Cash,In-store,Omar F.,0,5.0,False,False
ORD104143,2025-02-24,CUST0125,Laila Mostafa,Tanta,Consumer,Electronics,Smart Watch,2,3580.49,0.0,7160.98,4162.34,2998.64,Card,In-store,Omar F.,0,5.0,False,False
ORD102815,2024-07-07,CUST0171,Heba Hassan,Aswan,Consumer,Electronics,Phone Case,1,239.43,0.0,239.43,93.03,146.4,Cash,Phone,,0,4.0,False,False
ORD103356,2024-11-04,CUST0538,Sara Ibrahim,Giza,SMB,Home & Kitchen,Air Fryer,3,2795.89,0.0,8387.67,5130.54,3257.13,Installment,Online,Khaled T.,3,3.0,False,False
ORD104241,2025-03-07,CUST0093,Nourhan Mahmoud,Giza,Consumer,Home & Kitchen,Blender,2,1096.53,0.0,2193.06,1219.1,973.96,Card,Online,Omar F.,1,4.0,False,False
ORD103636,2024-12-13,CUST0252,Adel Sherif,Alexandria,SMB,Beauty,Hair Dryer,1,965.68,0.0,965.68,463.27,502.41,Cash,Online,Nourhan S.,2,5.0,False,False
ORD105046,2025-07-14,CUST0325,Khaled Farouk,Giza,Consumer,GROCERIES,Olive Oil 1L,1,270.93,0.0,270.93,185.67,85.26,Card,Phone,Mona K.,0,3.0,False,False
ORD104086,2025-02-17,CUST0118,Khaled Mahmoud,,SMB,Home & Kitchen,Cookware Set,1,2315.16,0.0,2315.16,1354.83,960.33,Cash,Online,,5,4.0,False,False
ORD102621,2024-05-31,CUST0415,Laila Farouk,Cairo,Consumer,Electronics,Wireless Earbuds,1,1115.8,25.0,836.85,750.12,86.73,Card,Online,Mona K.,2,5.0,True,False
ORD104723,2025-05-16,CUST0489,Amr Sherif,Cairo,SMB,Electronics,Phone Case,1,267.22,0.0,267.22,89.28,177.94,Card,Online,Nourhan S.,3,,False,False
ORD102276,2024-03-27,CUST0175,Karim Mostafa,Mansoura,SMB,Beauty,Hair Dryer,1,952.03,0.0,952.03,437.32,514.71,Cash,Online,Nourhan S.,2,5.0,False,False
ORD100903,2023-06-20,CUST0258,Rania Aziz,Tanta,SMB,Clothing,Women's Dress,2,870.73,0.0,1741.46,805.02,936.44,Mobile Wallet,Online,Nourhan S.,1,4.0,False,False
ORD100491,2023-04-04,CUST0572,Karim Sherif,Alexandria,SMB,Clothing,Sneakers,1,1380.46,0.0,1380.46,680.94,699.52,Cash,Online,Khaled T.,1,5.0,False,False
ORD101510,2023-11-22,CUST0137,Laila Mahmoud,aswan,Consumer,Home & Kitchen,Air Fryer,1,3007.09,25.0,2255.32,1700.12,555.2,Mobile Wallet,Online,,1,4.0,True,False
ORD104561,2025-04-17,CUST0380,Amr Khalil,Giza,Consumer,Beauty,Makeup Kit,1,580.41,0.0,580.41,250.06,330.35,Card,Online,Omar F.,1,4.0,False,False
ORD100398,2023-03-22,CUST0260,Dina Sherif,Alexandria,Consumer,Home & Kitchen,Vacuum Cleaner,1,3283.83,0.0,3283.83,1931.5,1352.33,Cash,Online,Mona K.,5,5.0,False,False
ORD104986,2025-06-30,CUST0450,Khaled Hassan,Tanta,Consumer,Beauty,Perfume,1,1304.88,0.0,1304.88,576.1,728.78,Mobile Wallet,Online,Youssef A.,1,1.0,False,False
ORD101640,2023-12-08,CUST0073,Ahmed Aziz,Cairo,Enterprise,Beauty,Perfume,1,1395.48,0.0,1395.48,627.57,767.91,Installment,Phone,Omar F.,0,5.0,False,False
ORD105117,2025-07-30,CUST0122,Nada Khalil,Cairo,Consumer,Clothing,Sneakers,2,1473.01,0.0,2946.02,1445.4,1500.62,Card,Online,Mona K.,0,5.0,False,False
ORD100617,2023-04-21,CUST0560,Sara El-Sayed,Cairo,SMB,Electronics,Bluetooth Speaker,1,958.31,0.0,958.31,526.92,431.39,Cash,In-store,Youssef A.,0,4.0,False,False
ORD102353,2024-04-09,CUST0057,Amr Hassan,tanta,Consumer,Home & Kitchen,Cookware Set,1,2232.16,0.0,2232.16,1300.36,931.8,Cash,In-store,Mona K.,0,4.0,False,False
ORD101039,2023-07-27,CUST0557,Omar Sherif,Giza,Enterprise,Clothing,Sneakers,1,1484.97,0.0,1484.97,675.82,809.15,Card,Online,Khaled T.,5,5.0,False,False
ORD103804,2025-01-08,CUST0433,Salma Khalil,Alexandria,Consumer,CLOTHING,Sneakers,1,1510.19,0.0,1510.19,682.07,828.12,Cash,Online,Khaled T.,3,4.0,False,False
ORD103993,2025-02-07,CUST0208,Khaled Mostafa,Cairo,Enterprise,Home & Kitchen,Vacuum Cleaner,1,3429.5,0.0,3429.5,1942.54,1486.96,Installment,Phone,Mona K.,0,5.0,False,False
ORD101689,2023-12-21,CUST0200,Heba Farouk,Mansoura,Consumer,Electronics,Phone Case,1,244.58,0.0,244.58,92.64,151.94,Card,Online,Youssef A.,2,5.0,False,False
ORD104202,2025-03-03,CUST0066,Tarek Mahmoud,Alexandria,Consumer,Groceries,Rice 5kg,1,225.2,0.0,225.2,156.16,69.04,Card,In-store,Khaled T.,0,5.0,False,False
ORD100204,2023-02-15,CUST0126,Nourhan Khalil,Alexandria,Consumer,Clothing,Men's T-Shirt,1,335.3,0.0,335.3,147.0,188.3,Cash,In-store,Sara M.,0,2.0,False,False
ORD105310,2025-09-09,CUST0482,Yasmin El-Sayed,Mansoura,SMB,Beauty,Perfume,5,1349.1,0.0,6745.5,3133.65,3611.85,Installment,In-store,Omar F.,0,5.0,False,False
ORD105643,2025-11-03,CUST0539,Laila Mahmoud,Giza,SMB,Beauty,Hair Dryer,1,955.25,0.0,955.25,429.22,526.03,Card,In-store,Nourhan S.,0,5.0,False,False
ORD101690,2023-12-22,CUST0272,Khaled Abdel Rahman,Giza,Consumer,Groceries,Rice 5kg,2,224.54,0.0,449.08,295.26,153.82,Cash,In-store,Khaled T.,0,5.0,False,False
ORD103382,2024-11-09,CUST0246,Nada Aziz,Giza,SMB,Beauty,Hair Dryer,1,902.34,0.0,902.34,439.03,463.31,Mobile Wallet,Online,,3,4.0,False,False
ORD103311,2024-10-24,CUST0269,Dina Aziz,Alexandria,SMB,Electronics,Wireless Earbuds,1,1123.22,0.0,1123.22,722.64,400.58,Cash,Online,,2,,False,False
ORD102521,2024-05-13,CUST0568,Mona Farouk,Cairo,Consumer,Electronics,Power Bank,2,563.92,0.0,1127.84,674.44,453.4,Mobile Wallet,Online,,0,,False,False
ORD102413,2024-04-21,CUST0327,Dina Hassan,Alexandria,SMB,Clothing,Men's T-Shirt,2,338.19,0.0,676.38,313.38,363.0,Mobile Wallet,In-store,Khaled T.,0,5.0,False,False
ORD105632,2025-11-01,CUST0175,Karim Mostafa,Mansoura,SMB,Clothing,Hoodie,2,616.92,5.0,1172.15,579.16,592.99,Card,In-store,Youssef A.,0,4.0,True,False
ORD101646,2023-12-08,CUST0449,Laila Aziz,Alexandria,Consumer,Beauty,Skincare Set,1,769.7,0.0,769.7,345.5,424.2,Mobile Wallet,Online,,1,4.0,False,False
ORD102120,2024-03-08,CUST0519,Ahmed Ibrahim,Giza,Consumer,Beauty,Makeup Kit,1,563.07,0.0,563.07,249.41,313.66,Cash,Online,Omar F.,2,4.0,False,False
ORD104706,2025-05-13,CUST0568,Mona Farouk,Cairo,Consumer,Groceries,Olive Oil 1L,1,301.51,0.0,301.51,185.59,115.92,Cash,Online,Mona K.,2,,False,False
ORD105110,2025-07-29,CUST0324,Nourhan Hassan,Cairo,Enterprise,Electronics,Smart Watch,2,3613.56,0.0,7227.12,4307.5,2919.62,Cash,Online,Nourhan S.,3,5.0,False,False
ORD100891,2023-06-16,CUST0197,Youssef Sherif,Giza,Consumer,Beauty,Skincare Set,1,790.71,0.0,790.71,351.13,439.58,Installment,In-store,Omar F.,0,3.0,False,False
ORD101424,2023-11-01,CUST0485,Mahmoud Farouk,Giza,Consumer,Electronics,Wireless Earbuds,1,1217.66,0.0,1217.66,776.72,440.94,Mobile Wallet,In-store,Youssef A.,0,1.0,False,False
ORD104064,2025-02-16,CUST0204,Rania Farouk,Cairo,Consumer,Beauty,Perfume,2,1342.43,0.0,2684.86,1218.42,1466.44,Installment,Online,Khaled T.,1,4.0,False,False
ORD103017,2024-08-27,CUST0572,Karim Sherif,Alexandria,SMB,Beauty,Makeup Kit,2,31883.499999999996,15.0,63767.0,520.06,563.98,Mobile Wallet,Phone,Youssef A.,0,5.0,True,False
ORD101537,2023-11-24,CUST0075,Youssef Mahmoud,Alexandria,Consumer,Sports,Running Shoes,1,1615.99,15.0,1373.59,820.17,553.42,Card,Phone,Mona K.,0,3.0,True,False
ORD104970,2025-06-27,CUST0565,Yasmin Mostafa,Cairo,Consumer,Home & Kitchen,Coffee Maker,1,1595.42,0.0,1595.42,881.97,713.45,Card,In-store,Mona K.,0,5.0,False,False
ORD100501,2023-04-06,CUST0116,Mona Ibrahim,Cairo,Enterprise,Clothing,Sneakers,1,1389.31,0.0,1389.31,666.13,723.18,Card,Online,,5,5.0,False,False
ORD105656,2025-11-05,CUST0368,Nourhan Ibrahim,Tanta,Consumer,Electronics,Bluetooth Speaker,1,1015.92,0.0,1015.92,526.52,489.4,Card,Online,,2,3.0,False,False
ORD103082,2024-09-10,CUST0234,Salma Khalil,Cairo,Consumer,Beauty,Hair Dryer,2,853.43,0.0,1706.86,880.12,826.74,Cash,In-store,Khaled T.,0,5.0,False,False
ORD103498,2024-11-26,CUST0027,Heba Ibrahim,cairo,Consumer,Beauty,Skincare Set,1,861.91,15.0,732.62,360.47,372.15,Cash,Online,Mona K.,0,5.0,True,False
ORD102364,2024-04-11,CUST0421,Nourhan Hassan,Mansoura,SMB,Electronics,Bluetooth Speaker,1,913.51,0.0,913.51,572.87,340.64,Installment,Online,Youssef A.,3,4.0,False,False
ORD105644,2025-11-03,CUST0010,Mona Farouk,cairo,Consumer,Home & Kitchen,Blender,2,1151.92,0.0,2303.84,1223.8,1080.04,Installment,In-store,Nourhan S.,0,5.0,False,False
ORD100014,2023-01-04,CUST0210,Dina Sherif,Alexandria,Consumer,Electronics,Wireless Earbuds,1,1271.75,0.0,1271.75,766.8,504.95,Installment,Online,,4,3.0,False,False
ORD105971,2025-12-14,CUST0519,Ahmed Ibrahim,Giza,Consumer,Electronics,Smart Watch,1,3398.17,0.0,3398.17,2135.42,1262.75,Cash,In-store,Sara M.,0,4.0,False,False
ORD105750,2025-11-20,CUST0208,Khaled Mostafa,Cairo,Enterprise,Home & Kitchen,Cookware Set,2,2292.13,25.0,3438.2,2530.28,907.92,Cash,Online,Mona K.,5,5.0,True,False
ORD104983,2025-06-29,CUST0291,Rania Abdel Rahman,Cairo,SMB,Home & Kitchen,Blender,1,1059.25,0.0,1059.25,606.84,452.41,Card,In-store,,0,5.0,False,False
ORD101522,2023-11-23,CUST0268,Heba Khalil,Cairo,SMB,Clothing,Men's T-Shirt,1,371.75,25.0,278.81,149.74,129.07,Mobile Wallet,In-store,Nourhan S.,0,2.0,True,False
ORD102749,2024-06-23,CUST0005,Mahmoud Khalil,Alexandria,Consumer,Clothing,Women's Dress,5,920.6,0.0,4603.0,2000.25,2602.75,Cash,In-store,Khaled T.,0,5.0,False,False
ORD104630,2025-04-29,CUST0434,Dina Farouk,Alexandria,Consumer,Sports,Dumbbell Set,1,1691.32,0.0,1691.32,1068.87,622.45,Card,In-store,Omar F.,0,3.0,False,False
ORD102950,2024-08-10,CUST0239,Youssef Mostafa,Giza,Consumer,Electronics,Phone Case,1,264.14,0.0,264.14,93.7,170.44,Mobile Wallet,Online,Nourhan S.,0,4.0,False,False
ORD104122,2025-02-21,CUST0097,Khaled Mostafa,Mansoura,SMB,Electronics,Smart Watch,2,3272.09,25.0,4908.14,4369.62,538.52,Installment,Online,,1,,True,False
ORD102342,2024-04-08,CUST0266,Yasmin Ibrahim,cairo,Consumer,Home & Kitchen,Cookware Set,1,2109.57,0.0,2109.57,1317.73,791.84,Cash,In-store,Khaled T.,0,1.0,False,False
ORD101343,2023-10-14,CUST0518,Nourhan Farouk,Cairo,SMB,Clothing,Women's Dress,2,879.64,0.0,1759.28,773.42,985.86,Cash,Phone,Nourhan S.,0,4.0,False,False
ORD104897,2025-06-15,CUST0189,Khaled Sherif,Alexandria,Enterprise,Sports,Running Shoes,1,1522.34,20.0,1217.87,890.51,327.36,Cash,Online,Khaled T.,1,3.0,True,False
ORD104494,2025-04-05,CUST0536,Karim El-Sayed,Giza,Consumer,Home & Kitchen,Blender,1,1072.81,0.0,1072.81,589.43,483.38,Mobile Wallet,Online,Sara M.,1,4.0,False,False
ORD103585,2024-12-03,CUST0474,Mona Sherif,Alexandria,Consumer,Groceries,Coffee 250g,1,193.1,0.0,193.1,104.94,88.16,Card,Online,,1,4.0,False,False
ORD103786,2025-01-05,CUST0211,Adel Sherif,Mansoura,SMB,Sports,Yoga Mat,1,459.89,0.0,459.89,230.42,229.47,Cash,Online,Khaled T.,3,3.0,False,False
ORD100929,2023-06-27,CUST0082,Karim Ibrahim,Cairo,SMB,Groceries,Rice 5kg,1,204.57,0.0,204.57,155.28,49.29,Mobile Wallet,In-store,Khaled T.,0,1.0,False,False
ORD102451,2024-04-29,CUST0386,Youssef Mahmoud,Alexandria,Consumer,Groceries,Coffee 250g,1,176.79,0.0,176.79,97.59,79.2,Card,In-store,Youssef A.,0,4.0,False,False
ORD105118,2025-07-31,CUST0515,Salma El-Sayed,Mansoura,Consumer,HOME & KITCHEN,Vacuum Cleaner,1,3086.6,0.0,3086.6,1820.82,1265.78,Cash,Online,Youssef A.,2,5.0,False,False
ORD100999,2023-07-16,CUST0183,Amr Hassan,Aswan,SMB,Electronics,Smart Watch,2,3329.63,0.0,6659.26,4381.56,2277.7,Mobile Wallet,Online,Omar F.,2,3.0,False,False
ORD102773,2024-06-28,CUST0335,Mona Abdel Rahman,Cairo,Consumer,Home & Kitchen,Coffee Maker,2,1572.34,20.0,2515.74,1688.64,827.1,Mobile Wallet,In-store,Omar F.,0,5.0,True,False
ORD102368,2024-04-11,CUST0544,Salma Mahmoud,Mansoura,Enterprise,Beauty,Makeup Kit,2,598.82,0.0,1197.64,478.18,719.46,Cash,Online,,2,4.0,False,False
ORD104698,2025-05-11,CUST0117,Rania Farouk,Giza,Consumer,Sports,Running Shoes,1,1539.3,0.0,1539.3,829.09,710.21,Card,In-store,Sara M.,0,5.0,False,False
ORD100191,2023-02-13,CUST0550,Ahmed Khalil,Cairo,Consumer,Electronics,Bluetooth Speaker,1,885.15,0.0,885.15,558.97,326.18,Cash,Online,Nourhan S.,4,1.0,False,False
ORD105449,2025-10-02,CUST0560,Sara El-Sayed,Cairo,SMB,Electronics,Bluetooth Speaker,1,969.29,0.0,969.29,550.33,418.96,Card,In-store,Khaled T.,0,5.0,False,False
ORD104628,2025-04-29,CUST0009,Yasmin Abdel Rahman,Cairo,Consumer,Electronics,Wireless Earbuds,1,1184.28,0.0,1184.28,723.28,461.0,Mobile Wallet,In-store,Mona K.,0,5.0,False,False
ORD101559,2023-11-26,CUST0125,Laila Mostafa,Tanta,Consumer,Electronics,Phone Case,1,237.3,25.0,177.98,92.66,85.32,Mobile Wallet,Online,Youssef A.,2,5.0,True,False
ORD101396,2023-10-27,CUST0023,Mona Mostafa,Cairo,Consumer,Sports,Football,3,399.17,0.0,1197.51,549.96,647.55,Cash,Online,,1,5.0,False,False
ORD102675,2024-06-09,CUST0294,Adel Mostafa,Alexandria,SMB,Clothing,Hoodie,1,667.21,0.0,667.21,313.58,353.63,Cash,In-store,Sara M.,0,5.0,False,False
ORD102974,2024-08-16,CUST0473,Ahmed Mostafa,Cairo,Consumer,Beauty,Makeup Kit,2,570.12,0.0,1140.24,515.28,624.96,Cash,Online,,1,4.0,False,False
ORD102471,2024-05-03,CUST0388,Nourhan Hassan,,SMB,Beauty,Skincare Set,1,791.19,0.0,791.19,333.06,458.13,Cash,Online,,5,4.0,False,False
ORD103338,2024-10-31,CUST0052,Ahmed Mahmoud,Alexandria,SMB,Clothing,Men's T-Shirt,1,350.5,0.0,350.5,151.26,199.24,Mobile Wallet,Online,Youssef A.,3,4.0,False,False
ORD102965,2024-08-14,CUST0064,Khaled Mahmoud,Mansoura,Consumer,Clothing,Sneakers,1,1309.8,0.0,1309.8,684.29,625.51,Cash,In-store,Khaled T.,0,3.0,False,False
ORD103084,2024-09-10,CUST0595,Heba El-Sayed,Giza,SMB,Clothing,Jeans,1,759.62,0.0,759.62,325.0,434.62,Cash,In-store,Youssef A.,0,4.0,False,False
ORD102903,2024-07-29,CUST0229,Laila Sherif,Cairo,Consumer,Sports,Yoga Mat,5,419.15,0.0,2095.75,1141.2,954.55,Cash,In-store,Omar F.,0,5.0,False,False
ORD104788,2025-05-26,CUST0271,Mona Farouk,Aswan,Consumer,Electronics,Phone Case,1,236.05,0.0,236.05,90.1,145.95,Cash,In-store,Mona K.,0,3.0,False,False
ORD102734,2024-06-20,CUST0246,Nada Aziz,Giza,SMB,Clothing,Women's Dress,2,876.71,0.0,1753.42,818.12,935.3,Card,In-store,Mona K.,0,3.0,False,False
ORD103667,2024-12-20,CUST0114,Rania Aziz,Tanta,SMB,Sports,Yoga Mat,1,453.87,0.0,453.87,211.8,242.07,Cash,In-store,Khaled T.,0,,False,False
ORD100051,2023-01-12,CUST0327,Dina Hassan,Alexandria,SMB,Clothing,Hoodie,1,601.39,0.0,601.39,286.73,314.66,Card,In-store,,0,4.0,False,False
ORD103126,2024-09-17,CUST0493,Ahmed Khalil,Cairo,SMB,Clothing,Hoodie,1,613.63,0.0,613.63,308.64,304.99,Mobile Wallet,Online,,1,4.0,False,False
ORD105898,2025-12-02,CUST0348,Nourhan Ibrahim,Mansoura,Consumer,Electronics,Power Bank,1,602.48,0.0,602.48,361.59,240.89,Cash,Online,Mona K.,1,5.0,False,False
ORD100245,2023-02-27,CUST0150,Karim Farouk,Alexandria,Enterprise,Clothing,Hoodie,1,609.07,0.0,609.07,309.65,299.42,Mobile Wallet,Online,,2,5.0,False,False
ORD102564,2024-05-20,CUST0181,Omar Mostafa,Mansoura,Consumer,Groceries,Rice 5kg,1,213.08,0.0,213.08,143.41,69.67,Cash,Online,,2,4.0,False,False
ORD101666,2023-12-15,CUST0179,Ahmed Khalil,Cairo,Consumer,Electronics,Bluetooth Speaker,1,982.34,0.0,982.34,524.84,457.5,Card,In-store,Youssef A.,0,5.0,False,False
ORD105387,2025-09-20,CUST0066,Tarek Mahmoud,Alexandria,Consumer,Clothing,Jeans,2,706.4,0.0,1412.8,615.38,797.42,Card,Online,Omar F.,3,4.0,False,False
ORD101133,2023-08-27,CUST0155,Dina Abdel Rahman,Aswan,Consumer,Home & Kitchen,Cookware Set,1,2090.19,0.0,2090.19,1235.53,854.66,Cash,Online,Youssef A.,2,4.0,False,False
ORD100775,2023-05-18,CUST0463,Laila Khalil,Alexandria,Consumer,Electronics,Bluetooth Speaker,1,978.19,0.0,978.19,529.12,449.07,Cash,Online,Youssef A.,1,5.0,False,False
ORD103655,2024-12-16,CUST0295,Salma Aziz,Cairo,SMB,Clothing,Sneakers,5,1377.74,0.0,6888.7,3384.7,3504.0,Card,Online,Khaled T.,1,5.0,False,False
ORD100297,2023-03-08,CUST0101,Rania Hassan,Cairo,Consumer,Electronics,Smart Watch,1,3479.06,0.0,3479.06,2166.84,1312.22,Card,In-store,Sara M.,0,5.0,False,False
ORD105409,2025-09-26,CUST0089,Khaled Ibrahim,Tanta,Consumer,Clothing,Jeans,1,720.05,0.0,720.05,316.01,404.04,Card,In-store,Youssef A.,0,4.0,False,False
ORD102033,2024-02-27,CUST0487,Laila Abdel Rahman,aswan,Consumer,Home & Kitchen,Air Fryer,1,2613.41,0.0,2613.41,1746.98,866.43,Cash,In-store,Omar F.,0,3.0,False,False
ORD101599,2023-11-30,CUST0526,Laila Ibrahim,Giza,Enterprise,Electronics,Smart Watch,2,3730.76,5.0,-7088.44,4049.7,-3038.74,Installment,Online,,5,5.0,True,True
ORD104138,2025-02-23,CUST0308,Nada Hassan,Cairo,SMB,Electronics,Phone Case,1,254.53,0.0,254.53,93.48,161.05,Cash,Online,Mona K.,2,5.0,False,False
ORD102566,2024-05-21,CUST0564,Mona Hassan,Alexandria,Consumer,Clothing,Jeans,1,708.34,0.0,708.34,322.19,386.15,Card,Online,,1,5.0,False,False
ORD100341,2023-03-14,CUST0270,Salma Sherif,Giza,SMB,Sports,Running Shoes,1,1505.72,0.0,1505.72,880.49,625.23,Card,In-store,Sara M.,0,3.0,False,False
ORD100147,2023-02-04,CUST0530,Adel Ibrahim,Alexandria,SMB,Home & Kitchen,Coffee Maker,1,1432.29,0.0,1432.29,863.76,568.53,Cash,Online,Omar F.,3,1.0,False,False
ORD105982,2025-12-17,CUST0589,Yasmin Mahmoud,Cairo,Consumer,Electronics,Wireless Earbuds,1,1114.25,0.0,1114.25,721.05,393.2,Cash,Phone,Sara M.,0,,False,False
ORD104875,2025-06-11,CUST0015,Yasmin Mahmoud,giza,Consumer,Sports,Football,1,405.55,0.0,405.55,188.56,216.99,Cash,In-store,Omar F.,0,3.0,False,False
ORD102602,2024-05-26,CUST0234,Salma Khalil,Cairo,Consumer,Clothing,Jeans,1,750.75,0.0,750.75,312.88,437.87,Cash,In-store,Nourhan S.,0,4.0,False,False
ORD102008,2024-02-21,CUST0562,Amr Farouk,Cairo,Consumer,Beauty,Perfume,2,1342.88,0.0,2685.76,1202.22,1483.54,Installment,Phone,Khaled T.,0,3.0,False,False
ORD102831,2024-07-12,CUST0079,Dina Khalil,Aswan,Consumer,Groceries,Olive Oil 1L,1,296.58,0.0,296.58,181.99,114.59,Card,Online,Khaled T.,2,3.0,False,False
ORD105749,2025-11-20,CUST0151,Youssef Ibrahim,Cairo,Consumer,Beauty,Makeup Kit,1,588.59,15.0,500.3,261.98,238.32,Cash,Phone,Youssef A.,0,,True,False
ORD102880,2024-07-25,CUST0348,Nourhan Ibrahim,Mansoura,Consumer,Groceries,Coffee 250g,1,181.06,0.0,181.06,102.9,78.16,Cash,Online,,0,3.0,False,False
ORD104466,2025-03-31,CUST0501,Hassan Abdel Rahman,Tanta,Consumer,Clothing,Men's T-Shirt,1,339.93,10.0,305.94,150.48,155.46,Mobile Wallet,Online,Khaled T.,2,2.0,True,False
ORD103869,2025-01-19,CUST0130,Salma El-Sayed,Cairo,Consumer,Home & Kitchen,Blender,2,1065.53,0.0,2131.06,1226.12,904.94,Cash,In-store,Mona K.,0,4.0,False,False
ORD100207,2023-02-16,CUST0341,Heba El-Sayed,Alexandria,Enterprise,Home & Kitchen,Coffee Maker,1,1508.29,0.0,-1508.29,824.11,-684.18,Installment,Online,,5,5.0,False,True
ORD101230,2023-09-20,CUST0023,Mona Mostafa,Cairo,Consumer,Home & Kitchen,Coffee Maker,2,1387.69,0.0,2775.38,1619.76,1155.62,Mobile Wallet,In-store,Mona K.,0,,False,False
ORD101153,2023-09-02,CUST0454,Tarek Sherif,Tanta,SMB,Clothing,Jeans,2,804.87,0.0,1609.74,639.14,970.6,Mobile Wallet,Online,,1,5.0,False,False
ORD103361,2024-11-05,CUST0405,Nada Sherif,Tanta,Consumer,Electronics,Power Bank,2,613.93,0.0,1227.86,681.16,546.7,Mobile Wallet,Online,,2,5.0,False,False
ORD105420,2025-09-27,CUST0561,Mona Ibrahim,Cairo,Consumer,Beauty,Skincare Set,2,847.16,0.0,1694.32,689.4,1004.92,Mobile Wallet,Online,Omar F.,3,5.0,False,False
ORD103438,2024-11-20,CUST0343,Omar Abdel Rahman,Giza,Consumer,Home & Kitchen,Vacuum Cleaner,1,2967.56,20.0,2374.05,1936.85,437.2,Mobile Wallet,Online,,2,2.0,True,False
ORD101838,2024-01-20,CUST0098,Mona Abdel Rahman,Giza,Consumer,Home & Kitchen,Air Fryer,1,2849.28,0.0,2849.28,1622.88,1226.4,Cash,Phone,Khaled T.,0,3.0,False,False
ORD105803,2025-11-25,CUST0154,Salma Aziz,Cairo,Consumer,Clothing,Jeans,1,774.51,15.0,658.33,305.7,352.63,Mobile Wallet,In-store,Mona K.,0,,True,False
ORD100912,2023-06-23,CUST0546,Youssef Khalil,Alexandria,Consumer,Electronics,Wireless Earbuds,2,1165.63,0.0,2331.26,1511.34,819.92,Card,Online,,7,,False,False
ORD105858,2025-11-29,CUST0026,Amr Hassan,Alexandria,Enterprise,Electronics,Wireless Earbuds,1,1292.15,25.0,969.11,723.23,245.88,Card,Online,,3,,True,False
ORD103134,2024-09-19,CUST0153,Ahmed Hassan,Cairo,Enterprise,Groceries,Honey Jar,1,295.06,0.0,295.06,191.1,103.96,Card,In-store,Sara M.,0,2.0,False,False
ORD102139,2024-03-11,CUST0211,Adel Sherif,Mansoura,SMB,Clothing,Women's Dress,1,903.19,0.0,903.19,401.2,501.99,Card,In-store,Nourhan S.,0,3.0,False,False
ORD104437,2025-03-29,CUST0498,Dina Ibrahim,Alexandria,Consumer,Beauty,Skincare Set,1,860.93,0.0,860.93,349.63,511.3,Cash,Online,Mona K.,1,5.0,False,False
ORD102178,2024-03-15,CUST0042,Omar Aziz,Aswan,SMB,Electronics,Bluetooth Speaker,1,961.49,0.0,961.49,528.94,432.55,Cash,Online,Sara M.,2,4.0,False,False
ORD101143,2023-08-28,CUST0352,Sara Sherif,Mansoura,Consumer,Groceries,Rice 5kg,2,217.65,20.0,348.24,301.42,46.82,Cash,Online,Sara M.,4,4.0,True,False
ORD105791,2025-11-23,CUST0320,Youssef Ibrahim,Alexandria,Consumer,Home & Kitchen,Cookware Set,1,2037.03,10.0,1833.33,1334.79,498.54,Cash,In-store,Youssef A.,0,5.0,True,False
ORD102940,2024-08-07,CUST0591,Nourhan Khalil,Alexandria,Consumer,Beauty,Perfume,1,1366.32,0.0,1366.32,581.69,784.63,Card,In-store,Khaled T.,0,3.0,False,False
ORD104216,2025-03-05,CUST0158,Salma Abdel Rahman,Mansoura,Consumer,Home & Kitchen,Air Fryer,3,2920.87,0.0,8762.61,4930.65,3831.96,Card,Online,,5,2.0,False,False
ORD101828,2024-01-19,CUST0371,Heba El-Sayed,Cairo,Consumer,Beauty,Makeup Kit,1,567.22,0.0,567.22,258.11,309.11,Cash,In-store,Nourhan S.,0,5.0,False,False
ORD100379,2023-03-19,CUST0538,Sara Ibrahim,Giza,SMB,Sports,Dumbbell Set,2,1716.63,0.0,3433.26,2200.32,1232.94,Cash,In-store,Nourhan S.,0,5.0,False,False
ORD103106,2024-09-14,CUST0150,Karim Farouk,Alexandria,Enterprise,Electronics,Phone Case,1,264.15,0.0,264.15,91.89,172.26,Mobile Wallet,Online,Nourhan S.,2,5.0,False,False
ORD105581,2025-10-25,CUST0030,Mona Abdel Rahman,Cairo,Consumer,Clothing,Jeans,1,744.36,0.0,744.36,331.32,413.04,Mobile Wallet,Online,Nourhan S.,7,,False,False
ORD105271,2025-09-01,CUST0171,Heba Hassan,aswan,Consumer,Clothing,Sneakers,1,1431.66,0.0,1431.66,683.64,748.02,Cash,Online,,1,4.0,False,False
ORD101106,2023-08-19,CUST0198,Rania Hassan,Mansoura,Consumer,Beauty,Skincare Set,2,832.9,0.0,1665.8,701.28,964.52,Cash,In-store,Sara M.,0,3.0,False,False
ORD104158,2025-02-26,CUST0038,Rania El-Sayed,Mansoura,Consumer,Electronics,Smart Watch,1,3301.46,0.0,3301.46,2204.9,1096.56,Mobile Wallet,Online,,7,,False,False
ORD105358,2025-09-16,CUST0590,Dina Abdel Rahman,Cairo,Consumer,Clothing,Jeans,1,776.9,0.0,776.9,332.73,444.17,Mobile Wallet,Online,Sara M.,5,5.0,False,False
ORD105204,2025-08-18,CUST0287,Karim Aziz,Cairo,SMB,Electronics,Smart Watch,1,3510.41,0.0,3510.41,2023.51,1486.9,Card,In-store,Mona K.,0,5.0,False,False
ORD103829,2025-01-12,CUST0190,Hassan Farouk,Mansoura,SMB,Electronics,Power Bank,1,588.64,0.0,588.64,352.02,236.62,Installment,In-store,Mona K.,0,4.0,False,False
ORD100540,2023-04-12,CUST0337,Yasmin Ibrahim,Cairo,SMB,Sports,Yoga Mat,2,429.1,0.0,858.2,456.92,401.28,Cash,Online,Mona K.,7,2.0,False,False
ORD104772,2025-05-24,CUST0027,Heba Ibrahim,Cairo,Consumer,Home & Kitchen,Vacuum Cleaner,3,3103.3,0.0,9309.9,5567.55,3742.35,Cash,Online,Nourhan S.,3,5.0,False,False
ORD100529,2023-04-10,CUST0462,Mona Farouk,Tanta,Enterprise,Groceries,Honey Jar,1,319.82,0.0,319.82,195.54,124.28,Card,Online,Khaled T.,1,2.0,False,False
ORD100495,2023-04-05,CUST0102,Nada Mostafa,Cairo,Enterprise,Clothing,Hoodie,1,675.38,25.0,506.54,300.1,206.44,Mobile Wallet,Online,,4,3.0,True,False
ORD101829,2024-01-19,CUST0597,Adel Farouk,Mansoura,Consumer,Home & Kitchen,Blender,2,1148.26,0.0,2296.52,1175.56,1120.96,Mobile Wallet,In-store,Khaled T.,0,4.0,False,False
ORD102670,2024-06-07,CUST0582,Khaled Abdel Rahman,Alexandria,Consumer,Sports,Dumbbell Set,1,1882.91,0.0,1882.91,1149.69,733.22,Cash,In-store,Omar F.,0,1.0,False,False
ORD102584,2024-05-24,CUST0092,Yasmin Sherif,Giza,Consumer,Clothing,Hoodie,5,613.38,0.0,3066.9,1549.6,1517.3,Cash,In-store,Omar F.,0,5.0,False,False
ORD102918,2024-08-02,CUST0159,Mona Sherif,Alexandria,SMB,Home & Kitchen,Cookware Set,1,2064.46,0.0,2064.46,1309.16,755.3,Card,In-store,Sara M.,0,5.0,False,False
ORD105523,2025-10-16,CUST0476,Ahmed Abdel Rahman,Cairo,Consumer,Clothing,Hoodie,2,612.99,0.0,1225.98,597.8,628.18,Cash,Phone,Nourhan S.,0,2.0,False,False
ORD100434,2023-03-27,CUST0600,Mahmoud Mostafa,Giza,Enterprise,Clothing,Hoodie,1,689.59,0.0,689.59,297.39,392.2,Card,Online,,3,5.0,False,False
ORD102661,2024-06-06,CUST0078,Ahmed Hassan,Alexandria,Consumer,Groceries,Rice 5kg,1,237.48,0.0,237.48,147.74,89.74,Card,Online,,0,5.0,False,False
ORD101942,2024-02-07,CUST0261,Omar Sherif,Giza,Consumer,Beauty,Skincare Set,1,859.76,0.0,859.76,353.63,506.13,Cash,In-store,Omar F.,0,5.0,False,False
ORD100295,2023-03-07,CUST0531,Tarek Khalil,Alexandria,Consumer,Clothing,Jeans,1,753.33,0.0,753.33,321.84,431.49,Mobile Wallet,Online,,1,4.0,False,False
ORD100399,2023-03-22,CUST0417,Nourhan El-Sayed,Tanta,Consumer,Electronics,Phone Case,1,233.01,0.0,233.01,86.71,146.3,Card,In-store,Khaled T.,0,5.0,False,False
ORD103514,2024-11-27,CUST0492,Salma Aziz,Alexandria,Consumer,HOME & KITCHEN,Air Fryer,1,2610.39,15.0,2218.83,1742.78,476.05,Card,Phone,Youssef A.,0,2.0,True,False
ORD103200,2024-10-01,CUST0507,Amr Farouk,Aswan,Consumer,Groceries,Coffee 250g,1,180.93,0.0,180.93,102.85,78.08,Card,In-store,Mona K.,0,5.0,False,False
ORD100158,2023-02-06,CUST0519,Ahmed Ibrahim,Giza,Consumer,Beauty,Perfume,1,1233.55,0.0,1233.55,585.75,647.8,Card,In-store,Youssef A.,0,5.0,False,False
ORD100646,2023-04-25,CUST0245,Karim Ibrahim,Giza,SMB,Groceries,Honey Jar,1,332.52,0.0,332.52,192.67,139.85,Card,Online,Mona K.,7,5.0,False,False
ORD104007,2025-02-09,CUST0248,Karim Mostafa,Mansoura,Consumer,Home & Kitchen,Blender,3,1101.63,0.0,3304.89,1802.82,1502.07,Card,Phone,Mona K.,0,3.0,False,False
ORD106056,2025-12-30,CUST0272,Khaled Abdel Rahman,Giza,Consumer,Sports,Yoga Mat,3,436.71,0.0,1310.13,661.68,648.45,Cash,In-store,Sara M.,0,4.0,False,False
ORD105377,2025-09-19,CUST0015,Yasmin Mahmoud,Giza,Consumer,Home & Kitchen,Air Fryer,1,2709.55,0.0,2709.55,1665.71,1043.84,Mobile Wallet,Online,Mona K.,3,4.0,False,False
ORD105239,2025-08-25,CUST0135,Heba Farouk,Cairo,Enterprise,Groceries,Honey Jar,2,308.53,0.0,617.06,408.9,208.16,Card,Online,Mona K.,0,5.0,False,False
ORD102054,2024-03-01,CUST0206,Ahmed Farouk,Tanta,SMB,Electronics,Phone Case,1,250.03,0.0,250.03,86.85,163.18,Cash,Online,Nourhan S.,3,5.0,False,False
ORD101921,2024-02-03,CUST0567,Nourhan Aziz,Alexandria,Consumer,Clothing,Sneakers,1,1485.22,0.0,1485.22,681.49,803.73,Card,In-store,Sara M.,0,5.0,False,False
ORD102652,2024-06-05,CUST0218,Yasmin El-Sayed,Tanta,Consumer,Electronics,Phone Case,1,261.02,0.0,261.02,93.64,167.38,Mobile Wallet,In-store,Omar F.,0,4.0,False,False
ORD105037,2025-07-12,CUST0052,Ahmed Mahmoud,Alexandria,SMB,Sports,Football,1,407.98,0.0,407.98,180.53,227.45,Card,Phone,Sara M.,0,5.0,False,False
ORD103678,2024-12-21,CUST0530,Adel Ibrahim,Alexandria,SMB,Beauty,Perfume,1,1216.23,0.0,1216.23,582.72,633.51,Cash,Online,Nourhan S.,0,4.0,False,False
ORD100742,2023-05-12,CUST0447,Youssef Ibrahim,Cairo,SMB,Clothing,Jeans,1,793.27,0.0,793.27,318.32,474.95,Cash,Online,,0,4.0,False,False
ORD101007,2023-07-19,CUST0574,Karim El-Sayed,Alexandria,SMB,Groceries,Rice 5kg,1,229.79,0.0,229.79,155.91,73.88,Cash,Online,,1,2.0,False,False
ORD101136,2023-08-27,CUST0165,Dina Mahmoud,mansoura,Consumer,Home & Kitchen,Vacuum Cleaner,1,3006.64,0.0,3006.64,1876.71,1129.93,Card,In-store,Youssef A.,0,5.0,False,False
ORD105488,2025-10-09,CUST0127,Nada Hassan,Alexandria,Consumer,Beauty,Makeup Kit,1,638.92,0.0,638.92,247.06,391.86,Cash,In-store,Youssef A.,0,4.0,False,False
ORD104015,2025-02-09,CUST0122,Nada Khalil,Cairo,Consumer,Groceries,Coffee 250g,1,165.64,0.0,165.64,95.64,70.0,Cash,In-store,Nourhan S.,0,2.0,False,False
ORD105882,2025-11-30,CUST0571,Yasmin Khalil,Cairo,Consumer,Home & Kitchen,Vacuum Cleaner,2,3062.4,10.0,5512.32,3876.56,1635.76,Cash,In-store,Mona K.,0,3.0,True,False
ORD104806,2025-05-30,CUST0513,Mahmoud Abdel Rahman,Mansoura,Enterprise,Beauty,Makeup Kit,3,554.93,0.0,1664.79,770.46,894.33,Card,In-store,Nourhan S.,0,4.0,False,False
ORD104928,2025-06-20,CUST0221,Mahmoud Farouk,Alexandria,Consumer,Electronics,Power Bank,2,602.58,0.0,1205.16,722.32,482.84,Cash,In-store,Youssef A.,0,5.0,False,False
ORD101579,2023-11-28,CUST0225,Mahmoud El-Sayed,Cairo,Consumer,Electronics,Bluetooth Speaker,1,937.75,15.0,797.09,550.23,246.86,Mobile Wallet,Online,Omar F.,1,3.0,True,False
ORD103064,2024-09-07,CUST0571,Yasmin Khalil,Cairo,Consumer,Beauty,Makeup Kit,1,589.85,0.0,589.85,261.67,328.18,Mobile Wallet,Online,,0,5.0,False,False
ORD100966,2023-07-07,CUST0262,Khaled Hassan,Cairo,Enterprise,Home & Kitchen,Coffee Maker,1,1582.19,0.0,1582.19,828.78,753.41,Mobile Wallet,In-store,Youssef A.,0,1.0,False,False
ORD105582,2025-10-26,CUST0081,Hassan Mostafa,Cairo,Consumer,Clothing,Jeans,1,699.19,0.0,699.19,331.15,368.04,Cash,Online,,2,1.0,False,False
ORD105671,2025-11-08,CUST0592,Mona Aziz,Giza,Consumer,Beauty,Skincare Set,1,746.85,0.0,746.85,336.47,410.38,Card,Online,Nourhan S.,4,2.0,False,False
ORD101079,2023-08-08,CUST0069,Tarek Aziz,Cairo,Enterprise,Electronics,Smart Watch,3,3580.43,0.0,10741.29,6155.7,4585.59,Card,In-store,Khaled T.,0,4.0,False,False
ORD100334,2023-03-12,CUST0149,Hassan Farouk,Alexandria,Consumer,Sports,Dumbbell Set,3,1733.96,0.0,5201.88,3257.25,1944.63,Mobile Wallet,Phone,Nourhan S.,0,5.0,False,False
ORD104366,2025-03-21,CUST0492,Salma Aziz,Alexandria,Consumer,Electronics,Wireless Earbuds,1,1292.55,0.0,1292.55,718.95,573.6,Cash,Phone,Youssef A.,0,4.0,False,False
ORD105054,2025-07-16,CUST0159,Mona Sherif,Alexandria,SMB,Clothing,Sneakers,1,1405.18,0.0,1405.18,701.52,703.66,Card,In-store,Mona K.,0,1.0,False,False
ORD105282,2025-09-03,CUST0020,Salma Mostafa,Giza,Consumer,Electronics,Bluetooth Speaker,2,882.05,0.0,1764.1,1153.18,610.92,Mobile Wallet,Online,,1,4.0,False,False
ORD103368,2024-11-07,CUST0597,Adel Farouk,Mansoura,Consumer,Clothing,Jeans,2,762.87,0.0,1525.74,643.8,881.94,Cash,In-store,Mona K.,0,3.0,False,False
ORD100923,2023-06-26,CUST0049,Hassan Mahmoud,Alexandria,Consumer,Beauty,Makeup Kit,1,566.32,0.0,-566.32,258.24,-308.08,Mobile Wallet,In-store,Sara M.,0,5.0,False,True
ORD100403,2023-03-23,CUST0456,Laila Mahmoud,Alexandria,Consumer,Clothing,Hoodie,2,611.01,0.0,1222.02,577.78,644.24,Installment,Online,Omar F.,5,4.0,False,False
ORD101252,2023-09-23,CUST0190,Hassan Farouk,Mansoura,SMB,Groceries,Rice 5kg,1,227.95,0.0,227.95,147.5,80.45,Card,In-store,Nourhan S.,0,4.0,False,False
ORD104293,2025-03-13,CUST0213,Khaled Mostafa,Mansoura,Consumer,Groceries,Olive Oil 1L,1,261.95,0.0,261.95,185.03,76.92,Mobile Wallet,Phone,Sara M.,0,5.0,False,False
ORD103379,2024-11-09,CUST0591,Nourhan Khalil,Alexandria,Consumer,Electronics,Wireless Earbuds,2,1113.28,0.0,2226.56,1458.66,767.9,Cash,In-store,Mona K.,0,5.0,False,False
ORD100408,2023-03-24,CUST0019,Hassan Mahmoud,Mansoura,Enterprise,Sports,Football,1,394.98,0.0,394.98,171.15,223.83,Cash,In-store,Omar F.,0,3.0,False,False
ORD101297,2023-10-03,CUST0333,Laila El-Sayed,Alexandria,Consumer,Electronics,Wireless Earbuds,2,1217.49,0.0,2434.98,1560.32,874.66,Installment,In-store,Khaled T.,0,4.0,False,False
ORD105686,2025-11-11,CUST0061,Dina Hassan,Aswan,Consumer,Beauty,Hair Dryer,1,921.09,0.0,921.09,432.45,488.64,Mobile Wallet,In-store,Khaled T.,0,3.0,False,False
ORD101260,2023-09-26,CUST0050,Hassan Khalil,Tanta,SMB,Groceries,Olive Oil 1L,1,301.61,0.0,301.61,183.34,118.27,Card,Online,Khaled T.,2,3.0,False,False
ORD102365,2024-04-11,CUST0498,Dina Ibrahim,Alexandria,Consumer,Sports,Dumbbell Set,1,1738.24,0.0,1738.24,1142.8,595.44,Cash,Phone,Sara M.,0,2.0,False,False
ORD101103,2023-08-19,CUST0451,Khaled Farouk,Cairo,Consumer,Electronics,Power Bank,1,588.91,0.0,588.91,355.18,233.73,Cash,Online,Sara M.,2,5.0,False,False
ORD101908,2024-01-31,CUST0109,Laila Ibrahim,Tanta,SMB,Home & Kitchen,Coffee Maker,1,1411.74,5.0,1341.15,818.91,522.24,Card,In-store,Youssef A.,0,4.0,True,False
ORD103380,2024-11-09,CUST0181,Omar Mostafa,Mansoura,Consumer,Groceries,Coffee 250g,2,183.67,0.0,367.34,201.94,165.4,Cash,Online,,2,4.0,False,False
ORD103881,2025-01-22,CUST0462,Mona Farouk,Tanta,Enterprise,Electronics,Bluetooth Speaker,5,956.17,0.0,4780.85,2664.9,2115.95,Mobile Wallet,In-store,Mona K.,0,1.0,False,False
ORD101017,2023-07-21,CUST0425,Sara Hassan,Cairo,SMB,Electronics,Phone Case,1,253.09,0.0,253.09,90.92,162.17,Card,Online,Mona K.,1,3.0,False,False
ORD100616,2023-04-21,CUST0271,Mona Farouk,Aswan,Consumer,Sports,Football,1,371.97,0.0,371.97,172.4,199.57,Card,Online,,2,5.0,False,False
ORD100314,2023-03-11,CUST0115,Nada Ibrahim,Mansoura,Consumer,Home & Kitchen,Air Fryer,1,2766.98,0.0,2766.98,1690.2,1076.78,Card,In-store,Omar F.,0,5.0,False,False
ORD102302,2024-03-30,CUST0564,Mona Hassan,Alexandria,Consumer,Electronics,Phone Case,1,258.56,0.0,258.56,89.23,169.33,Card,In-store,Omar F.,0,5.0,False,False
ORD100680,2023-04-29,CUST0151,Youssef Ibrahim,Cairo,Consumer,Electronics,Phone Case,1,235.89,5.0,224.1,86.94,137.16,Card,In-store,Sara M.,0,4.0,True,False
ORD103196,2024-09-30,CUST0335,Mona Abdel Rahman,Cairo,Consumer,Sports,Dumbbell Set,1,1713.0,0.0,1713.0,1071.25,641.75,Installment,Phone,Youssef A.,0,5.0,False,False
ORD101622,2023-12-05,CUST0585,Hassan Abdel Rahman,Tanta,Consumer,Electronics,Smart Watch,1,3312.3,0.0,3312.3,2038.93,1273.37,Cash,Online,,1,5.0,False,False
ORD100860,2023-06-08,CUST0403,Dina Aziz,cairo,Consumer,Electronics,Bluetooth Speaker,1,1013.12,0.0,1013.12,544.73,468.39,Card,Online,Nourhan S.,5,4.0,False,False
ORD102023,2024-02-24,CUST0274,Rania Ibrahim,Cairo,Consumer,Beauty,Makeup Kit,1,586.65,0.0,586.65,254.08,332.57,Installment,Online,,4,5.0,False,False
ORD102078,2024-03-03,CUST0375,Amr Khalil,Cairo,Consumer,Electronics,Bluetooth Speaker,1,951.16,0.0,951.16,565.58,385.58,Card,Online,Khaled T.,2,2.0,False,False
ORD105769,2025-11-22,CUST0081,Hassan Mostafa,Cairo,Consumer,Home & Kitchen,Cookware Set,1,2126.02,15.0,1807.12,1251.74,555.38,Cash,Online,Mona K.,4,2.0,True,False
ORD105453,2025-10-03,CUST0478,Tarek Khalil,Giza,Consumer,Clothing,Jeans,1,770.34,0.0,770.34,325.04,445.3,Card,Online,Sara M.,1,5.0,False,False
ORD105056,2025-07-17,CUST0496,Khaled Khalil,Alexandria,Consumer,Electronics,Power Bank,1,635.07,0.0,635.07,342.91,292.16,Cash,Online,Mona K.,3,2.0,False,False
ORD105852,2025-11-28,CUST0320,Youssef Ibrahim,Alexandria,Consumer,Groceries,Honey Jar,2,319.56,20.0,511.3,398.36,112.94,Mobile Wallet,Online,,0,,True,False
ORD105571,2025-10-24,CUST0417,Nourhan El-Sayed,Tanta,Consumer,Home & Kitchen,Blender,1,1077.72,25.0,808.29,609.33,198.96,Cash,Online,Nourhan S.,2,4.0,True,False
ORD103571,2024-11-30,CUST0289,Nourhan Sherif,Alexandria,SMB,Home & Kitchen,Blender,1,1012.58,10.0,911.32,608.39,302.93,Mobile Wallet,Online,,4,4.0,True,False
ORD101172,2023-09-05,CUST0557,Omar Sherif,Giza,Enterprise,Beauty,Makeup Kit,2,643.67,0.0,1287.34,522.5,764.84,Cash,Online,,0,5.0,False,False
ORD104453,2025-03-30,CUST0310,Adel Farouk,Cairo,Consumer,Electronics,Smart Watch,1,3596.47,0.0,3596.47,2204.38,1392.09,Installment,Online,Mona K.,3,4.0,False,False
ORD101164,2023-09-04,CUST0462,Mona Farouk,Tanta,Enterprise,Electronics,Smart Watch,1,3629.38,0.0,3629.38,2100.24,1529.14,Card,In-store,Youssef A.,0,5.0,False,False
ORD101818,2024-01-16,CUST0030,Mona Abdel Rahman,Cairo,Consumer,Clothing,Hoodie,2,603.9,0.0,1207.8,595.7,612.1,Mobile Wallet,In-store,Youssef A.,0,5.0,False,False
ORD103501,2024-11-26,CUST0229,Laila Sherif,Cairo,Consumer,Groceries,Rice 5kg,2,202.59,5.0,384.92,314.74,70.18,Card,Online,,2,5.0,True,False
ORD104238,2025-03-07,CUST0038,Rania El-Sayed,Mansoura,Consumer,Groceries,Olive Oil 1L,1,277.02,0.0,277.02,172.75,104.27,Installment,Phone,Khaled T.,0,,False,False
ORD103214,2024-10-04,CUST0308,Nada Hassan,Cairo,SMB,Home & Kitchen,Cookware Set,1,2084.97,0.0,2084.97,1290.77,794.2,Cash,Online,,3,3.0,False,False
ORD105929,2025-12-06,CUST0313,Salma Farouk,Cairo,Consumer,Home & Kitchen,Blender,1,1163.54,0.0,1163.54,594.44,569.1,Mobile Wallet,Online,,3,4.0,False,False
ORD101284,2023-10-01,CUST0466,Nourhan Hassan,Alexandria,Consumer,Beauty,Skincare Set,1,806.88,0.0,806.88,336.78,470.1,Mobile Wallet,Online,Sara M.,3,,False,False
ORD101498,2023-11-21,CUST0119,Hassan Aziz,Tanta,Consumer,Electronics,Bluetooth Speaker,5,971.64,5.0,4615.29,2856.4,1758.89,Card,Phone,Mona K.,0,5.0,True,False
ORD105192,2025-08-15,CUST0545,Laila Ibrahim,Mansoura,Consumer,Electronics,Power Bank,1,646.93,0.0,646.93,347.16,299.77,Card,In-store,Youssef A.,0,3.0,False,False
ORD100532,2023-04-10,CUST0318,Karim Ibrahim,Cairo,SMB,Sports,Running Shoes,1,1577.78,0.0,1577.78,882.03,695.75,Mobile Wallet,In-store,Sara M.,0,5.0,False,False
ORD102321,2024-04-04,CUST0455,Salma Khalil,Cairo,Enterprise,Electronics,Power Bank,1,593.41,0.0,593.41,346.89,246.52,Cash,Online,Mona K.,5,5.0,False,False
ORD102872,2024-07-22,CUST0124,Nada Ibrahim,Cairo,SMB,Clothing,Sneakers,2,1508.7,0.0,3017.4,1406.5,1610.9,Mobile Wallet,Online,,0,5.0,False,False
ORD102820,2024-07-08,CUST0262,Khaled Hassan,Cairo,Enterprise,Electronics,Wireless Earbuds,1,1116.07,0.0,1116.07,745.96,370.11,Installment,In-store,Sara M.,0,3.0,False,False
ORD102684,2024-06-11,CUST0494,Mahmoud Mostafa,Alexandria,Consumer,Sports,Yoga Mat,1,439.16,0.0,439.16,212.32,226.84,Card,In-store,Youssef A.,0,5.0,False,False
ORD105431,2025-09-29,CUST0454,Tarek Sherif,Tanta,SMB,Sports,Yoga Mat,2,446.02,0.0,892.04,449.58,442.46,Installment,Online,,5,5.0,False,False
ORD101848,2024-01-21,CUST0010,Mona Farouk,Cairo,Consumer,Groceries,Rice 5kg,1,220.09,0.0,220.09,156.35,63.74,Card,In-store,Nourhan S.,0,3.0,False,False
ORD104089,2025-02-17,CUST0551,Mona Hassan,Alexandria,Consumer,Electronics,Smart Watch,1,3459.14,0.0,3459.14,2090.64,1368.5,Cash,Online,Omar F.,1,5.0,False,False
ORD100637,2023-04-23,CUST0312,Mona Sherif,Tanta,Consumer,Sports,Football,1,401.65,0.0,401.65,176.17,225.48,Cash,In-store,Mona K.,0,3.0,False,False
ORD102730,2024-06-18,CUST0600,Mahmoud Mostafa,Giza,Enterprise,Home & Kitchen,Cookware Set,1,2236.53,0.0,2236.53,1333.3,903.23,Card,Online,,3,1.0,False,False
ORD105674,2025-11-08,CUST0135,Heba Farouk,Cairo,Enterprise,Beauty,Makeup Kit,1,634.14,0.0,634.14,241.09,393.05,Cash,Online,,0,4.0,False,False
ORD101859,2024-01-23,CUST0099,Mahmoud Ibrahim,Giza,Enterprise,Groceries,Olive Oil 1L,1,297.33,0.0,297.33,173.61,123.72,Cash,In-store,Mona K.,0,3.0,False,False
ORD105480,2025-10-08,CUST0285,Ahmed Hassan,Mansoura,Consumer,Groceries,Coffee 250g,1,185.6,0.0,185.6,97.69,87.91,Card,Phone,Sara M.,0,5.0,False,False
ORD105598,2025-10-28,CUST0491,Tarek Khalil,Alexandria,Consumer,Groceries,Coffee 250g,2,176.97,0.0,353.94,195.34,158.6,Card,Online,Sara M.,3,4.0,False,False
ORD101411,2023-10-29,CUST0458,Nourhan Ibrahim,Cairo,Consumer,Clothing,Women's Dress,2,869.34,0.0,1738.68,827.62,911.06,Card,In-store,Youssef A.,0,5.0,False,False
ORD103354,2024-11-04,CUST0043,Ahmed Khalil,Cairo,Consumer,Clothing,Sneakers,2,1322.38,0.0,2644.76,1376.08,1268.68,Cash,Online,Youssef A.,0,3.0,False,False
ORD104221,2025-03-06,CUST0237,Khaled Aziz,Cairo,Consumer,Home & Kitchen,Air Fryer,1,2773.1,10.0,2495.79,1726.73,769.06,Card,Phone,Omar F.,0,4.0,True,False
ORD105536,2025-10-18,CUST0019,Hassan Mahmoud,Mansoura,Enterprise,Beauty,Skincare Set,1,863.01,25.0,647.26,359.28,287.98,Mobile Wallet,In-store,Omar F.,0,3.0,True,False
ORD104743,2025-05-19,CUST0123,Ahmed Khalil,Tanta,Consumer,Beauty,Perfume,1,1252.73,15.0,1064.82,609.77,455.05,Card,In-store,Mona K.,0,5.0,True,False
ORD103067,2024-09-07,CUST0096,Karim Abdel Rahman,Tanta,Consumer,Electronics,Power Bank,2,636.85,0.0,1273.7,700.62,573.08,Mobile Wallet,Online,,5,2.0,False,False
ORD101055,2023-07-31,CUST0408,Khaled Aziz,Giza,Consumer,Sports,Dumbbell Set,1,1793.35,0.0,1793.35,1092.47,700.88,Installment,Online,Youssef A.,1,1.0,False,False
ORD101314,2023-10-06,CUST0574,Karim El-Sayed,,SMB,Beauty,Makeup Kit,1,641.43,0.0,641.43,249.89,391.54,Card,In-store,Youssef A.,0,4.0,False,False
ORD102991,2024-08-19,CUST0545,Laila Ibrahim,Mansoura,Consumer,Home & Kitchen,Coffee Maker,1,1404.43,0.0,1404.43,851.01,553.42,Cash,In-store,Omar F.,0,,False,False
ORD102401,2024-04-18,CUST0287,Karim Aziz,Cairo,SMB,Beauty,Skincare Set,1,817.42,0.0,-817.42,334.98,-482.44,Mobile Wallet,In-store,Youssef A.,0,5.0,False,True
ORD102822,2024-07-09,CUST0294,Adel Mostafa,Alexandria,SMB,Sports,Running Shoes,1,1595.3,0.0,1595.3,858.87,736.43,Card,Online,Youssef A.,0,4.0,False,False
ORD104009,2025-02-09,CUST0303,Laila Sherif,Alexandria,Consumer,Clothing,Jeans,2,708.03,0.0,1416.06,624.88,791.18,Card,In-store,Khaled T.,0,5.0,False,False
ORD101072,2023-08-06,CUST0255,Yasmin Aziz,Tanta,Consumer,Groceries,Coffee 250g,2,166.56,0.0,-333.12,197.18,-135.94,Installment,Online,Youssef A.,2,5.0,False,True
ORD104853,2025-06-07,CUST0065,Omar Mostafa,Cairo,SMB,Clothing,Hoodie,2,637.9,10.0,1148.22,596.62,551.6,Card,Phone,Khaled T.,0,5.0,True,False
ORD104103,2025-02-19,CUST0412,Mahmoud Khalil,Alexandria,Consumer,Electronics,Smart Watch,1,3643.02,0.0,3643.02,2054.77,1588.25,Mobile Wallet,In-store,Youssef A.,0,4.0,False,False
ORD105629,2025-11-01,CUST0392,Karim Mahmoud,Giza,Consumer,Home & Kitchen,Blender,1,1128.22,0.0,1128.22,613.14,515.08,Card,Online,Youssef A.,3,4.0,False,False
ORD100057,2023-01-13,CUST0306,Karim Aziz,Aswan,Consumer,Sports,Yoga Mat,2,472.81,0.0,945.62,426.0,519.62,Installment,In-store,,0,3.0,False,False
ORD103353,2024-11-03,CUST0148,Nourhan Hassan,alexandria,Consumer,Clothing,Hoodie,5,647.19,0.0,3235.95,1448.8,1787.15,Card,Online,Youssef A.,1,5.0,False,False
ORD102264,2024-03-26,CUST0421,Nourhan Hassan,Mansoura,SMB,Sports,Running Shoes,1,1612.36,0.0,1612.36,862.91,749.45,Cash,Online,Youssef A.,7,2.0,False,False
ORD101925,2024-02-03,CUST0083,Nada Mahmoud,Aswan,SMB,Beauty,Makeup Kit,1,588.45,0.0,588.45,249.07,339.38,Mobile Wallet,Online,,2,4.0,False,False
ORD104405,2025-03-26,CUST0584,Dina Mostafa,Alexandria,SMB,Home & Kitchen,Cookware Set,2,2314.11,0.0,4628.22,2554.38,2073.84,Card,In-store,Youssef A.,0,5.0,False,False
ORD104421,2025-03-27,CUST0228,Karim Sherif,alexandria,SMB,CLOTHING,Men's T-Shirt,2,376.1,0.0,752.2,296.2,456.0,Cash,In-store,Nourhan S.,0,1.0,False,False
ORD104322,2025-03-16,CUST0281,Adel Mahmoud,Cairo,Consumer,Clothing,Jeans,2,796.13,0.0,1592.26,609.08,983.18,Cash,In-store,Mona K.,0,5.0,False,False
ORD104877,2025-06-11,CUST0300,Nourhan Khalil,Cairo,Enterprise,Groceries,Olive Oil 1L,1,295.98,0.0,295.98,179.85,116.13,Mobile Wallet,Online,Sara M.,1,3.0,False,False
ORD103794,2025-01-06,CUST0532,Adel El-Sayed,Giza,Consumer,Sports,Football,1,358.12,0.0,358.12,173.46,184.66,Mobile Wallet,Phone,Khaled T.,0,4.0,False,False
ORD104996,2025-07-03,CUST0047,Ahmed Farouk,Tanta,Consumer,Home & Kitchen,Blender,1,1105.44,0.0,1105.44,571.44,534.0,Cash,Phone,Mona K.,0,3.0,False,False
ORD102971,2024-08-15,CUST0134,Sara Ibrahim,Giza,Consumer,Home & Kitchen,Air Fryer,1,2653.21,0.0,2653.21,1748.21,905.0,Card,Phone,Mona K.,0,4.0,False,False
ORD105872,2025-11-29,CUST0198,Rania Hassan,Mansoura,Consumer,Clothing,Hoodie,1,606.91,20.0,485.53,303.18,182.35,Mobile Wallet,Online,,1,2.0,True,False
ORD101186,2023-09-08,CUST0339,Karim Mahmoud,Alexandria,SMB,Beauty,Perfume,1,62904.49999999999,0.0,62904.5,600.85,657.24,Card,Phone,Omar F.,0,5.0,False,False
ORD105423,2025-09-28,CUST0009,Yasmin Abdel Rahman,Cairo,Consumer,Groceries,Coffee 250g,1,191.85,0.0,191.85,104.9,86.95,Installment,In-store,Khaled T.,0,,False,False
ORD104046,2025-02-13,CUST0505,Ahmed Abdel Rahman,Alexandria,SMB,Home & Kitchen,Cookware Set,1,2052.84,0.0,2052.84,1264.6,788.24,Cash,In-store,Omar F.,0,3.0,False,False
ORD105238,2025-08-25,CUST0295,Salma Aziz,,SMB,Clothing,Women's Dress,2,863.47,0.0,1726.94,762.52,964.42,Cash,Phone,Sara M.,0,3.0,False,False
ORD103375,2024-11-08,CUST0417,Nourhan El-Sayed,Tanta,Consumer,Home & Kitchen,Vacuum Cleaner,2,3141.6,0.0,6283.2,3902.68,2380.52,Cash,Online,Youssef A.,1,4.0,False,False
ORD103391,2024-11-11,CUST0495,Rania Mostafa,Giza,Consumer,Electronics,Smart Watch,1,3558.59,0.0,3558.59,2013.68,1544.91,Mobile Wallet,In-store,Youssef A.,0,5.0,False,False
ORD100359,2023-03-17,CUST0276,Omar Aziz,Mansoura,Consumer,Electronics,Bluetooth Speaker,2,976.19,0.0,1952.38,1103.44,848.94,Mobile Wallet,In-store,Mona K.,0,2.0,False,False
ORD103293,2024-10-20,CUST0256,Nada Farouk,,Consumer,Clothing,Hoodie,2,695.88,0.0,1391.76,585.88,805.88,Installment,In-store,Omar F.,0,3.0,False,False
ORD103931,2025-01-31,CUST0508,Amr Aziz,Giza,SMB,Groceries,Honey Jar,1,304.16,0.0,304.16,206.12,98.04,Cash,Phone,Khaled T.,0,4.0,False,False
ORD100673,2023-04-28,CUST0321,Rania Mahmoud,Cairo,Consumer,Groceries,Honey Jar,1,295.58,0.0,295.58,192.67,102.91,Mobile Wallet,Phone,Youssef A.,0,4.0,False,False
ORD103775,2025-01-04,CUST0304,Salma Farouk,Cairo,SMB,Electronics,Bluetooth Speaker,2,985.52,0.0,1971.04,1144.58,826.46,Installment,Online,,1,2.0,False,False
ORD103885,2025-01-23,CUST0471,Sara Abdel Rahman,Cairo,Consumer,Clothing,Hoodie,1,618.54,0.0,618.54,303.48,315.06,Mobile Wallet,Phone,Mona K.,0,5.0,False,False
ORD101744,2023-12-31,CUST0593,Omar Sherif,Mansoura,Consumer,Electronics,Phone Case,2,259.15,0.0,518.3,175.12,343.18,Card,Online,Sara M.,0,4.0,False,False
ORD102185,2024-03-16,CUST0120,Youssef Hassan,Giza,SMB,Home & Kitchen,Coffee Maker,2,1448.7,0.0,2897.4,1658.8,1238.6,Card,In-store,Nourhan S.,0,3.0,False,False
ORD100293,2023-03-07,CUST0090,Ahmed Hassan,Giza,Enterprise,Electronics,Bluetooth Speaker,1,980.45,0.0,980.45,564.24,416.21,Cash,In-store,Omar F.,0,4.0,False,False
ORD100086,2023-01-20,CUST0323,Khaled Farouk,Cairo,SMB,Clothing,Jeans,2,734.94,15.0,-1249.4,631.64,-617.76,Installment,Online,Youssef A.,3,4.0,True,True
ORD105269,2025-08-31,CUST0323,Khaled Farouk,Cairo,SMB,Home & Kitchen,Vacuum Cleaner,1,3085.29,0.0,3085.29,1957.9,1127.39,Cash,Online,,0,4.0,False,False
ORD100944,2023-06-30,CUST0083,Nada Mahmoud,Aswan,SMB,Clothing,Women's Dress,2,858.12,0.0,1716.24,810.12,906.12,Mobile Wallet,Online,Youssef A.,4,5.0,False,False
ORD100131,2023-01-31,CUST0416,Sara Khalil,,SMB,Beauty,Perfume,1,1223.54,0.0,1223.54,592.94,630.6,Cash,In-store,,0,5.0,False,False
ORD100156,2023-02-06,CUST0215,Rania Mahmoud,Tanta,Consumer,Groceries,Rice 5kg,1,236.52,15.0,201.04,148.17,52.87,Card,Online,Sara M.,3,,True,False
ORD101524,2023-11-23,CUST0579,Omar Aziz,Tanta,Consumer,Clothing,Hoodie,1,634.1,10.0,570.69,310.24,260.45,Cash,Online,Nourhan S.,4,5.0,True,False
ORD104001,2025-02-08,CUST0200,Heba Farouk,Mansoura,Consumer,GROCERIES,Honey Jar,1,325.81,0.0,325.81,200.24,125.57,Mobile Wallet,Online,Sara M.,3,3.0,False,False
ORD105217,2025-08-21,CUST0413,Hassan Mahmoud,Giza,SMB,Clothing,Hoodie,1,616.4,0.0,616.4,306.83,309.57,Card,In-store,Sara M.,0,4.0,False,False
ORD100218,2023-02-20,CUST0478,Tarek Khalil,Giza,Consumer,Sports,Football,1,367.1,0.0,367.1,184.04,183.06,Mobile Wallet,Online,,5,5.0,False,False
ORD105742,2025-11-20,CUST0108,Omar El-Sayed,Cairo,SMB,Clothing,Men's T-Shirt,1,335.58,5.0,318.8,148.12,170.68,Mobile Wallet,Online,Mona K.,7,4.0,True,False
ORD102967,2024-08-15,CUST0319,Mona Aziz,Giza,Consumer,Beauty,Skincare Set,1,740.75,0.0,740.75,347.44,393.31,Cash,Online,,2,5.0,False,False
ORD105628,2025-11-01,CUST0416,Sara Khalil,Giza,SMB,Clothing,Hoodie,1,696.5,0.0,696.5,313.3,383.2,Mobile Wallet,Online,Omar F.,4,4.0,False,False
ORD102875,2024-07-22,CUST0402,Yasmin Hassan,Aswan,Consumer,Home & Kitchen,Blender,1,1013.39,0.0,1013.39,570.88,442.51,Card,Online,,0,4.0,False,False
ORD100261,2023-03-02,CUST0486,Nada Sherif,Alexandria,Consumer,Electronics,Bluetooth Speaker,1,877.8,0.0,877.8,562.14,315.66,Cash,In-store,Sara M.,0,4.0,False,False
ORD104391,2025-03-25,CUST0180,Yasmin Farouk,Aswan,Consumer,Sports,Yoga Mat,1,482.35,0.0,482.35,220.93,261.42,Cash,Online,,7,5.0,False,False
ORD103725,2024-12-29,CUST0430,Khaled Mostafa,Mansoura,SMB,Clothing,Sneakers,3,1370.49,0.0,4111.47,2003.4,2108.07,Cash,Online,Sara M.,2,4.0,False,False
ORD105921,2025-12-05,CUST0549,Youssef Hassan,Cairo,SMB,Sports,Dumbbell Set,2,1680.59,0.0,3361.18,2191.96,1169.22,Mobile Wallet,Online,Khaled T.,3,4.0,False,False
ORD103876,2025-01-21,CUST0553,Heba Mostafa,Cairo,Consumer,Electronics,Phone Case,1,266.46,0.0,266.46,88.73,177.73,Cash,Online,,3,2.0,False,False
ORD105541,2025-10-18,CUST0328,Karim Farouk,Alexandria,Consumer,Sports,Yoga Mat,1,472.14,0.0,472.14,219.75,252.39,Card,Online,Omar F.,5,,False,False
ORD105371,2025-09-18,CUST0186,Dina Hassan,Mansoura,Consumer,Sports,Dumbbell Set,1,1770.63,0.0,1770.63,1147.77,622.86,Installment,Online,,0,5.0,False,False
ORD102224,2024-03-21,CUST0281,Adel Mahmoud,Cairo,Consumer,Groceries,Honey Jar,1,309.52,0.0,309.52,207.9,101.62,Cash,In-store,Sara M.,0,5.0,False,False
ORD100468,2023-04-02,CUST0024,Amr Mahmoud,Mansoura,SMB,Electronics,Power Bank,1,612.11,0.0,612.11,357.14,254.97,Installment,In-store,Sara M.,0,5.0,False,False
ORD100477,2023-04-02,CUST0115,Nada Ibrahim,Mansoura,Consumer,Electronics,Wireless Earbuds,1,1114.7,0.0,1114.7,716.43,398.27,Mobile Wallet,In-store,Sara M.,0,3.0,False,False
ORD103666,2024-12-20,CUST0177,Amr Abdel Rahman,Alexandria,SMB,ELECTRONICS,Wireless Earbuds,1,1181.19,0.0,1181.19,763.26,417.93,Mobile Wallet,In-store,Mona K.,0,4.0,False,False
ORD103871,2025-01-19,CUST0538,Sara Ibrahim,Giza,SMB,Clothing,Jeans,1,742.09,0.0,742.09,319.7,422.39,Cash,In-store,Sara M.,0,5.0,False,False
ORD100500,2023-04-06,CUST0213,Khaled Mostafa,Mansoura,Consumer,Groceries,Coffee 250g,1,177.45,0.0,177.45,104.48,72.97,Installment,Online,,4,4.0,False,False
ORD100499,2023-04-06,CUST0304,Salma Farouk,Cairo,SMB,Beauty,Perfume,1,1304.82,0.0,1304.82,623.92,680.9,Mobile Wallet,In-store,Mona K.,0,4.0,False,False
ORD101276,2023-09-28,CUST0334,Laila Mahmoud,Alexandria,SMB,Sports,Dumbbell Set,1,1657.26,0.0,1657.26,1151.73,505.53,Cash,Phone,Khaled T.,0,5.0,False,False
ORD104183,2025-02-28,CUST0384,Heba Khalil,cairo,Consumer,Electronics,Bluetooth Speaker,2,916.8,0.0,1833.6,1109.76,723.84,Installment,In-store,Sara M.,0,5.0,False,False
ORD105300,2025-09-07,CUST0357,Mona Hassan,,Consumer,Beauty,Makeup Kit,2,570.89,5.0,1084.69,476.76,607.93,Card,In-store,Nourhan S.,0,2.0,True,False
ORD103822,2025-01-12,CUST0493,Ahmed Khalil,Cairo,SMB,Sports,Yoga Mat,1,430.51,0.0,430.51,224.71,205.8,Mobile Wallet,In-store,Mona K.,0,3.0,False,False
ORD102972,2024-08-15,CUST0075,Youssef Mahmoud,Alexandria,Consumer,Beauty,Makeup Kit,1,597.76,0.0,597.76,243.93,353.83,Mobile Wallet,In-store,Omar F.,0,3.0,False,False
ORD106058,2025-12-31,CUST0554,Nada Farouk,Tanta,SMB,Clothing,Jeans,2,797.91,0.0,1595.82,615.66,980.16,Card,In-store,,0,4.0,False,False
ORD102374,2024-04-13,CUST0052,Ahmed Mahmoud,Alexandria,SMB,Clothing,Women's Dress,5,890.7,0.0,4453.5,2004.95,2448.55,Card,Phone,Sara M.,0,5.0,False,False
ORD100697,2023-05-05,CUST0082,Karim Ibrahim,Cairo,SMB,Electronics,Smart Watch,1,3433.13,0.0,3433.13,1998.9,1434.23,Card,Online,,4,,False,False
ORD103422,2024-11-16,CUST0456,Laila Mahmoud,Alexandria,Consumer,Electronics,Phone Case,1,244.64,0.0,244.64,87.35,157.29,Mobile Wallet,In-store,Khaled T.,0,4.0,False,False
ORD103530,2024-11-28,CUST0402,Yasmin Hassan,Aswan,Consumer,Home & Kitchen,Air Fryer,2,3008.15,10.0,5414.67,3442.06,1972.61,Mobile Wallet,In-store,Omar F.,0,5.0,True,False
ORD100180,2023-02-11,CUST0079,Dina Khalil,Aswan,Consumer,Beauty,Perfume,2,1199.94,0.0,2399.88,1228.32,1171.56,Card,In-store,Youssef A.,0,5.0,False,False
ORD105345,2025-09-14,CUST0503,Ahmed Farouk,Aswan,Consumer,Sports,Running Shoes,2,1580.3,0.0,3160.6,1732.1,1428.5,Cash,In-store,Khaled T.,0,3.0,False,False
ORD103494,2024-11-25,CUST0117,Rania Farouk,Giza,Consumer,Home & Kitchen,Coffee Maker,2,1403.95,5.0,2667.5,1728.9,938.6,Mobile Wallet,Online,,2,5.0,True,False
ORD101555,2023-11-25,CUST0197,Youssef Sherif,Giza,Consumer,Beauty,Skincare Set,2,847.87,25.0,1271.8,675.88,595.92,Mobile Wallet,In-store,Youssef A.,0,4.0,True,False
ORD103324,2024-10-27,CUST0097,Khaled Mostafa,Mansoura,SMB,Sports,Football,1,390.31,0.0,-390.31,186.39,-203.92,Cash,In-store,Omar F.,0,4.0,False,True
ORD105069,2025-07-19,CUST0019,Hassan Mahmoud,Mansoura,Enterprise,Groceries,Rice 5kg,1,226.22,0.0,226.22,148.45,77.77,Cash,Online,,4,3.0,False,False
ORD102990,2024-08-19,CUST0105,Nada Mahmoud,Cairo,Consumer,Sports,Running Shoes,1,1645.43,0.0,1645.43,852.03,793.4,Cash,In-store,Khaled T.,0,5.0,False,False
ORD101547,2023-11-25,CUST0300,Nourhan Khalil,Cairo,Enterprise,Groceries,Coffee 250g,1,177.8,15.0,151.13,101.79,49.34,Card,Phone,Sara M.,0,,True,False
ORD105839,2025-11-27,CUST0350,Dina Hassan,Alexandria,SMB,Electronics,Bluetooth Speaker,1,928.35,10.0,-835.52,547.35,-288.17,Card,Phone,Sara M.,0,4.0,True,True
ORD102830,2024-07-12,CUST0207,Dina Abdel Rahman,Alexandria,SMB,Beauty,Skincare Set,3,790.87,0.0,2372.61,1092.81,1279.8,Cash,Online,,0,5.0,False,False
ORD101503,2023-11-21,CUST0356,Nourhan Farouk,Cairo,Consumer,Home & Kitchen,Coffee Maker,1,1513.63,10.0,1362.27,892.1,470.17,Cash,Online,Mona K.,2,5.0,True,False
ORD101409,2023-10-28,CUST0272,Khaled Abdel Rahman,Giza,Consumer,Beauty,Perfume,3,1272.5,0.0,3817.5,1833.48,1984.02,Cash,In-store,Mona K.,0,5.0,False,False
ORD104359,2025-03-20,CUST0248,Karim Mostafa,Mansoura,Consumer,Clothing,Sneakers,1,1323.8,0.0,1323.8,715.21,608.59,Mobile Wallet,Phone,Omar F.,0,4.0,False,False
ORD100848,2023-06-04,CUST0506,Adel Khalil,Mansoura,Consumer,Groceries,Olive Oil 1L,1,281.67,0.0,281.67,185.15,96.52,Mobile Wallet,Online,,5,,False,False
ORD100317,2023-03-11,CUST0233,Sara Sherif,Mansoura,Consumer,Sports,Yoga Mat,1,418.67,0.0,418.67,219.25,199.42,Cash,Online,,2,2.0,False,False
ORD106005,2025-12-20,CUST0183,Amr Hassan,Aswan,SMB,Home & Kitchen,Cookware Set,1,2291.14,25.0,1718.36,1270.61,447.75,Card,Phone,Sara M.,0,5.0,True,False
ORD105007,2025-07-06,CUST0530,Adel Ibrahim,Alexandria,SMB,Clothing,Men's T-Shirt,2,346.41,0.0,692.82,304.46,388.36,Card,Online,,0,4.0,False,False
ORD104965,2025-06-27,CUST0500,Adel Khalil,Cairo,SMB,Clothing,Jeans,1,796.22,0.0,796.22,310.7,485.52,Cash,In-store,Nourhan S.,0,5.0,False,False
ORD104674,2025-05-06,CUST0455,Salma Khalil,Cairo,Enterprise,Groceries,Honey Jar,2,331.19,25.0,496.78,412.74,84.04,Mobile Wallet,Online,,4,4.0,True,False
ORD100292,2023-03-07,CUST0471,Sara Abdel Rahman,Cairo,Consumer,Electronics,Phone Case,3,266.11,0.0,798.33,275.31,523.02,Card,Online,,5,5.0,False,False
ORD103212,2024-10-04,CUST0300,Nourhan Khalil,Cairo,Enterprise,Groceries,Rice 5kg,2,204.92,0.0,409.84,295.6,114.24,Mobile Wallet,In-store,Mona K.,0,2.0,False,False
ORD102791,2024-07-01,CUST0346,Salma Hassan,Aswan,SMB,Electronics,Phone Case,5,258.19,0.0,-1290.95,432.5,-858.45,Card,In-store,Sara M.,0,4.0,False,True
ORD102954,2024-08-12,CUST0586,Mona Ibrahim,Alexandria,Consumer,Groceries,Rice 5kg,1,215.14,0.0,215.14,143.67,71.47,Cash,In-store,Youssef A.,0,3.0,False,False
ORD105901,2025-12-03,CUST0436,Tarek Khalil,Cairo,Consumer,Electronics,Wireless Earbuds,1,1239.36,0.0,1239.36,730.83,508.53,Mobile Wallet,Online,,1,5.0,False,False
ORD100796,2023-05-22,CUST0163,Mahmoud Abdel Rahman,Giza,SMB,Beauty,Hair Dryer,2,864.35,0.0,1728.7,888.64,840.06,Cash,In-store,Youssef A.,0,3.0,False,False
ORD102097,2024-03-05,CUST0025,Yasmin Khalil,mansoura,SMB,Sports,Football,2,380.24,0.0,760.48,342.4,418.08,Card,In-store,Nourhan S.,0,5.0,False,False
ORD105171,2025-08-09,CUST0066,Tarek Mahmoud,,Consumer,Clothing,Jeans,1,769.12,0.0,-769.12,326.31,-442.81,Mobile Wallet,Online,Khaled T.,2,4.0,False,True
ORD105991,2025-12-18,CUST0425,Sara Hassan,Cairo,SMB,Sports,Running Shoes,1,1700.44,0.0,1700.44,855.46,844.98,Cash,In-store,Nourhan S.,0,5.0,False,False
ORD100289,2023-03-07,CUST0020,Salma Mostafa,Giza,Consumer,Home & Kitchen,Vacuum Cleaner,1,3201.65,0.0,3201.65,1950.38,1251.27,Card,In-store,Mona K.,0,2.0,False,False
ORD103436,2024-11-20,CUST0502,Mahmoud Mahmoud,Giza,Consumer,Clothing,Hoodie,1,631.2,25.0,473.4,311.99,161.41,Card,In-store,Mona K.,0,4.0,True,False
ORD100854,2023-06-06,CUST0341,Heba El-Sayed,Alexandria,Enterprise,Groceries,Coffee 250g,2,171.03,0.0,342.06,205.7,136.36,Mobile Wallet,Online,Youssef A.,4,5.0,False,False
ORD104509,2025-04-08,CUST0311,Amr Aziz,Cairo,Consumer,Electronics,Bluetooth Speaker,1,985.54,0.0,985.54,569.54,416.0,Cash,Phone,Omar F.,0,3.0,False,False
ORD102230,2024-03-22,CUST0060,Hassan Sherif,Giza,SMB,Clothing,Women's Dress,1,914.67,0.0,-914.67,401.13,-513.54,Mobile Wallet,In-store,Sara M.,0,5.0,False,True
ORD103709,2024-12-27,CUST0245,Karim Ibrahim,Giza,SMB,Electronics,Phone Case,1,251.56,0.0,251.56,85.66,165.9,Card,Phone,Khaled T.,0,,False,False
ORD103573,2024-11-30,CUST0365,Adel Hassan,Alexandria,Consumer,Sports,Dumbbell Set,1,1796.65,25.0,1347.49,1152.85,194.64,Card,Online,Mona K.,5,,True,False
ORD100801,2023-05-23,CUST0335,Mona Abdel Rahman,Cairo,Consumer,Electronics,Wireless Earbuds,1,1114.45,0.0,1114.45,761.75,352.7,Cash,In-store,Youssef A.,0,5.0,False,False
ORD105715,2025-11-15,CUST0559,Adel Hassan,Giza,Enterprise,Beauty,Perfume,1,1383.76,0.0,1383.76,575.45,808.31,Mobile Wallet,In-store,Youssef A.,0,1.0,False,False
ORD100740,2023-05-11,CUST0052,Ahmed Mahmoud,Alexandria,SMB,Clothing,Men's T-Shirt,1,337.26,0.0,337.26,150.74,186.52,Installment,Online,Sara M.,4,2.0,False,False
ORD102212,2024-03-20,CUST0379,Youssef Mostafa,Mansoura,SMB,Electronics,Phone Case,1,243.54,0.0,243.54,86.52,157.02,Cash,In-store,Sara M.,0,4.0,False,False
ORD103335,2024-10-30,CUST0042,Omar Aziz,Aswan,SMB,Electronics,Wireless Earbuds,1,1165.42,0.0,1165.42,736.2,429.22,Card,Online,,0,3.0,False,False
ORD105426,2025-09-28,CUST0189,Khaled Sherif,Alexandria,Enterprise,Beauty,Perfume,1,1261.37,0.0,1261.37,622.4,638.97,Card,Online,,1,1.0,False,False
ORD105960,2025-12-12,CUST0029,Laila Mostafa,Giza,SMB,HOME & KITCHEN,Vacuum Cleaner,1,3144.17,0.0,3144.17,1919.59,1224.58,Card,Online,,4,4.0,False,False
ORD103022,2024-08-30,CUST0319,Mona Aziz,Giza,Consumer,Groceries,Honey Jar,1,305.64,0.0,305.64,205.91,99.73,Mobile Wallet,In-store,Omar F.,0,5.0,False,False
ORD104677,2025-05-07,CUST0506,Adel Khalil,Mansoura,Consumer,Sports,Running Shoes,1,1647.51,0.0,1647.51,845.66,801.85,Mobile Wallet,Online,Mona K.,3,5.0,False,False
ORD101346,2023-10-15,CUST0305,Hassan Mostafa,Alexandria,SMB,Groceries,Honey Jar,2,297.99,0.0,595.98,390.74,205.24,Cash,In-store,Youssef A.,0,3.0,False,False
ORD103821,2025-01-12,CUST0054,Yasmin Khalil,Cairo,SMB,Sports,Yoga Mat,1,440.54,0.0,440.54,210.92,229.62,Mobile Wallet,In-store,Youssef A.,0,5.0,False,False
ORD100503,2023-04-07,CUST0007,Youssef Abdel Rahman,Mansoura,SMB,Home & Kitchen,Cookware Set,1,2244.82,0.0,2244.82,1274.19,970.63,Mobile Wallet,Online,Omar F.,4,4.0,False,False
ORD101452,2023-11-08,CUST0518,Nourhan Farouk,Cairo,SMB,Electronics,Smart Watch,1,3516.09,5.0,3340.29,2171.43,1168.86,Card,Phone,Sara M.,0,4.0,True,False
ORD104578,2025-04-19,CUST0075,Youssef Mahmoud,Alexandria,Consumer,Clothing,Men's T-Shirt,1,339.86,0.0,339.86,154.89,184.97,Installment,Online,,5,1.0,False,False
ORD104678,2025-05-07,CUST0383,Mona Sherif,Tanta,Consumer,Groceries,Coffee 250g,1,166.02,0.0,-166.02,98.35,-67.67,Card,Online,Sara M.,0,5.0,False,True
ORD103696,2024-12-24,CUST0399,Amr Abdel Rahman,Mansoura,Consumer,Electronics,Power Bank,2,647.0,0.0,1294.0,704.62,589.38,Cash,In-store,Nourhan S.,0,1.0,False,False
ORD104131,2025-02-22,CUST0048,Dina Mahmoud,Cairo,Consumer,Electronics,Wireless Earbuds,1,1222.74,0.0,1222.74,753.59,469.15,Mobile Wallet,Online,,2,3.0,False,False
ORD105123,2025-07-31,CUST0262,Khaled Hassan,Cairo,Enterprise,Clothing,Hoodie,1,627.45,0.0,627.45,313.82,313.63,Cash,In-store,Youssef A.,0,5.0,False,False
ORD104607,2025-04-25,CUST0414,Youssef Hassan,Alexandria,SMB,Groceries,Olive Oil 1L,1,295.25,0.0,-295.25,181.94,-113.31,Mobile Wallet,Online,Youssef A.,5,,False,True
ORD105842,2025-11-28,CUST0252,Adel Sherif,Alexandria,SMB,Groceries,Coffee 250g,1,170.47,10.0,153.42,101.45,51.97,Installment,Online,,1,4.0,True,False
ORD106038,2025-12-28,CUST0146,Karim Ibrahim,Cairo,Consumer,Sports,Dumbbell Set,1,1766.33,0.0,1766.33,1106.46,659.87,Cash,In-store,Sara M.,0,5.0,False,False
ORD105295,2025-09-06,CUST0549,Youssef Hassan,Cairo,SMB,Electronics,Power Bank,1,578.51,0.0,578.51,359.51,219.0,Cash,In-store,Sara M.,0,3.0,False,False
ORD101087,2023-08-12,CUST0395,Sara Sherif,aswan,Consumer,Electronics,Smart Watch,1,3725.63,0.0,3725.63,2185.77,1539.86,Cash,Phone,Youssef A.,0,5.0,False,False
ORD104545,2025-04-14,CUST0555,Heba Mahmoud,Cairo,SMB,Home & Kitchen,Vacuum Cleaner,5,3016.27,0.0,15081.35,9264.75,5816.6,Cash,In-store,Youssef A.,0,1.0,False,False
ORD101368,2023-10-22,CUST0490,Heba Sherif,,SMB,Electronics,Power Bank,2,615.5,0.0,1231.0,676.66,554.34,Card,In-store,Mona K.,0,3.0,False,False
ORD105527,2025-10-17,CUST0233,Sara Sherif,Mansoura,Consumer,Electronics,Power Bank,1,644.98,0.0,644.98,348.1,296.88,Mobile Wallet,Online,Omar F.,4,4.0,False,False
ORD100579,2023-04-16,CUST0215,Rania Mahmoud,Tanta,Consumer,Groceries,Olive Oil 1L,1,273.93,0.0,273.93,177.35,96.58,Mobile Wallet,In-store,Youssef A.,0,4.0,False,False
ORD105709,2025-11-15,CUST0150,Karim Farouk,Alexandria,Enterprise,Electronics,Smart Watch,1,3717.95,0.0,3717.95,2042.62,1675.33,Mobile Wallet,In-store,Nourhan S.,0,4.0,False,False
ORD100328,2023-03-12,CUST0011,Ahmed Sherif,Alexandria,Consumer,Electronics,Bluetooth Speaker,2,991.26,0.0,1982.52,1145.66,836.86,Mobile Wallet,Online,Mona K.,4,3.0,False,False
ORD104304,2025-03-14,CUST0350,Dina Hassan,Alexandria,SMB,Home & Kitchen,Cookware Set,1,2116.35,0.0,2116.35,1266.78,849.57,Cash,In-store,Youssef A.,0,3.0,False,False
ORD104851,2025-06-07,CUST0351,Karim Farouk,Alexandria,SMB,Home & Kitchen,Coffee Maker,1,1488.29,0.0,1488.29,833.93,654.36,Card,Online,,3,5.0,False,False
ORD100815,2023-05-27,CUST0342,Mahmoud Hassan,Mansoura,Consumer,Clothing,Sneakers,1,1326.05,0.0,1326.05,684.97,641.08,Mobile Wallet,Online,Omar F.,1,5.0,False,False
ORD103452,2024-11-22,CUST0358,Amr Aziz,cairo,Consumer,Home & Kitchen,Coffee Maker,5,1507.51,10.0,6783.8,4348.5,2435.3,Cash,Online,Khaled T.,1,3.0,True,False
ORD100451,2023-03-30,CUST0265,Dina Sherif,Aswan,Enterprise,Beauty,Hair Dryer,1,845.32,0.0,845.32,459.16,386.16,Cash,Phone,Mona K.,0,5.0,False,False
ORD103937,2025-02-01,CUST0054,Yasmin Khalil,Cairo,SMB,Sports,Yoga Mat,1,467.71,0.0,467.71,214.29,253.42,Mobile Wallet,Online,Youssef A.,2,4.0,False,False
ORD101502,2023-11-21,CUST0279,Adel Abdel Rahman,Mansoura,Enterprise,Home & Kitchen,Air Fryer,1,2793.72,15.0,2374.66,1751.43,623.23,Card,In-store,Sara M.,0,3.0,True,False
ORD100474,2023-04-02,CUST0540,Omar Hassan,Giza,Consumer,Clothing,Jeans,1,777.32,15.0,660.72,325.42,335.3,Card,In-store,Sara M.,0,5.0,True,False
ORD103917,2025-01-28,CUST0400,Mona Khalil,cairo,Consumer,Clothing,Hoodie,1,686.82,0.0,686.82,308.03,378.79,Card,Online,Mona K.,2,5.0,False,False
ORD100703,2023-05-05,CUST0032,Salma Sherif,Cairo,Consumer,Clothing,Men's T-Shirt,1,377.21,0.0,377.21,144.01,233.2,Card,Phone,Omar F.,0,5.0,False,False
ORD103406,2024-11-13,CUST0553,Heba Mostafa,Cairo,Consumer,Clothing,Jeans,1,757.65,0.0,757.65,314.28,443.37,Card,Phone,Nourhan S.,0,3.0,False,False
ORD102350,2024-04-09,CUST0074,Nada Aziz,Cairo,Enterprise,Beauty,Perfume,1,1306.8,0.0,1306.8,572.12,734.68,Card,Phone,Khaled T.,0,5.0,False,False
ORD100741,2023-05-12,CUST0325,Khaled Farouk,Giza,Consumer,Groceries,Coffee 250g,1,191.47,0.0,191.47,102.93,88.54,Cash,In-store,Sara M.,0,5.0,False,False
ORD105558,2025-10-22,CUST0108,Omar El-Sayed,Cairo,SMB,Beauty,Hair Dryer,2,838.39,0.0,1676.78,877.92,798.86,Mobile Wallet,Online,Nourhan S.,1,3.0,False,False
ORD101674,2023-12-16,CUST0443,Khaled El-Sayed,Alexandria,Consumer,Home & Kitchen,Vacuum Cleaner,1,3122.55,0.0,3122.55,1842.8,1279.75,Card,In-store,Sara M.,0,5.0,False,False
ORD105932,2025-12-06,CUST0483,Adel Hassan,Tanta,Consumer,Home & Kitchen,Air Fryer,1,2623.77,0.0,2623.77,1676.47,947.3,Cash,In-store,,0,4.0,False,False
ORD102563,2024-05-20,CUST0453,Sara Aziz,Giza,Consumer,Clothing,Men's T-Shirt,1,346.35,0.0,346.35,149.1,197.25,Mobile Wallet,Online,,2,,False,False
ORD100795,2023-05-22,CUST0468,Laila Sherif,Alexandria,Enterprise,Electronics,Bluetooth Speaker,2,922.83,5.0,1753.38,1056.34,697.04,Card,Online,Sara M.,1,3.0,True,False
ORD103421,2024-11-16,CUST0413,Hassan Mahmoud,Giza,SMB,Home & Kitchen,Cookware Set,2,2143.92,0.0,4287.84,2722.1,1565.74,Mobile Wallet,In-store,Khaled T.,0,5.0,False,False
ORD100411,2023-03-24,CUST0146,Karim Ibrahim,Cairo,Consumer,Groceries,Coffee 250g,1,183.59,0.0,183.59,98.36,85.23,Card,Online,,4,4.0,False,False
ORD104565,2025-04-18,CUST0299,Rania Khalil,Cairo,Enterprise,Beauty,Skincare Set,1,829.58,0.0,829.58,335.99,493.59,Cash,Online,Sara M.,0,4.0,False,False
ORD102548,2024-05-18,CUST0543,Ahmed Mahmoud,Alexandria,Consumer,Home & Kitchen,Coffee Maker,1,1465.54,0.0,1465.54,844.35,621.19,Cash,In-store,Sara M.,0,5.0,False,False
ORD100361,2023-03-17,CUST0540,Omar Hassan,Giza,Consumer,Groceries,Rice 5kg,2,213.16,0.0,426.32,302.78,123.54,Card,Online,Mona K.,4,5.0,False,False
ORD103317,2024-10-26,CUST0065,Omar Mostafa,Cairo,SMB,Electronics,Bluetooth Speaker,1,955.96,0.0,955.96,572.62,383.34,Mobile Wallet,Online,Nourhan S.,5,,False,False
ORD105446,2025-10-02,CUST0305,Hassan Mostafa,Alexandria,SMB,Electronics,Smart Watch,1,3404.65,0.0,3404.65,2136.7,1267.95,Cash,Phone,Khaled T.,0,,False,False
ORD101955,2024-02-09,CUST0566,Khaled Farouk,Alexandria,Consumer,Electronics,Wireless Earbuds,1,1282.62,0.0,1282.62,733.9,548.72,Card,In-store,Omar F.,0,5.0,False,False
ORD100383,2023-03-20,CUST0046,Youssef Hassan,Tanta,SMB,Clothing,Jeans,1,743.09,0.0,743.09,305.47,437.62,Card,Online,Sara M.,3,5.0,False,False
ORD105683,2025-11-10,CUST0478,Tarek Khalil,Giza,Consumer,Clothing,Women's Dress,5,942.72,0.0,4713.6,1993.1,2720.5,Cash,In-store,Youssef A.,0,4.0,False,False
ORD102428,2024-04-24,CUST0286,Tarek Aziz,Giza,SMB,Electronics,Power Bank,3,565.82,0.0,1697.46,1068.9,628.56,Card,In-store,Nourhan S.,0,,False,False
ORD105972,2025-12-14,CUST0592,Mona Aziz,Giza,Consumer,Sports,Football,1,362.06,0.0,362.06,179.3,182.76,Cash,Online,Nourhan S.,2,4.0,False,False
ORD104279,2025-03-11,CUST0406,Mona Khalil,Cairo,SMB,Electronics,Wireless Earbuds,2,1200.84,0.0,2401.68,1555.2,846.48,Mobile Wallet,In-store,Youssef A.,0,5.0,False,False
ORD103684,2024-12-23,CUST0371,Heba El-Sayed,Cairo,Consumer,Home & Kitchen,Coffee Maker,1,1613.43,0.0,-1613.43,810.89,-802.54,Card,Online,,4,3.0,False,True
ORD103132,2024-09-18,CUST0367,Dina Abdel Rahman,Cairo,Consumer,Clothing,Jeans,1,790.92,0.0,790.92,320.82,470.1,Card,In-store,Sara M.,0,4.0,False,False
ORD105850,2025-11-28,CUST0296,Karim Ibrahim,Mansoura,SMB,Beauty,Makeup Kit,1,617.7,10.0,555.93,257.15,298.78,Mobile Wallet,In-store,Mona K.,0,5.0,True,False
ORD100875,2023-06-12,CUST0165,Dina Mahmoud,Mansoura,Consumer,Groceries,Rice 5kg,1,205.91,0.0,205.91,156.38,49.53,Card,Online,,1,1.0,False,False
ORD103369,2024-11-07,CUST0195,Ahmed Mahmoud,Mansoura,Consumer,Electronics,Wireless Earbuds,1,1127.31,25.0,845.48,744.03,101.45,Installment,Online,Youssef A.,1,4.0,True,False
ORD103160,2024-09-24,CUST0507,Amr Farouk,Aswan,Consumer,Home & Kitchen,Vacuum Cleaner,1,2985.13,0.0,2985.13,1810.18,1174.95,Card,Online,Mona K.,0,5.0,False,False
ORD104643,2025-05-02,CUST0287,Karim Aziz,Cairo,SMB,Clothing,Sneakers,1,1375.21,0.0,1375.21,731.4,643.81,Card,Online,Mona K.,0,5.0,False,False
ORD102841,2024-07-14,CUST0326,Khaled Sherif,Cairo,Consumer,Electronics,Bluetooth Speaker,2,985.2,0.0,1970.4,1107.58,862.82,Card,Online,,0,2.0,False,False
ORD105224,2025-08-22,CUST0359,Rania Abdel Rahman,Tanta,SMB,Electronics,Bluetooth Speaker,1,968.99,0.0,968.99,554.16,414.83,Mobile Wallet,Phone,Khaled T.,0,5.0,False,False
ORD102938,2024-08-07,CUST0511,Hassan Hassan,Mansoura,Consumer,Electronics,Phone Case,1,241.06,0.0,241.06,88.27,152.79,Mobile Wallet,Online,,2,3.0,False,False
ORD101983,2024-02-15,CUST0492,Salma Aziz,Alexandria,Consumer,Beauty,Skincare Set,1,766.84,0.0,766.84,341.38,425.46,Card,Online,,3,2.0,False,False
ORD100620,2023-04-21,CUST0072,Omar Ibrahim,Mansoura,Consumer,Home & Kitchen,Blender,1,1047.42,0.0,1047.42,587.08,460.34,Cash,Online,Nourhan S.,4,4.0,False,False
ORD100427,2023-03-26,CUST0402,Yasmin Hassan,Aswan,Consumer,Home & Kitchen,Coffee Maker,1,1529.85,10.0,1376.86,863.03,513.83,Cash,Online,,3,2.0,True,False
ORD100282,2023-03-06,CUST0246,Nada Aziz,Giza,SMB,Sports,Running Shoes,3,1635.09,0.0,4905.27,2651.67,2253.6,Card,Phone,Sara M.,0,5.0,False,False
ORD100785,2023-05-19,CUST0219,Youssef Ibrahim,Cairo,SMB,Clothing,Sneakers,1,1331.32,0.0,1331.32,702.6,628.72,Card,In-store,Khaled T.,0,4.0,False,False
ORD103187,2024-09-28,CUST0083,Nada Mahmoud,Aswan,SMB,Groceries,Rice 5kg,5,220.91,0.0,1104.55,754.6,349.95,Cash,Phone,Youssef A.,0,5.0,False,False
ORD102721,2024-06-16,CUST0489,Amr Sherif,Cairo,SMB,Groceries,Rice 5kg,2,213.84,0.0,427.68,303.48,124.2,Installment,In-store,Omar F.,0,5.0,False,False
ORD105949,2025-12-11,CUST0581,Tarek El-Sayed,Mansoura,Consumer,Sports,Running Shoes,1,1549.3,0.0,1549.3,832.69,716.61,Card,Phone,Omar F.,0,4.0,False,False
ORD105402,2025-09-24,CUST0590,Dina Abdel Rahman,Cairo,Consumer,Sports,Football,1,379.71,0.0,379.71,179.05,200.66,Card,Online,Nourhan S.,3,5.0,False,False
ORD103998,2025-02-08,CUST0516,Karim Hassan,Cairo,Consumer,Beauty,Skincare Set,1,758.38,0.0,758.38,340.89,417.49,Cash,Online,Mona K.,1,4.0,False,False
ORD102227,2024-03-21,CUST0084,Mona Hassan,Cairo,SMB,Home & Kitchen,Blender,1,1187.77,0.0,1187.77,586.02,601.75,Cash,In-store,Mona K.,0,5.0,False,False
ORD103061,2024-09-06,CUST0450,Khaled Hassan,Tanta,Consumer,Electronics,Phone Case,1,236.4,0.0,236.4,87.99,148.41,Card,Online,Khaled T.,2,,False,False
ORD103918,2025-01-29,CUST0369,Khaled Aziz,Tanta,SMB,Clothing,Women's Dress,1,948.81,0.0,948.81,407.88,540.93,Cash,In-store,Mona K.,0,5.0,False,False
ORD102914,2024-08-02,CUST0381,Heba Sherif,Giza,Consumer,Clothing,Men's T-Shirt,1,365.9,0.0,365.9,149.31,216.59,Cash,Online,Mona K.,5,5.0,False,False
ORD100709,2023-05-06,CUST0532,Adel El-Sayed,Giza,Consumer,Electronics,Phone Case,1,12286.0,0.0,12286.0,93.16,152.56,Cash,In-store,Nourhan S.,0,2.0,False,False
ORD102977,2024-08-16,CUST0401,Laila Ibrahim,Alexandria,Consumer,Sports,Yoga Mat,1,461.71,5.0,438.62,225.82,212.8,Card,Online,,2,5.0,True,False
ORD101638,2023-12-08,CUST0538,Sara Ibrahim,Giza,SMB,Clothing,Men's T-Shirt,1,334.44,25.0,250.83,153.63,97.2,Mobile Wallet,Online,,3,5.0,True,False
ORD101792,2024-01-09,CUST0465,Adel Abdel Rahman,Giza,Consumer,Home & Kitchen,Cookware Set,2,2132.55,0.0,4265.1,2690.18,1574.92,Cash,Online,Nourhan S.,4,2.0,False,False
ORD102309,2024-03-31,CUST0434,Dina Farouk,Alexandria,Consumer,Clothing,Hoodie,3,674.47,0.0,2023.41,942.39,1081.02,Card,Online,Khaled T.,2,5.0,False,False
ORD105896,2025-12-02,CUST0019,Hassan Mahmoud,Mansoura,Enterprise,Clothing,Hoodie,1,635.41,0.0,635.41,303.97,331.44,Cash,In-store,,0,4.0,False,False
ORD104410,2025-03-26,CUST0072,Omar Ibrahim,Mansoura,Consumer,Beauty,Skincare Set,2,769.85,0.0,1539.7,688.42,851.28,Card,In-store,Nourhan S.,0,1.0,False,False
ORD101423,2023-11-01,CUST0009,Yasmin Abdel Rahman,Cairo,Consumer,Sports,Dumbbell Set,1,1865.56,0.0,1865.56,1113.64,751.92,Cash,In-store,Sara M.,0,4.0,False,False
ORD105930,2025-12-06,CUST0109,Laila Ibrahim,Tanta,SMB,Electronics,Wireless Earbuds,2,1196.77,0.0,2393.54,1532.52,861.02,Mobile Wallet,Phone,Mona K.,0,4.0,False,False
ORD104442,2025-03-29,CUST0261,Omar Sherif,Giza,Consumer,GROCERIES,Coffee 250g,1,171.79,20.0,137.43,97.16,40.27,Cash,In-store,Sara M.,0,5.0,True,False
ORD104078,2025-02-17,CUST0352,Sara Sherif,Mansoura,Consumer,Home & Kitchen,Coffee Maker,2,1383.35,0.0,2766.7,1616.04,1150.66,Cash,In-store,Mona K.,0,5.0,False,False
ORD101220,2023-09-17,CUST0523,Karim Mostafa,Giza,SMB,Home & Kitchen,Vacuum Cleaner,3,3351.86,0.0,10055.58,5446.74,4608.84,Mobile Wallet,Online,Omar F.,2,5.0,False,False
ORD101922,2024-02-03,CUST0087,Karim Ibrahim,Tanta,Consumer,Electronics,Bluetooth Speaker,1,940.37,0.0,940.37,555.59,384.78,Cash,In-store,Sara M.,0,5.0,False,False
ORD104923,2025-06-20,CUST0046,Youssef Hassan,Tanta,SMB,Clothing,Men's T-Shirt,2,325.27,10.0,585.49,296.24,289.25,Card,Online,Nourhan S.,2,3.0,True,False
ORD101204,2023-09-11,CUST0345,Salma El-Sayed,Cairo,Consumer,Clothing,Sneakers,1,1417.96,20.0,1134.37,674.64,459.73,Mobile Wallet,Online,,4,5.0,True,False
ORD100572,2023-04-15,CUST0395,Sara Sherif,Aswan,Consumer,Groceries,Olive Oil 1L,1,289.59,0.0,289.59,184.25,105.34,Installment,In-store,Youssef A.,0,5.0,False,False
ORD101435,2023-11-03,CUST0327,Dina Hassan,Alexandria,SMB,Electronics,Bluetooth Speaker,1,996.53,0.0,996.53,528.83,467.7,Card,Online,Sara M.,3,4.0,False,False
ORD104679,2025-05-08,CUST0016,Nada Aziz,Mansoura,Consumer,Clothing,Sneakers,2,1369.18,0.0,2738.36,1466.72,1271.64,Cash,In-store,Mona K.,0,3.0,False,False
ORD100170,2023-02-08,CUST0249,Yasmin Aziz,Alexandria,Consumer,Electronics,Bluetooth Speaker,3,957.58,0.0,2872.74,1726.41,1146.33,Cash,Online,Khaled T.,1,3.0,False,False
ORD100870,2023-06-11,CUST0109,Laila Ibrahim,Tanta,SMB,Electronics,Smart Watch,1,3710.76,0.0,3710.76,2088.2,1622.56,Mobile Wallet,In-store,Mona K.,0,5.0,False,False
ORD101142,2023-08-28,CUST0566,Khaled Farouk,Alexandria,Consumer,Home & Kitchen,Vacuum Cleaner,1,3311.97,0.0,3311.97,1908.95,1403.02,Mobile Wallet,Online,Khaled T.,3,4.0,False,False
ORD104449,2025-03-30,CUST0434,Dina Farouk,Alexandria,Consumer,Home & Kitchen,Coffee Maker,2,1458.09,0.0,2916.18,1655.34,1260.84,Cash,In-store,Mona K.,0,1.0,False,False
ORD102446,2024-04-28,CUST0233,Sara Sherif,Mansoura,Consumer,Clothing,Jeans,1,702.81,0.0,702.81,306.75,396.06,Mobile Wallet,Online,Nourhan S.,5,4.0,False,False
ORD103926,2025-01-30,CUST0274,Rania Ibrahim,Cairo,Consumer,Home & Kitchen,Vacuum Cleaner,1,3175.7,0.0,3175.7,1815.34,1360.36,Cash,In-store,Khaled T.,0,5.0,False,False
ORD105838,2025-11-27,CUST0033,Yasmin El-Sayed,Tanta,Consumer,Clothing,Men's T-Shirt,2,359.0,10.0,646.2,290.84,355.36,Cash,In-store,,0,4.0,True,False
ORD103260,2024-10-14,CUST0521,Salma Farouk,Giza,Consumer,Beauty,Perfume,5,1229.21,0.0,6146.05,3011.1,3134.95,Cash,Online,Omar F.,1,5.0,False,False
ORD104253,2025-03-09,CUST0589,Yasmin Mahmoud,Cairo,Consumer,Sports,Dumbbell Set,1,1837.96,0.0,1837.96,1105.85,732.11,Cash,Online,Omar F.,4,3.0,False,False
ORD100600,2023-04-18,CUST0081,Hassan Mostafa,Cairo,Consumer,Clothing,Jeans,1,768.03,0.0,768.03,314.0,454.03,Cash,Phone,Omar F.,0,4.0,False,False
ORD104075,2025-02-17,CUST0479,Nada Khalil,Aswan,SMB,Home & Kitchen,Blender,2,1169.1,0.0,2338.2,1151.4,1186.8,Card,Online,,1,,False,False
ORD101685,2023-12-20,CUST0437,Mona Mostafa,Cairo,SMB,Electronics,Wireless Earbuds,2,1231.36,0.0,2462.72,1440.56,1022.16,Card,Online,Omar F.,1,1.0,False,False
ORD101978,2024-02-14,CUST0430,Khaled Mostafa,Mansoura,SMB,Beauty,Makeup Kit,1,596.26,0.0,596.26,245.76,350.5,Card,Phone,Mona K.,0,3.0,False,False
ORD102575,2024-05-23,CUST0566,Khaled Farouk,Alexandria,Consumer,Home & Kitchen,Vacuum Cleaner,1,3178.34,0.0,3178.34,1940.06,1238.28,Mobile Wallet,Online,,1,5.0,False,False
ORD103934,2025-02-01,CUST0326,Khaled Sherif,Cairo,Consumer,CLOTHING,Jeans,1,758.16,0.0,758.16,310.82,447.34,Mobile Wallet,Phone,Omar F.,0,4.0,False,False
ORD101590,2023-11-29,CUST0212,Ahmed Khalil,Cairo,Consumer,Sports,Dumbbell Set,1,1769.25,20.0,1415.4,1100.54,314.86,Card,In-store,Khaled T.,0,5.0,True,False
ORD100570,2023-04-15,CUST0452,Adel Sherif,Cairo,SMB,Beauty,Hair Dryer,1,857.77,0.0,857.77,436.49,421.28,Mobile Wallet,Phone,Sara M.,0,,False,False
ORD104987,2025-06-30,CUST0048,Dina Mahmoud,Cairo,Consumer,Clothing,Sneakers,2,1420.85,0.0,2841.7,1466.36,1375.34,Card,In-store,Youssef A.,0,,False,False
ORD100021,2023-01-05,CUST0563,Nada Sherif,Mansoura,SMB,Electronics,Phone Case,1,240.81,0.0,240.81,94.2,146.61,Card,In-store,Mona K.,0,4.0,False,False
ORD100877,2023-06-12,CUST0482,Yasmin El-Sayed,Mansoura,SMB,Clothing,Men's T-Shirt,1,330.17,15.0,280.64,156.82,123.82,Card,Online,Mona K.,2,5.0,True,False
ORD105600,2025-10-28,CUST0450,Khaled Hassan,Tanta,Consumer,Groceries,Coffee 250g,3,174.08,0.0,522.24,293.7,228.54,Cash,Online,Mona K.,2,4.0,False,False
ORD105338,2025-09-13,CUST0569,Yasmin Hassan,Giza,SMB,Sports,Football,1,350.72,0.0,350.72,184.28,166.44,Card,Online,,3,4.0,False,False
ORD102545,2024-05-17,CUST0539,Laila Mahmoud,giza,SMB,Sports,Yoga Mat,1,458.38,0.0,458.38,210.44,247.94,Cash,In-store,Sara M.,0,3.0,False,False
ORD103644,2024-12-14,CUST0429,Heba Abdel Rahman,Giza,SMB,Beauty,Hair Dryer,1,831.68,0.0,831.68,428.52,403.16,Mobile Wallet,In-store,Sara M.,0,1.0,False,False
ORD101881,2024-01-26,CUST0580,Mahmoud Mostafa,Giza,SMB,Beauty,Perfume,1,1341.29,0.0,1341.29,597.17,744.12,Installment,In-store,Mona K.,0,4.0,False,False
ORD103398,2024-11-13,CUST0204,Rania Farouk,cairo,Consumer,Electronics,Phone Case,1,242.46,25.0,181.84,91.2,90.64,Card,Phone,Omar F.,0,5.0,True,False
ORD103029,2024-08-31,CUST0489,Amr Sherif,Cairo,SMB,Sports,Dumbbell Set,1,1670.43,0.0,1670.43,1081.93,588.5,Mobile Wallet,Online,Youssef A.,2,3.0,False,False
ORD104962,2025-06-27,CUST0422,Mona Khalil,Cairo,Consumer,Home & Kitchen,Coffee Maker,2,1478.85,0.0,2957.7,1692.46,1265.24,Card,In-store,Sara M.,0,4.0,False,False
ORD105823,2025-11-27,CUST0206,Ahmed Farouk,Tanta,SMB,Home & Kitchen,Coffee Maker,1,1419.5,15.0,1206.58,824.14,382.44,Cash,In-store,Youssef A.,0,3.0,True,False
ORD100100,2023-01-22,CUST0519,Ahmed Ibrahim,Giza,Consumer,Home & Kitchen,Cookware Set,2,2093.22,0.0,4186.44,2661.74,1524.7,Mobile Wallet,Phone,Mona K.,0,1.0,False,False
ORD103770,2025-01-03,CUST0471,Sara Abdel Rahman,Cairo,Consumer,Clothing,Jeans,1,781.9,0.0,781.9,304.81,477.09,Cash,Online,Omar F.,7,2.0,False,False
ORD100645,2023-04-25,CUST0342,Mahmoud Hassan,Mansoura,Consumer,Sports,Football,1,377.32,0.0,377.32,172.28,205.04,Card,In-store,Mona K.,0,,False,False
ORD102853,2024-07-17,CUST0424,Nourhan Sherif,Giza,SMB,Beauty,Skincare Set,1,776.17,0.0,776.17,342.16,434.01,Card,In-store,Nourhan S.,0,5.0,False,False
ORD101281,2023-09-29,CUST0373,Tarek Aziz,Cairo,Consumer,Home & Kitchen,Coffee Maker,2,1500.04,10.0,2700.07,1622.68,1077.39,Mobile Wallet,In-store,Nourhan S.,0,1.0,True,False
ORD101315,2023-10-06,CUST0538,Sara Ibrahim,Giza,SMB,Groceries,Honey Jar,1,340.07,0.0,340.07,197.37,142.7,Card,In-store,Sara M.,0,,False,False
ORD103954,2025-02-04,CUST0327,Dina Hassan,Alexandria,SMB,Clothing,Sneakers,1,1437.01,0.0,1437.01,721.35,715.66,Cash,In-store,Mona K.,0,5.0,False,False
ORD101749,2023-12-31,CUST0458,Nourhan Ibrahim,Cairo,Consumer,Sports,Yoga Mat,1,463.76,0.0,463.76,216.25,247.51,Card,Online,Sara M.,5,4.0,False,False
ORD105616,2025-10-30,CUST0355,Khaled El-Sayed,Cairo,SMB,Electronics,Phone Case,1,256.49,20.0,205.19,88.43,116.76,Card,Online,,3,5.0,True,False
ORD102664,2024-06-06,CUST0106,Nada Aziz,,SMB,Sports,Dumbbell Set,5,1787.39,0.0,8936.95,5252.65,3684.3,Mobile Wallet,Online,Omar F.,7,1.0,False,False
ORD100812,2023-05-27,CUST0021,Heba El-Sayed,,SMB,Sports,Running Shoes,2,1509.54,0.0,3019.08,1769.46,1249.62,Mobile Wallet,In-store,Khaled T.,0,3.0,False,False
ORD101820,2024-01-17,CUST0319,Mona Aziz,Giza,Consumer,Clothing,Women's Dress,1,959.77,0.0,959.77,403.29,556.48,Card,Online,,1,3.0,False,False
ORD104050,2025-02-14,CUST0541,Dina Sherif,Alexandria,SMB,Home & Kitchen,Blender,2,1031.54,0.0,2063.08,1200.74,862.34,Card,Phone,Nourhan S.,0,5.0,False,False
ORD102338,2024-04-08,CUST0148,Nourhan Hassan,Alexandria,Consumer,Beauty,Perfume,1,1382.15,0.0,1382.15,610.89,771.26,Installment,Phone,Youssef A.,0,4.0,False,False
ORD100719,2023-05-08,CUST0380,Amr Khalil,Giza,Consumer,Clothing,Jeans,1,804.13,25.0,603.1,306.47,296.63,Card,Online,Mona K.,2,4.0,True,False
ORD103899,2025-01-25,CUST0105,Nada Mahmoud,Cairo,Consumer,Electronics,Wireless Earbuds,1,1284.13,0.0,1284.13,760.78,523.35,Card,Online,,2,3.0,False,False
ORD100431,2023-03-26,CUST0592,Mona Aziz,Giza,Consumer,Electronics,Power Bank,1,587.97,0.0,587.97,338.9,249.07,Installment,Online,Youssef A.,4,5.0,False,False
ORD100849,2023-06-04,CUST0421,Nourhan Hassan,Mansoura,SMB,Clothing,Women's Dress,1,933.58,0.0,933.58,397.25,536.33,Card,In-store,Youssef A.,0,4.0,False,False
ORD104873,2025-06-10,CUST0509,Hassan Sherif,Giza,SMB,Clothing,Hoodie,1,670.95,0.0,670.95,289.26,381.69,Mobile Wallet,In-store,Khaled T.,0,4.0,False,False
ORD102170,2024-03-14,CUST0252,Adel Sherif,Alexandria,SMB,Beauty,Makeup Kit,2,562.52,0.0,1125.04,476.96,648.08,Cash,In-store,Sara M.,0,1.0,False,False
ORD102935,2024-08-06,CUST0047,Ahmed Farouk,Tanta,Consumer,Electronics,Power Bank,1,628.81,10.0,565.93,360.63,205.3,Cash,In-store,Sara M.,0,4.0,True,False
ORD101890,2024-01-28,CUST0153,Ahmed Hassan,Cairo,Enterprise,Beauty,Hair Dryer,1,916.56,0.0,916.56,433.44,483.12,Card,In-store,Mona K.,0,5.0,False,False
ORD105790,2025-11-23,CUST0466,Nourhan Hassan,Alexandria,Consumer,Beauty,Skincare Set,1,753.95,5.0,716.25,339.86,376.39,Card,Online,Omar F.,2,5.0,True,False
ORD104933,2025-06-21,CUST0056,Youssef Farouk,Cairo,Consumer,Groceries,Coffee 250g,1,188.9,0.0,188.9,97.67,91.23,Card,Online,Nourhan S.,1,2.0,False,False
ORD102099,2024-03-05,CUST0193,Rania Aziz,Aswan,Consumer,Beauty,Skincare Set,1,786.34,0.0,786.34,335.55,450.79,Mobile Wallet,In-store,Sara M.,0,5.0,False,False
ORD104255,2025-03-09,CUST0299,Rania Khalil,Cairo,Enterprise,Home & Kitchen,Blender,2,1126.43,0.0,2252.86,1146.78,1106.08,Cash,Online,Nourhan S.,3,3.0,False,False
ORD103236,2024-10-09,CUST0410,Nourhan Abdel Rahman,Aswan,Enterprise,Electronics,Power Bank,1,626.26,5.0,594.95,349.48,245.47,Card,In-store,Mona K.,0,4.0,True,False
ORD100562,2023-04-14,CUST0027,Heba Ibrahim,cairo,Consumer,Clothing,Sneakers,1,1316.64,0.0,1316.64,716.73,599.91,Card,Online,,0,5.0,False,False
ORD100725,2023-05-09,CUST0257,Sara Farouk,Giza,Consumer,Electronics,Phone Case,1,231.71,0.0,231.71,87.7,144.01,Cash,In-store,Nourhan S.,0,5.0,False,False
ORD100574,2023-04-16,CUST0204,Rania Farouk,Cairo,Consumer,Clothing,Men's T-Shirt,1,357.84,5.0,339.95,156.59,183.36,Installment,Phone,Omar F.,0,5.0,True,False
ORD101317,2023-10-07,CUST0078,Ahmed Hassan,Alexandria,Consumer,Beauty,Perfume,1,1230.16,0.0,1230.16,574.25,655.91,Cash,Phone,Sara M.,0,3.0,False,False
ORD103271,2024-10-17,CUST0513,Mahmoud Abdel Rahman,Mansoura,Enterprise,Groceries,Coffee 250g,1,174.12,0.0,174.12,101.24,72.88,Installment,Online,,3,4.0,False,False
ORD102345,2024-04-08,CUST0376,Mahmoud Ibrahim,Giza,Consumer,Beauty,Skincare Set,1,835.24,0.0,835.24,358.72,476.52,Card,Online,Sara M.,5,5.0,False,False
ORD102400,2024-04-18,CUST0065,Omar Mostafa,Cairo,SMB,Clothing,Women's Dress,1,971.45,0.0,971.45,393.9,577.55,Card,In-store,Mona K.,0,4.0,False,False
ORD105862,2025-11-29,CUST0047,Ahmed Farouk,Tanta,Consumer,Electronics,Power Bank,1,573.74,25.0,430.3,344.18,86.12,Mobile Wallet,In-store,Mona K.,0,1.0,True,False
ORD103161,2024-09-24,CUST0261,Omar Sherif,Giza,Consumer,Home & Kitchen,Blender,1,1125.48,25.0,844.11,608.2,235.91,Card,In-store,Youssef A.,0,4.0,True,False
ORD100349,2023-03-15,CUST0426,Nada Ibrahim,Cairo,Consumer,Electronics,Smart Watch,1,3297.44,0.0,3297.44,2084.49,1212.95,Cash,Online,Khaled T.,5,,False,False
ORD102524,2024-05-13,CUST0540,Omar Hassan,Giza,Consumer,Beauty,Makeup Kit,1,562.25,20.0,449.8,241.2,208.6,Mobile Wallet,In-store,Khaled T.,0,4.0,True,False
ORD105576,2025-10-25,CUST0262,Khaled Hassan,Cairo,Enterprise,Beauty,Skincare Set,1,843.21,0.0,843.21,336.23,506.98,Cash,In-store,Omar F.,0,5.0,False,False
ORD100068,2023-01-16,CUST0414,Youssef Hassan,Alexandria,SMB,BEAUTY,Perfume,3,1248.19,0.0,3744.57,1831.68,1912.89,Cash,Online,Khaled T.,1,5.0,False,False
ORD104482,2025-04-02,CUST0007,Youssef Abdel Rahman,Mansoura,SMB,Sports,Dumbbell Set,1,1695.69,0.0,1695.69,1102.41,593.28,Cash,In-store,Nourhan S.,0,5.0,False,False
ORD103991,2025-02-07,CUST0430,Khaled Mostafa,Mansoura,SMB,Beauty,Perfume,2,1242.19,0.0,2484.38,1214.86,1269.52,Card,In-store,Mona K.,0,4.0,False,False
ORD103477,2024-11-24,CUST0471,Sara Abdel Rahman,Cairo,Consumer,Electronics,Phone Case,5,261.44,20.0,1045.76,445.7,600.06,Mobile Wallet,In-store,Sara M.,0,5.0,True,False
ORD105230,2025-08-24,CUST0208,Khaled Mostafa,Cairo,Enterprise,Home & Kitchen,Cookware Set,1,2365.23,0.0,2365.23,1322.96,1042.27,Installment,In-store,Nourhan S.,0,4.0,False,False
ORD100032,2023-01-07,CUST0030,Mona Abdel Rahman,Cairo,Consumer,Home & Kitchen,Coffee Maker,2,1552.96,0.0,3105.92,1683.24,1422.68,Mobile Wallet,In-store,Nourhan S.,0,5.0,False,False
ORD105361,2025-09-16,CUST0144,Khaled Hassan,Cairo,SMB,Clothing,Hoodie,1,685.22,0.0,685.22,290.77,394.45,Card,Online,Omar F.,3,5.0,False,False
ORD100072,2023-01-17,CUST0366,Khaled El-Sayed,Alexandria,Consumer,Clothing,Women's Dress,1,894.09,0.0,894.09,409.31,484.78,Mobile Wallet,Online,,4,2.0,False,False
ORD102884,2024-07-26,CUST0413,Hassan Mahmoud,Giza,SMB,Sports,Dumbbell Set,1,1911.2,0.0,1911.2,1093.48,817.72,Card,Online,,7,5.0,False,False
ORD105227,2025-08-23,CUST0502,Mahmoud Mahmoud,giza,Consumer,Clothing,Hoodie,1,625.39,0.0,625.39,286.36,339.03,Mobile Wallet,Online,,7,1.0,False,False
ORD103875,2025-01-20,CUST0225,Mahmoud El-Sayed,Cairo,Consumer,Groceries,Coffee 250g,1,183.99,10.0,165.59,102.88,62.71,Mobile Wallet,Online,,2,5.0,True,False
ORD100568,2023-04-15,CUST0595,Heba El-Sayed,Giza,SMB,Clothing,Women's Dress,1,889.2,0.0,889.2,385.63,503.57,Cash,Online,,3,5.0,False,False
ORD103460,2024-11-22,CUST0297,Youssef Mahmoud,Cairo,Consumer,Electronics,Phone Case,1,260.66,15.0,221.56,92.3,129.26,Card,Online,Omar F.,2,2.0,True,False
ORD105851,2025-11-28,CUST0123,Ahmed Khalil,Tanta,Consumer,Beauty,Perfume,1,1396.6,10.0,1256.94,579.57,677.37,Card,In-store,Sara M.,0,5.0,True,False
ORD102053,2024-03-01,CUST0100,Hassan Abdel Rahman,mansoura,SMB,Groceries,Olive Oil 1L,2,262.64,20.0,420.22,370.48,49.74,Cash,Online,,3,5.0,True,False
ORD103167,2024-09-25,CUST0227,Youssef Mahmoud,Giza,Consumer,Beauty,Perfume,1,1205.18,20.0,964.14,597.79,366.35,Installment,In-store,Sara M.,0,5.0,True,False
ORD103929,2025-01-30,CUST0349,Amr Mahmoud,giza,Consumer,Beauty,Makeup Kit,1,603.54,0.0,603.54,247.91,355.63,Mobile Wallet,Online,,7,2.0,False,False
ORD103566,2024-11-30,CUST0143,Ahmed Ibrahim,Alexandria,Consumer,Clothing,Jeans,1,697.64,15.0,592.99,329.05,263.94,Mobile Wallet,In-store,Mona K.,0,4.0,True,False
ORD101297,2023-10-03,CUST0333,Laila El-Sayed,Alexandria,Consumer,Electronics,Wireless Earbuds,2,1217.49,0.0,2434.98,1560.32,874.66,Installment,In-store,Khaled T.,0,4.0,False,False
ORD102731,2024-06-18,CUST0356,Nourhan Farouk,Cairo,Consumer,Electronics,Bluetooth Speaker,1,955.65,0.0,955.65,545.64,410.01,Mobile Wallet,Online,,2,5.0,False,False
ORD103820,2025-01-11,CUST0502,Mahmoud Mahmoud,Giza,Consumer,Beauty,Skincare Set,1,766.64,0.0,766.64,346.12,420.52,Mobile Wallet,Online,,1,4.0,False,False
ORD103765,2025-01-03,CUST0417,Nourhan El-Sayed,Tanta,Consumer,Clothing,Hoodie,1,611.68,0.0,611.68,311.64,300.04,Card,Phone,Omar F.,0,,False,False
ORD104856,2025-06-07,CUST0304,Salma Farouk,cairo,SMB,Clothing,Jeans,2,730.28,0.0,1460.56,622.58,837.98,Card,In-store,Youssef A.,0,1.0,False,False
ORD105491,2025-10-10,CUST0575,Adel Ibrahim,Alexandria,SMB,Groceries,Honey Jar,1,301.06,0.0,301.06,192.71,108.35,Card,Phone,Khaled T.,0,3.0,False,False
ORD104633,2025-04-29,CUST0033,Yasmin El-Sayed,Tanta,Consumer,Electronics,Bluetooth Speaker,5,884.44,0.0,4422.2,2618.8,1803.4,Installment,Online,Khaled T.,4,3.0,False,False
ORD103453,2024-11-22,CUST0481,Khaled Mostafa,Alexandria,Consumer,Electronics,Smart Watch,3,3665.94,20.0,8798.26,6556.05,2242.21,Card,In-store,Khaled T.,0,,True,False
ORD103525,2024-11-28,CUST0268,Heba Khalil,Cairo,SMB,Groceries,Coffee 250g,1,192.94,20.0,154.35,95.7,58.65,Installment,Online,,4,5.0,True,False
ORD103078,2024-09-09,CUST0261,Omar Sherif,Giza,Consumer,Sports,Yoga Mat,1,433.56,0.0,433.56,228.41,205.15,Card,Online,,3,5.0,False,False
ORD105978,2025-12-16,CUST0043,Ahmed Khalil,Cairo,Consumer,Beauty,Makeup Kit,1,601.2,5.0,571.14,252.49,318.65,Card,In-store,Youssef A.,0,4.0,True,False
ORD105195,2025-08-16,CUST0150,Karim Farouk,Alexandria,Enterprise,GROCERIES,Coffee 250g,1,187.49,0.0,187.49,96.85,90.64,Card,In-store,Omar F.,0,4.0,False,False
ORD100781,2023-05-19,CUST0276,Omar Aziz,Mansoura,Consumer,Beauty,Makeup Kit,1,600.65,0.0,600.65,258.5,342.15,Card,In-store,Khaled T.,0,5.0,False,False
ORD100311,2023-03-11,CUST0510,Nada Aziz,Alexandria,SMB,Home & Kitchen,Coffee Maker,1,1508.51,0.0,1508.51,814.74,693.77,Mobile Wallet,Phone,Nourhan S.,0,,False,False
ORD102887,2024-07-26,CUST0374,Amr Aziz,Cairo,Consumer,Home & Kitchen,Cookware Set,2,2363.46,0.0,4726.92,2630.7,2096.22,Card,Online,Youssef A.,2,5.0,False,False
ORD104204,2025-03-03,CUST0047,Ahmed Farouk,Tanta,Consumer,Home & Kitchen,Cookware Set,1,2208.64,10.0,1987.78,1238.54,749.24,Card,Online,,4,3.0,True,False
ORD101948,2024-02-08,CUST0094,Sara Mahmoud,Alexandria,Consumer,Home & Kitchen,Cookware Set,1,2264.19,0.0,2264.19,1251.77,1012.42,Installment,Online,Khaled T.,0,,False,False
ORD100117,2023-01-27,CUST0370,Yasmin Sherif,Alexandria,SMB,Sports,Football,1,364.19,0.0,364.19,183.78,180.41,Card,Online,Youssef A.,1,5.0,False,False
ORD101938,2024-02-06,CUST0439,Hassan Ibrahim,Alexandria,Consumer,Beauty,Skincare Set,1,780.67,0.0,780.67,353.01,427.66,Mobile Wallet,Online,Sara M.,1,,False,False
ORD102102,2024-03-06,CUST0333,Laila El-Sayed,Alexandria,Consumer,Sports,Dumbbell Set,2,1686.85,0.0,3373.7,2257.24,1116.46,Card,Online,Omar F.,2,4.0,False,False
ORD101757,2024-01-01,CUST0063,Nada Mostafa,Cairo,Consumer,Sports,Football,2,363.16,0.0,726.32,375.82,350.5,Cash,In-store,Nourhan S.,0,4.0,False,False
ORD104604,2025-04-24,CUST0474,Mona Sherif,Alexandria,Consumer,Sports,Dumbbell Set,1,1680.76,20.0,1344.61,1101.25,243.36,Mobile Wallet,In-store,Omar F.,0,4.0,True,False
ORD104644,2025-05-02,CUST0211,Adel Sherif,Mansoura,SMB,Home & Kitchen,Coffee Maker,1,1395.8,0.0,1395.8,863.98,531.82,Card,In-store,Youssef A.,0,4.0,False,False
ORD105086,2025-07-25,CUST0287,Karim Aziz,Cairo,SMB,Home & Kitchen,Coffee Maker,1,1465.75,5.0,1392.46,885.3,507.16,Cash,In-store,Khaled T.,0,4.0,True,False
ORD100759,2023-05-16,CUST0493,Ahmed Khalil,Cairo,SMB,Sports,Running Shoes,1,1531.54,0.0,1531.54,859.94,671.6,Installment,Phone,Khaled T.,0,4.0,False,False
ORD104670,2025-05-05,CUST0097,Khaled Mostafa,mansoura,SMB,Home & Kitchen,Air Fryer,5,2628.16,0.0,13140.8,8317.5,4823.3,Cash,Online,,2,4.0,False,False
ORD103757,2025-01-02,CUST0096,Karim Abdel Rahman,Tanta,Consumer,Electronics,Bluetooth Speaker,1,961.46,0.0,961.46,544.47,416.99,Card,Online,Youssef A.,5,3.0,False,False
ORD102505,2024-05-10,CUST0089,Khaled Ibrahim,Tanta,Consumer,Electronics,Power Bank,1,603.97,0.0,603.97,355.16,248.81,Card,In-store,Nourhan S.,0,4.0,False,False
ORD105526,2025-10-17,CUST0162,Ahmed Aziz,Giza,Enterprise,Clothing,Jeans,1,759.66,0.0,759.66,325.81,433.85,Cash,Online,Nourhan S.,2,5.0,False,False
ORD105430,2025-09-29,CUST0061,Dina Hassan,Aswan,Consumer,Electronics,Smart Watch,1,3377.01,0.0,3377.01,2171.37,1205.64,Mobile Wallet,Online,,1,5.0,False,False
ORD103506,2024-11-26,CUST0477,Nourhan Mostafa,Alexandria,Consumer,Beauty,Perfume,1,1330.93,10.0,-1197.84,612.06,-585.78,Card,Online,,1,2.0,True,True
ORD104881,2025-06-12,CUST0262,Khaled Hassan,Cairo,Enterprise,Electronics,Phone Case,1,260.25,0.0,260.25,91.78,168.47,Mobile Wallet,In-store,Sara M.,0,1.0,False,False
ORD101607,2023-12-01,CUST0348,Nourhan Ibrahim,Mansoura,Consumer,Electronics,Power Bank,1,605.83,0.0,605.83,347.85,257.98,Card,In-store,Mona K.,0,5.0,False,False
ORD100107,2023-01-25,CUST0229,Laila Sherif,Cairo,Consumer,Home & Kitchen,Coffee Maker,1,1497.51,0.0,1497.51,862.3,635.21,Cash,Online,Omar F.,1,2.0,False,False
ORD105804,2025-11-25,CUST0589,Yasmin Mahmoud,Cairo,Consumer,Home & Kitchen,Coffee Maker,2,1408.28,10.0,2534.9,1688.08,846.82,Cash,In-store,Khaled T.,0,4.0,True,False
ORD102934,2024-08-06,CUST0100,Hassan Abdel Rahman,Mansoura,SMB,Groceries,Rice 5kg,1,219.64,0.0,219.64,151.73,67.91,Mobile Wallet,Online,Khaled T.,0,1.0,False,False
ORD101065,2023-08-04,CUST0030,Mona Abdel Rahman,Cairo,Consumer,Home & Kitchen,Cookware Set,1,2142.79,0.0,2142.79,1284.6,858.19,Installment,In-store,Nourhan S.,0,5.0,False,False
ORD100352,2023-03-15,CUST0132,Youssef Aziz,Cairo,Consumer,Home & Kitchen,Blender,2,1136.92,0.0,2273.84,1197.86,1075.98,Installment,Phone,Youssef A.,0,2.0,False,False
ORD104436,2025-03-29,CUST0133,Sara Ibrahim,Mansoura,Enterprise,Electronics,Bluetooth Speaker,1,891.42,0.0,891.42,537.61,353.81,Cash,Online,Mona K.,4,2.0,False,False
ORD103092,2024-09-12,CUST0166,Youssef El-Sayed,Giza,Consumer,Beauty,Perfume,2,1355.69,0.0,2711.38,1210.18,1501.2,Installment,In-store,Khaled T.,0,3.0,False,False
ORD102640,2024-06-02,CUST0197,Youssef Sherif,Giza,Consumer,Electronics,Power Bank,3,552.56,0.0,1657.68,1057.32,600.36,Cash,In-store,Khaled T.,0,3.0,False,False
ORD102047,2024-03-01,CUST0012,Yasmin Aziz,Cairo,Consumer,Home & Kitchen,Blender,3,1027.44,0.0,3082.32,1792.68,1289.64,Installment,In-store,Khaled T.,0,5.0,False,False
ORD105040,2025-07-13,CUST0243,Tarek Mahmoud,Cairo,Consumer,Electronics,Wireless Earbuds,1,1191.39,0.0,1191.39,742.11,449.28,Cash,In-store,Mona K.,0,,False,False
ORD103858,2025-01-17,CUST0377,Sara Ibrahim,Aswan,SMB,Clothing,Women's Dress,1,939.21,0.0,939.21,416.83,522.38,Cash,Online,Khaled T.,0,5.0,False,False
ORD104822,2025-06-02,CUST0561,Mona Ibrahim,Cairo,Consumer,Home & Kitchen,Air Fryer,1,2689.72,0.0,2689.72,1684.59,1005.13,Mobile Wallet,Online,Nourhan S.,1,4.0,False,False
ORD106051,2025-12-30,CUST0141,Nourhan Hassan,Giza,Consumer,Beauty,Perfume,3,1251.69,0.0,3755.07,1873.08,1881.99,Mobile Wallet,In-store,Youssef A.,0,5.0,False,False
ORD103754,2025-01-02,CUST0273,Adel Khalil,Tanta,Enterprise,Groceries,Rice 5kg,1,220.71,0.0,220.71,152.54,68.17,Mobile Wallet,Online,Youssef A.,5,3.0,False,False
ORD101166,2023-09-04,CUST0025,Yasmin Khalil,Mansoura,SMB,Beauty,Skincare Set,1,738.4,20.0,590.72,346.21,244.51,Cash,In-store,Sara M.,0,3.0,True,False
ORD103313,2024-10-25,CUST0354,Karim Mostafa,Cairo,Consumer,Electronics,Bluetooth Speaker,2,924.82,0.0,1849.64,1118.28,731.36,Mobile Wallet,In-store,Nourhan S.,0,4.0,False,False
ORD103466,2024-11-23,CUST0315,Ahmed El-Sayed,alexandria,SMB,Clothing,Sneakers,1,1331.26,15.0,1131.57,671.56,460.01,Installment,In-store,Omar F.,0,4.0,True,False
ORD102610,2024-05-28,CUST0354,Karim Mostafa,Cairo,Consumer,Home & Kitchen,Air Fryer,2,2782.7,0.0,5565.4,3506.26,2059.14,Card,In-store,,0,5.0,False,False
ORD101679,2023-12-18,CUST0442,Youssef Ibrahim,Mansoura,SMB,Beauty,Perfume,1,1275.58,0.0,1275.58,590.99,684.59,Card,Online,Nourhan S.,2,3.0,False,False
ORD102968,2024-08-15,CUST0600,Mahmoud Mostafa,Giza,Enterprise,Sports,Yoga Mat,1,426.98,0.0,426.98,223.13,203.85,Installment,In-store,Mona K.,0,2.0,False,False
ORD105572,2025-10-24,CUST0371,Heba El-Sayed,Cairo,Consumer,Home & Kitchen,Air Fryer,1,2938.02,0.0,2938.02,1781.37,1156.65,Mobile Wallet,In-store,Sara M.,0,3.0,False,False
ORD101923,2024-02-03,CUST0487,Laila Abdel Rahman,Aswan,Consumer,Clothing,Jeans,3,695.85,0.0,2087.55,954.72,1132.83,Mobile Wallet,Online,Nourhan S.,2,4.0,False,False
ORD100855,2023-06-06,CUST0424,Nourhan Sherif,Giza,SMB,Home & Kitchen,Cookware Set,1,2151.11,0.0,2151.11,1332.87,818.24,Cash,In-store,Nourhan S.,0,5.0,False,False
ORD104333,2025-03-17,CUST0129,Youssef Aziz,Cairo,Consumer,Clothing,Hoodie,1,632.2,0.0,632.2,309.18,323.02,Mobile Wallet,Online,,0,4.0,False,False
ORD104465,2025-03-31,CUST0248,Karim Mostafa,Mansoura,Consumer,Sports,Running Shoes,1,1578.7,0.0,1578.7,865.65,713.05,Cash,In-store,Youssef A.,0,3.0,False,False
ORD104834,2025-06-04,CUST0262,Khaled Hassan,Cairo,Enterprise,Clothing,Sneakers,1,1401.25,0.0,1401.25,700.92,700.33,Card,In-store,Nourhan S.,0,5.0,False,False
ORD105445,2025-10-02,CUST0577,Laila El-Sayed,Alexandria,SMB,Electronics,Phone Case,2,244.07,0.0,488.14,176.1,312.04,Cash,In-store,Sara M.,0,5.0,False,False
ORD100105,2023-01-25,CUST0089,Khaled Ibrahim,Tanta,Consumer,Home & Kitchen,Cookware Set,5,2257.8,25.0,8466.75,6304.5,2162.25,Installment,In-store,Sara M.,0,5.0,True,False
ORD103182,2024-09-28,CUST0435,Dina El-Sayed,Cairo,Consumer,Groceries,Rice 5kg,2,221.89,0.0,443.78,287.56,156.22,Card,Online,Sara M.,4,5.0,False,False
ORD103204,2024-10-02,CUST0415,Laila Farouk,Cairo,Consumer,Clothing,Men's T-Shirt,1,349.79,0.0,349.79,155.43,194.36,Cash,Online,Mona K.,2,5.0,False,False
ORD103231,2024-10-09,CUST0335,Mona Abdel Rahman,cairo,Consumer,Home & Kitchen,Air Fryer,1,2970.51,0.0,2970.51,1634.98,1335.53,Mobile Wallet,In-store,Sara M.,0,5.0,False,False
ORD102357,2024-04-10,CUST0321,Rania Mahmoud,Cairo,Consumer,Electronics,Smart Watch,1,3623.3,0.0,3623.3,2080.28,1543.02,Cash,Phone,Youssef A.,0,4.0,False,False
ORD100907,2023-06-21,CUST0467,Omar Hassan,giza,Consumer,Groceries,Rice 5kg,2,202.94,0.0,-405.88,288.22,-117.66,Mobile Wallet,Online,Mona K.,2,,False,True
ORD101761,2024-01-02,CUST0163,Mahmoud Abdel Rahman,Giza,SMB,Home & Kitchen,Cookware Set,5,2114.06,0.0,10570.3,6633.2,3937.1,Cash,Online,,7,5.0,False,False
ORD100908,2023-06-22,CUST0204,Rania Farouk,Cairo,Consumer,Electronics,Bluetooth Speaker,5,906.88,0.0,4534.4,2651.2,1883.2,Mobile Wallet,Online,,0,5.0,False,False
ORD104154,2025-02-25,CUST0080,Amr Abdel Rahman,alexandria,SMB,Sports,Dumbbell Set,5,1876.99,25.0,7038.71,5603.3,1435.41,Cash,Phone,Nourhan S.,0,2.0,True,False
ORD104149,2025-02-24,CUST0247,Tarek Hassan,Cairo,Consumer,Electronics,Bluetooth Speaker,1,877.92,0.0,877.92,563.53,314.39,Cash,In-store,Mona K.,0,4.0,False,False
ORD100489,2023-04-04,CUST0096,Karim Abdel Rahman,Tanta,Consumer,Clothing,Hoodie,1,642.77,0.0,642.77,299.02,343.75,Mobile Wallet,In-store,Omar F.,0,2.0,False,False
ORD103016,2024-08-27,CUST0338,Yasmin Farouk,Alexandria,Consumer,Clothing,Sneakers,1,1328.71,0.0,1328.71,718.76,609.95,Card,In-store,Youssef A.,0,,False,False
ORD102608,2024-05-28,CUST0488,Nourhan Khalil,Alexandria,Enterprise,Groceries,Honey Jar,2,326.34,0.0,652.68,391.74,260.94,Card,In-store,,0,5.0,False,False
ORD103472,2024-11-23,CUST0131,Mona Abdel Rahman,Cairo,Consumer,Sports,Running Shoes,5,1565.51,15.0,6653.42,4243.35,2410.07,Installment,In-store,Omar F.,0,2.0,True,False
ORD103177,2024-09-27,CUST0095,Mahmoud Khalil,Aswan,Consumer,Home & Kitchen,Cookware Set,5,2081.51,0.0,10407.55,6661.85,3745.7,Cash,Phone,Omar F.,0,3.0,False,False
ORD105845,2025-11-28,CUST0507,Amr Farouk,Aswan,Consumer,Electronics,Wireless Earbuds,2,1160.78,15.0,1973.33,1564.76,408.57,Mobile Wallet,Online,,4,4.0,True,False
ORD100575,2023-04-16,CUST0134,Sara Ibrahim,Giza,Consumer,Groceries,Coffee 250g,1,187.66,0.0,187.66,98.39,89.27,Cash,In-store,Sara M.,0,4.0,False,False
ORD103063,2024-09-07,CUST0054,Yasmin Khalil,Cairo,SMB,Home & Kitchen,Blender,1,1147.04,0.0,1147.04,595.22,551.82,Card,In-store,Khaled T.,0,4.0,False,False
ORD105034,2025-07-12,CUST0174,Adel Aziz,Alexandria,Consumer,Beauty,Makeup Kit,3,600.32,0.0,1800.96,784.44,1016.52,Card,Online,Mona K.,1,4.0,False,False
ORD104291,2025-03-13,CUST0428,Yasmin Ibrahim,Alexandria,Consumer,Sports,Running Shoes,5,1559.79,0.0,7798.95,4299.35,3499.6,Card,Phone,Mona K.,0,3.0,False,False
ORD102659,2024-06-05,CUST0441,Nourhan Mahmoud,Aswan,Consumer,Home & Kitchen,Air Fryer,1,2742.45,0.0,2742.45,1732.12,1010.33,Installment,In-store,Khaled T.,0,4.0,False,False
ORD105457,2025-10-04,CUST0167,Tarek Sherif,Cairo,Consumer,Sports,Running Shoes,2,1546.95,0.0,3093.9,1624.64,1469.26,Cash,Online,Mona K.,5,5.0,False,False
ORD104847,2025-06-06,CUST0539,Laila Mahmoud,Giza,SMB,Beauty,Hair Dryer,1,898.93,0.0,898.93,456.72,442.21,Cash,Online,,4,2.0,False,False
ORD104869,2025-06-09,CUST0070,Nourhan Mostafa,Alexandria,Consumer,Electronics,Smart Watch,1,3420.63,0.0,3420.63,2041.8,1378.83,Cash,Online,,2,5.0,False,False
ORD103069,2024-09-08,CUST0218,Yasmin El-Sayed,Tanta,Consumer,Beauty,Skincare Set,1,761.04,0.0,761.04,344.35,416.69,Installment,In-store,Khaled T.,0,5.0,False,False
ORD100226,2023-02-21,CUST0577,Laila El-Sayed,Alexandria,SMB,Electronics,Power Bank,1,555.87,0.0,555.87,343.92,211.95,Card,Phone,Youssef A.,0,5.0,False,False
ORD104350,2025-03-20,CUST0499,Hassan Abdel Rahman,Tanta,Consumer,Home & Kitchen,Blender,2,1173.24,0.0,2346.48,1209.0,1137.48,Card,Phone,Omar F.,0,4.0,False,False
ORD101652,2023-12-10,CUST0311,Amr Aziz,Cairo,Consumer,Beauty,Makeup Kit,1,624.14,0.0,624.14,261.51,362.63,Cash,Online,Nourhan S.,3,5.0,False,False
ORD105312,2025-09-09,CUST0520,Mahmoud Abdel Rahman,Giza,Consumer,Electronics,Bluetooth Speaker,1,1018.65,0.0,1018.65,558.12,460.53,Mobile Wallet,Online,,0,5.0,False,False
ORD100062,2023-01-14,CUST0168,Omar Aziz,Cairo,Consumer,Electronics,Wireless Earbuds,1,1196.59,0.0,1196.59,721.39,475.2,Mobile Wallet,Phone,Youssef A.,0,2.0,False,False
ORD102277,2024-03-27,CUST0236,Sara Sherif,Cairo,SMB,Electronics,Power Bank,1,554.59,0.0,554.59,366.32,188.27,Mobile Wallet,In-store,Youssef A.,0,3.0,False,False
ORD102431,2024-04-25,CUST0552,Heba Khalil,Aswan,Consumer,Groceries,Coffee 250g,1,177.74,0.0,177.74,104.23,73.51,Cash,In-store,Mona K.,0,5.0,False,False
ORD105874,2025-11-29,CUST0231,Mona Hassan,Tanta,SMB,Electronics,Smart Watch,3,3665.16,10.0,9895.93,6529.86,3366.07,Mobile Wallet,Online,Omar F.,2,4.0,True,False
ORD101888,2024-01-28,CUST0161,Karim Khalil,Cairo,Consumer,Beauty,Hair Dryer,1,955.1,0.0,955.1,465.65,489.45,Mobile Wallet,In-store,Youssef A.,0,3.0,False,False
ORD100132,2023-01-31,CUST0530,Adel Ibrahim,Alexandria,SMB,Electronics,Wireless Earbuds,1,1116.61,0.0,1116.61,779.03,337.58,Cash,Phone,Nourhan S.,0,5.0,False,False
ORD105816,2025-11-26,CUST0441,Nourhan Mahmoud,Aswan,Consumer,BEAUTY,Perfume,1,1246.61,10.0,1121.95,588.99,532.96,Cash,Online,,3,5.0,True,False
ORD103464,2024-11-23,CUST0337,Yasmin Ibrahim,Cairo,SMB,Groceries,Rice 5kg,1,213.17,20.0,170.54,156.7,13.84,Mobile Wallet,Online,,2,3.0,True,False
ORD104589,2025-04-21,CUST0265,Dina Sherif,Aswan,Enterprise,Home & Kitchen,Air Fryer,1,2922.51,0.0,2922.51,1631.0,1291.51,Card,In-store,Sara M.,0,4.0,False,False
ORD103117,2024-09-15,CUST0289,Nourhan Sherif,Alexandria,SMB,Home & Kitchen,Air Fryer,1,2781.02,0.0,2781.02,1629.22,1151.8,Card,Online,,2,4.0,False,False
ORD103925,2025-01-30,CUST0595,Heba El-Sayed,Giza,SMB,Electronics,Phone Case,1,245.21,25.0,183.91,91.18,92.73,Card,In-store,Sara M.,0,5.0,True,False
ORD105425,2025-09-28,CUST0364,Salma Sherif,Giza,Consumer,Beauty,Hair Dryer,1,934.8,0.0,934.8,434.59,500.21,Cash,In-store,Khaled T.,0,,False,False
ORD102067,2024-03-02,CUST0106,Nada Aziz,Cairo,SMB,Sports,Yoga Mat,5,433.74,25.0,1626.52,1094.8,531.72,Card,In-store,Khaled T.,0,4.0,True,False
ORD102836,2024-07-12,CUST0015,Yasmin Mahmoud,Giza,Consumer,Electronics,Power Bank,1,626.67,0.0,626.67,339.31,287.36,Cash,In-store,Mona K.,0,4.0,False,False
ORD103864,2025-01-17,CUST0295,Salma Aziz,Cairo,SMB,Home & Kitchen,Air Fryer,2,2627.1,0.0,5254.2,3464.68,1789.52,Mobile Wallet,Online,,1,5.0,False,False
ORD104830,2025-06-03,CUST0163,Mahmoud Abdel Rahman,Giza,SMB,Home & Kitchen,Coffee Maker,1,1404.84,0.0,1404.84,881.51,523.33,Mobile Wallet,Online,Nourhan S.,3,3.0,False,False
ORD104015,2025-02-09,CUST0122,Nada Khalil,Cairo,Consumer,Groceries,Coffee 250g,1,165.64,0.0,165.64,95.64,70.0,Cash,In-store,Nourhan S.,0,2.0,False,False
ORD103887,2025-01-23,CUST0228,Karim Sherif,Alexandria,SMB,Home & Kitchen,Vacuum Cleaner,1,3209.41,0.0,3209.41,1825.76,1383.65,Cash,In-store,Omar F.,0,5.0,False,False
ORD101952,2024-02-09,CUST0555,Heba Mahmoud,Cairo,SMB,Groceries,Olive Oil 1L,1,270.22,0.0,270.22,185.04,85.18,Mobile Wallet,Phone,Omar F.,0,3.0,False,False
ORD103589,2024-12-03,CUST0156,Youssef Khalil,Tanta,Consumer,Clothing,Hoodie,1,666.75,0.0,666.75,308.18,358.57,Installment,Online,Omar F.,2,5.0,False,False
ORD104642,2025-05-01,CUST0105,Nada Mahmoud,Cairo,Consumer,Electronics,Power Bank,2,554.85,0.0,1109.7,729.4,380.3,Cash,In-store,Sara M.,0,5.0,False,False
ORD105618,2025-10-31,CUST0544,Salma Mahmoud,Mansoura,Enterprise,Sports,Football,1,390.9,0.0,390.9,179.51,211.39,Cash,Online,,4,5.0,False,False
ORD101608,2023-12-01,CUST0105,Nada Mahmoud,Cairo,Consumer,Beauty,Hair Dryer,1,860.64,0.0,860.64,471.23,389.41,Cash,Online,Sara M.,2,4.0,False,False
ORD101349,2023-10-15,CUST0445,Mahmoud Aziz,Cairo,Consumer,Clothing,Women's Dress,1,847.57,0.0,847.57,392.79,454.78,Mobile Wallet,In-store,Omar F.,0,4.0,False,False
ORD102569,2024-05-23,CUST0570,Nada Sherif,Cairo,SMB,Electronics,Phone Case,1,255.59,0.0,255.59,93.7,161.89,Card,Online,,2,5.0,False,False
ORD105233,2025-08-24,CUST0224,Laila Sherif,Alexandria,Consumer,Electronics,Wireless Earbuds,2,1105.39,0.0,2210.78,1523.36,687.42,Installment,Phone,Khaled T.,0,4.0,False,False
ORD101010,2023-07-20,CUST0232,Hassan Mahmoud,Tanta,Consumer,ELECTRONICS,Phone Case,2,267.55,0.0,535.1,178.7,356.4,Cash,Online,,4,5.0,False,False
ORD101323,2023-10-08,CUST0529,Adel Khalil,Alexandria,Consumer,Electronics,Smart Watch,2,3597.38,0.0,7194.76,4268.98,2925.78,Card,Online,Omar F.,0,5.0,False,False
ORD102576,2024-05-23,CUST0441,Nourhan Mahmoud,Aswan,Consumer,Sports,Yoga Mat,1,467.73,0.0,467.73,228.62,239.11,Mobile Wallet,Online,Khaled T.,7,,False,False
ORD104577,2025-04-18,CUST0447,Youssef Ibrahim,Cairo,SMB,Clothing,Sneakers,1,1433.6,0.0,1433.6,670.21,763.39,Mobile Wallet,In-store,Sara M.,0,,False,False
ORD103866,2025-01-18,CUST0478,Tarek Khalil,Giza,Consumer,Beauty,Makeup Kit,1,575.55,0.0,-575.55,243.44,-332.11,Cash,In-store,Mona K.,0,4.0,False,True
ORD102975,2024-08-16,CUST0088,Mona El-Sayed,Mansoura,Consumer,Beauty,Skincare Set,2,817.45,0.0,1634.9,682.02,952.88,Card,In-store,Khaled T.,0,4.0,False,False
ORD103564,2024-11-30,CUST0095,Mahmoud Khalil,Aswan,Consumer,Home & Kitchen,Blender,2,1033.83,10.0,1860.89,1150.72,710.17,Installment,In-store,Mona K.,0,5.0,True,False
ORD101793,2024-01-09,CUST0240,Salma Ibrahim,Mansoura,SMB,Home & Kitchen,Air Fryer,2,2676.66,0.0,5353.32,3497.68,1855.64,Mobile Wallet,Online,,2,5.0,False,False
ORD102836,2024-07-12,CUST0015,Yasmin Mahmoud,Giza,Consumer,Electronics,Power Bank,1,626.67,0.0,626.67,339.31,287.36,Cash,In-store,Mona K.,0,4.0,False,False
ORD102115,2024-03-08,CUST0235,Sara Aziz,Mansoura,Enterprise,Sports,Dumbbell Set,1,1679.91,0.0,1679.91,1101.34,578.57,Card,In-store,Mona K.,0,3.0,False,False
ORD102075,2024-03-03,CUST0577,Laila El-Sayed,Alexandria,SMB,Electronics,Power Bank,2,568.94,0.0,1137.88,683.62,454.26,Cash,In-store,Sara M.,0,4.0,False,False
ORD101328,2023-10-10,CUST0291,Rania Abdel Rahman,Cairo,SMB,Home & Kitchen,Air Fryer,1,2894.62,0.0,2894.62,1679.2,1215.42,Cash,In-store,Sara M.,0,1.0,False,False
ORD103246,2024-10-11,CUST0281,Adel Mahmoud,Cairo,Consumer,Electronics,Bluetooth Speaker,1,944.19,0.0,944.19,536.4,407.79,Card,In-store,Khaled T.,0,5.0,False,False
ORD103680,2024-12-21,CUST0542,Adel El-Sayed,Alexandria,SMB,Groceries,Honey Jar,1,294.66,0.0,294.66,208.48,86.18,Card,Online,Mona K.,7,5.0,False,False
ORD103467,2024-11-23,CUST0230,Dina Sherif,Aswan,Consumer,Groceries,Olive Oil 1L,3,267.6,15.0,682.38,519.57,162.81,Cash,Online,,1,,True,False
ORD104553,2025-04-16,CUST0047,Ahmed Farouk,Tanta,Consumer,Home & Kitchen,Coffee Maker,1,1527.11,5.0,-1450.75,879.39,-571.36,Installment,Phone,Mona K.,0,5.0,True,True
ORD104823,2025-06-02,CUST0070,Nourhan Mostafa,Alexandria,Consumer,Electronics,Power Bank,2,588.86,0.0,1177.72,709.42,468.3,Card,Online,,0,4.0,False,False
ORD100862,2023-06-09,CUST0156,Youssef Khalil,Tanta,Consumer,Home & Kitchen,Vacuum Cleaner,1,3321.81,0.0,3321.81,1865.07,1456.74,Mobile Wallet,Phone,Youssef A.,0,5.0,False,False
ORD102068,2024-03-02,CUST0491,Tarek Khalil,Alexandria,Consumer,Electronics,Bluetooth Speaker,1,994.25,0.0,994.25,531.97,462.28,Cash,Online,Khaled T.,0,4.0,False,False
ORD102255,2024-03-24,CUST0249,Yasmin Aziz,Alexandria,Consumer,Electronics,Wireless Earbuds,1,1279.03,10.0,1151.13,735.84,415.29,Card,Phone,Sara M.,0,5.0,True,False
ORD101237,2023-09-21,CUST0373,Tarek Aziz,Cairo,Consumer,Beauty,Hair Dryer,2,945.83,0.0,1891.66,943.76,947.9,Card,Phone,Youssef A.,0,4.0,False,False
ORD100724,2023-05-08,CUST0181,Omar Mostafa,Mansoura,Consumer,Clothing,Sneakers,2,1413.85,0.0,2827.7,1367.02,1460.68,Cash,Online,Nourhan S.,2,4.0,False,False
ORD102311,2024-04-01,CUST0333,Laila El-Sayed,Alexandria,Consumer,Electronics,Power Bank,1,644.25,0.0,644.25,340.03,304.22,Mobile Wallet,Phone,Khaled T.,0,5.0,False,False
ORD103761,2025-01-03,CUST0236,Sara Sherif,cairo,SMB,Home & Kitchen,Vacuum Cleaner,1,3064.55,0.0,3064.55,1864.6,1199.95,Cash,Phone,Mona K.,0,5.0,False,False
ORD101340,2023-10-12,CUST0525,Nada Abdel Rahman,Cairo,SMB,Beauty,Hair Dryer,1,842.16,0.0,842.16,432.69,409.47,Card,In-store,Omar F.,0,5.0,False,False
ORD103512,2024-11-27,CUST0411,Rania Mostafa,Giza,Consumer,Clothing,Women's Dress,1,882.17,20.0,705.74,389.5,316.24,Cash,In-store,Khaled T.,0,4.0,True,False
ORD102523,2024-05-13,CUST0232,Hassan Mahmoud,Tanta,Consumer,Electronics,Smart Watch,2,3696.19,0.0,7392.38,4046.2,3346.18,Installment,In-store,Mona K.,0,4.0,False,False
ORD102806,2024-07-05,CUST0019,Hassan Mahmoud,Mansoura,Enterprise,Clothing,Hoodie,2,631.11,0.0,1262.22,626.78,635.44,Card,Phone,Omar F.,0,,False,False
ORD102081,2024-03-04,CUST0018,Adel Mahmoud,Cairo,Consumer,Groceries,Olive Oil 1L,1,278.05,0.0,278.05,171.14,106.91,Cash,Online,,1,5.0,False,False
ORD104085,2025-02-17,CUST0223,Ahmed Ibrahim,Cairo,Consumer,Electronics,Wireless Earbuds,1,1204.2,0.0,1204.2,750.59,453.61,Cash,Phone,Khaled T.,0,5.0,False,False
ORD102358,2024-04-10,CUST0377,Sara Ibrahim,Aswan,SMB,Sports,Running Shoes,2,1558.8,0.0,3117.6,1631.74,1485.86,Cash,Phone,Youssef A.,0,1.0,False,False
ORD101915,2024-02-02,CUST0537,Nourhan Hassan,Cairo,Consumer,Home & Kitchen,Vacuum Cleaner,2,3323.52,0.0,6647.04,3973.04,2674.0,Mobile Wallet,Online,Mona K.,4,5.0,False,False
ORD105505,2025-10-12,CUST0090,Ahmed Hassan,Giza,Enterprise,Sports,Football,1,382.88,0.0,382.88,173.29,209.59,Cash,In-store,Nourhan S.,0,5.0,False,False
ORD102611,2024-05-28,CUST0316,Amr Ibrahim,Alexandria,SMB,Electronics,Bluetooth Speaker,2,974.29,0.0,1948.58,1086.24,862.34,Installment,Online,Nourhan S.,1,,False,False
ORD103411,2024-11-14,CUST0273,Adel Khalil,tanta,Enterprise,Clothing,Jeans,1,745.61,0.0,745.61,318.71,426.9,Cash,Online,Omar F.,5,3.0,False,False
ORD104242,2025-03-07,CUST0063,Nada Mostafa,Cairo,Consumer,Home & Kitchen,Air Fryer,1,2991.15,0.0,2991.15,1684.92,1306.23,Card,In-store,Omar F.,0,,False,False
ORD103985,2025-02-07,CUST0291,Rania Abdel Rahman,Cairo,SMB,Groceries,Honey Jar,3,319.64,0.0,958.92,582.21,376.71,Mobile Wallet,In-store,Youssef A.,0,3.0,False,False
ORD105354,2025-09-15,CUST0055,Youssef Ibrahim,Alexandria,Consumer,Clothing,Sneakers,1,1330.41,0.0,1330.41,679.41,651.0,Card,Online,Sara M.,4,5.0,False,False
ORD105097,2025-07-26,CUST0214,Rania Khalil,Alexandria,SMB,Electronics,Bluetooth Speaker,1,986.06,0.0,986.06,566.14,419.92,Card,Online,,1,5.0,False,False
ORD105131,2025-08-02,CUST0352,Sara Sherif,Mansoura,Consumer,Clothing,Hoodie,1,678.68,15.0,576.88,313.83,263.05,Card,Phone,Omar F.,0,4.0,True,False
ORD103963,2025-02-05,CUST0571,Yasmin Khalil,Cairo,Consumer,Clothing,Sneakers,1,1386.01,0.0,1386.01,683.17,702.84,Cash,In-store,Khaled T.,0,4.0,False,False
ORD101417,2023-10-30,CUST0089,Khaled Ibrahim,Tanta,Consumer,Electronics,Wireless Earbuds,3,1254.65,0.0,-3763.95,2284.38,-1479.57,Card,In-store,,0,3.0,False,True
ORD100121,2023-01-28,CUST0192,Ahmed El-Sayed,aswan,Consumer,Sports,Dumbbell Set,1,1927.49,0.0,1927.49,1054.1,873.39,Mobile Wallet,Online,Nourhan S.,2,5.0,False,False
ORD101714,2023-12-26,CUST0021,Heba El-Sayed,Alexandria,SMB,Sports,Football,1,362.55,0.0,362.55,185.02,177.53,Mobile Wallet,In-store,Youssef A.,0,2.0,False,False
ORD103451,2024-11-22,CUST0084,Mona Hassan,Cairo,SMB,Beauty,Makeup Kit,1,642.93,20.0,514.34,255.17,259.17,Card,Online,Nourhan S.,1,,True,False
ORD103071,2024-09-08,CUST0580,Mahmoud Mostafa,Giza,SMB,Sports,Yoga Mat,1,481.57,0.0,481.57,222.48,259.09,Mobile Wallet,In-store,Mona K.,0,3.0,False,False
ORD104655,2025-05-03,CUST0236,Sara Sherif,Cairo,SMB,Beauty,Skincare Set,1,781.81,0.0,781.81,354.08,427.73,Cash,In-store,Mona K.,0,3.0,False,False
ORD100539,2023-04-12,CUST0096,Karim Abdel Rahman,Tanta,Consumer,Groceries,Rice 5kg,2,208.2,0.0,416.4,295.54,120.86,Card,In-store,Sara M.,0,4.0,False,False
ORD104613,2025-04-26,CUST0547,Laila Abdel Rahman,Tanta,Consumer,Beauty,Skincare Set,1,741.85,0.0,741.85,352.23,389.62,Cash,Phone,Youssef A.,0,4.0,False,False
ORD101209,2023-09-14,CUST0237,Khaled Aziz,Cairo,Consumer,Electronics,Power Bank,1,640.77,0.0,640.77,338.76,302.01,Mobile Wallet,Phone,Youssef A.,0,4.0,False,False
ORD100943,2023-06-29,CUST0286,Tarek Aziz,Giza,SMB,Home & Kitchen,Air Fryer,1,2888.48,0.0,2888.48,1695.88,1192.6,Mobile Wallet,In-store,Youssef A.,0,,False,False
ORD105147,2025-08-05,CUST0144,Khaled Hassan,Cairo,SMB,Electronics,Wireless Earbuds,1,1207.56,0.0,1207.56,763.57,443.99,Mobile Wallet,In-store,Youssef A.,0,5.0,False,False
ORD102251,2024-03-23,CUST0543,Ahmed Mahmoud,,Consumer,Electronics,Wireless Earbuds,1,1188.24,0.0,1188.24,743.05,445.19,Cash,In-store,Sara M.,0,1.0,False,False
ORD103856,2025-01-16,CUST0471,Sara Abdel Rahman,Cairo,Consumer,Home & Kitchen,Cookware Set,1,2049.91,0.0,2049.91,1327.47,722.44,Cash,In-store,Khaled T.,0,5.0,False,False
ORD103561,2024-11-30,CUST0423,Adel Farouk,Tanta,Consumer,Clothing,Men's T-Shirt,5,334.12,25.0,1252.95,726.25,526.7,Card,Online,Sara M.,1,4.0,True,False
ORD102724,2024-06-16,CUST0350,Dina Hassan,Alexandria,SMB,Beauty,Hair Dryer,1,911.73,15.0,774.97,437.94,337.03,Cash,In-store,Sara M.,0,5.0,True,False
ORD104192,2025-03-01,CUST0406,Mona Khalil,Cairo,SMB,Beauty,Perfume,3,1325.37,0.0,3976.11,1767.18,2208.93,Cash,In-store,Youssef A.,0,2.0,False,False
ORD105161,2025-08-07,CUST0074,Nada Aziz,Cairo,Enterprise,Beauty,Skincare Set,1,774.2,0.0,774.2,346.55,427.65,Cash,Online,,5,3.0,False,False
ORD101681,2023-12-19,CUST0136,Rania Mostafa,Tanta,Consumer,Home & Kitchen,Vacuum Cleaner,2,2967.19,0.0,5934.38,3964.0,1970.38,Card,In-store,Mona K.,0,3.0,False,False
ORD101406,2023-10-28,CUST0436,Tarek Khalil,Cairo,Consumer,Clothing,Men's T-Shirt,1,326.87,0.0,326.87,149.54,177.33,Cash,Online,,4,4.0,False,False
ORD102638,2024-06-01,CUST0179,Ahmed Khalil,Cairo,Consumer,Groceries,Rice 5kg,1,222.74,0.0,222.74,146.55,76.19,Mobile Wallet,Online,Mona K.,5,1.0,False,False
ORD101532,2023-11-24,CUST0321,Rania Mahmoud,Cairo,Consumer,Electronics,Bluetooth Speaker,1,904.92,5.0,859.67,538.24,321.43,Cash,Online,Nourhan S.,1,5.0,True,False
ORD105639,2025-11-03,CUST0589,Yasmin Mahmoud,Cairo,Consumer,Electronics,Power Bank,1,578.72,0.0,578.72,362.79,215.93,Card,Online,Nourhan S.,5,5.0,False,False
ORD102484,2024-05-05,CUST0006,Sara Khalil,Tanta,Consumer,Groceries,Olive Oil 1L,2,267.09,0.0,534.18,346.92,187.26,Card,Online,Nourhan S.,3,5.0,False,False
ORD101064,2023-08-04,CUST0246,Nada Aziz,Giza,SMB,Electronics,Phone Case,1,230.81,0.0,230.81,91.97,138.84,Mobile Wallet,Phone,Khaled T.,0,5.0,False,False
ORD104010,2025-02-09,CUST0242,Khaled Ibrahim,Giza,Consumer,Electronics,Smart Watch,1,3413.55,0.0,3413.55,2161.17,1252.38,Mobile Wallet,Online,Omar F.,3,5.0,False,False
ORD104048,2025-02-14,CUST0532,Adel El-Sayed,Giza,Consumer,Sports,Yoga Mat,1,479.28,0.0,479.28,224.06,255.22,Cash,Online,Youssef A.,3,4.0,False,False
ORD104588,2025-04-21,CUST0274,Rania Ibrahim,cairo,Consumer,Electronics,Power Bank,1,559.15,0.0,559.15,350.22,208.93,Mobile Wallet,Online,,2,5.0,False,False
ORD105714,2025-11-15,CUST0113,Omar Sherif,Cairo,Consumer,Home & Kitchen,Coffee Maker,1,1456.35,20.0,1165.08,817.12,347.96,Card,In-store,Nourhan S.,0,2.0,True,False
ORD100290,2023-03-07,CUST0371,Heba El-Sayed,Cairo,Consumer,Beauty,Perfume,1,1326.38,0.0,1326.38,585.19,741.19,Mobile Wallet,Phone,Sara M.,0,4.0,False,False
ORD101147,2023-08-31,CUST0099,Mahmoud Ibrahim,Giza,Enterprise,Clothing,Women's Dress,2,918.66,10.0,1653.59,817.32,836.27,Card,Phone,Youssef A.,0,3.0,True,False
ORD104625,2025-04-28,CUST0272,Khaled Abdel Rahman,giza,Consumer,Home & Kitchen,Air Fryer,1,2969.7,0.0,2969.7,1678.28,1291.42,Installment,Online,Mona K.,1,4.0,False,False
ORD104690,2025-05-09,CUST0431,Tarek Hassan,Giza,Enterprise,Home & Kitchen,Vacuum Cleaner,1,2994.84,0.0,2994.84,1883.74,1111.1,Card,In-store,Omar F.,0,5.0,False,False
ORD102287,2024-03-29,CUST0017,Youssef Farouk,Cairo,Consumer,Home & Kitchen,Cookware Set,1,2063.16,0.0,2063.16,1282.39,780.77,Card,Phone,Khaled T.,0,5.0,False,False
ORD104507,2025-04-08,CUST0309,Nourhan El-Sayed,Giza,SMB,Groceries,Coffee 250g,1,172.96,0.0,172.96,102.65,70.31,Mobile Wallet,In-store,Khaled T.,0,5.0,False,False
ORD101469,2023-11-12,CUST0261,Omar Sherif,Giza,Consumer,Groceries,Rice 5kg,1,223.64,0.0,223.64,143.35,80.29,Cash,In-store,Omar F.,0,2.0,False,False
ORD105796,2025-11-24,CUST0495,Rania Mostafa,Giza,Consumer,Beauty,Skincare Set,1,799.37,25.0,599.53,356.41,243.12,Installment,Phone,Sara M.,0,3.0,True,False
ORD100587,2023-04-17,CUST0253,Amr Farouk,Alexandria,Consumer,Beauty,Hair Dryer,1,892.08,0.0,-892.08,472.48,-419.6,Mobile Wallet,In-store,Mona K.,0,5.0,False,True
ORD100972,2023-07-08,CUST0161,Karim Khalil,Cairo,Consumer,Sports,Running Shoes,1,1477.17,0.0,1477.17,820.98,656.19,Mobile Wallet,In-store,Mona K.,0,4.0,False,False
ORD102411,2024-04-21,CUST0258,Rania Aziz,Tanta,SMB,Electronics,Phone Case,1,255.91,0.0,255.91,92.01,163.9,Cash,Online,Sara M.,3,,False,False
ORD100626,2023-04-22,CUST0336,Youssef El-Sayed,Tanta,Consumer,Beauty,Hair Dryer,5,923.04,0.0,4615.2,2302.55,2312.65,Cash,Online,,4,2.0,False,False
ORD104543,2025-04-14,CUST0413,Hassan Mahmoud,Giza,SMB,Home & Kitchen,Vacuum Cleaner,2,3314.22,0.0,6628.44,3633.3,2995.14,Installment,Online,,4,4.0,False,False
ORD100308,2023-03-10,CUST0367,Dina Abdel Rahman,Cairo,Consumer,Clothing,Hoodie,1,634.83,0.0,634.83,297.58,337.25,Mobile Wallet,Online,Youssef A.,2,3.0,False,False
ORD100352,2023-03-15,CUST0132,Youssef Aziz,Cairo,Consumer,Home & Kitchen,Blender,2,1136.92,0.0,2273.84,1197.86,1075.98,Installment,Phone,Youssef A.,0,2.0,False,False
ORD100705,2023-05-05,CUST0316,Amr Ibrahim,Alexandria,SMB,Beauty,Makeup Kit,1,646.85,0.0,646.85,257.09,389.76,Card,Online,Nourhan S.,3,5.0,False,False
ORD103950,2025-02-02,CUST0283,Nada Khalil,Tanta,SMB,Clothing,Women's Dress,2,967.43,0.0,1934.86,818.04,1116.82,Installment,Online,Nourhan S.,1,3.0,False,False
ORD101412,2023-10-29,CUST0030,Mona Abdel Rahman,Cairo,Consumer,Clothing,Women's Dress,1,833.49,0.0,833.49,415.1,418.39,Installment,Phone,Omar F.,0,2.0,False,False
ORD102103,2024-03-06,CUST0447,Youssef Ibrahim,Cairo,SMB,Groceries,Coffee 250g,5,190.97,0.0,954.85,518.65,436.2,Installment,In-store,Nourhan S.,0,4.0,False,False
ORD103301,2024-10-22,CUST0086,Karim Khalil,Alexandria,Consumer,Sports,Football,1,385.16,0.0,385.16,182.75,202.41,Mobile Wallet,Online,,2,4.0,False,False
ORD100586,2023-04-17,CUST0056,Youssef Farouk,Cairo,Consumer,Electronics,Bluetooth Speaker,1,896.78,0.0,-896.78,537.02,-359.76,Cash,Phone,Youssef A.,0,4.0,False,True
ORD103997,2025-02-08,CUST0218,Yasmin El-Sayed,Tanta,Consumer,Beauty,Skincare Set,1,857.19,0.0,857.19,338.06,519.13,Card,Online,Youssef A.,1,5.0,False,False
ORD100753,2023-05-14,CUST0123,Ahmed Khalil,Tanta,Consumer,Sports,Running Shoes,1,1624.31,0.0,1624.31,890.28,734.03,Installment,Online,Nourhan S.,3,5.0,False,False
ORD100712,2023-05-06,CUST0042,Omar Aziz,Aswan,SMB,Electronics,Power Bank,1,637.25,0.0,637.25,360.79,276.46,Mobile Wallet,Online,Sara M.,5,5.0,False,False
ORD103227,2024-10-08,CUST0549,Youssef Hassan,Cairo,SMB,Beauty,Makeup Kit,2,626.51,0.0,1253.02,511.66,741.36,Installment,Online,Sara M.,1,3.0,False,False
ORD104016,2025-02-09,CUST0371,Heba El-Sayed,Cairo,Consumer,Home & Kitchen,Air Fryer,1,2650.82,0.0,2650.82,1643.9,1006.92,Card,Online,Mona K.,3,5.0,False,False
ORD104245,2025-03-08,CUST0015,Yasmin Mahmoud,Giza,Consumer,Sports,Running Shoes,1,1493.17,0.0,1493.17,834.73,658.44,Card,In-store,Khaled T.,0,3.0,False,False
ORD101655,2023-12-11,CUST0352,Sara Sherif,Mansoura,Consumer,Clothing,Sneakers,1,1331.79,0.0,1331.79,732.38,599.41,Installment,Online,,5,5.0,False,False
ORD103269,2024-10-16,CUST0296,Karim Ibrahim,Mansoura,SMB,Electronics,Wireless Earbuds,1,1271.68,0.0,1271.68,753.3,518.38,Mobile Wallet,Online,,5,5.0,False,False
ORD101629,2023-12-06,CUST0348,Nourhan Ibrahim,Mansoura,Consumer,Electronics,Phone Case,2,253.58,0.0,507.16,185.1,322.06,Cash,Phone,Mona K.,0,3.0,False,False
ORD101897,2024-01-29,CUST0331,Adel Mostafa,Cairo,Consumer,Beauty,Skincare Set,1,792.64,0.0,792.64,351.39,441.25,Cash,Online,,1,4.0,False,False
ORD104457,2025-03-30,CUST0384,Heba Khalil,Cairo,Consumer,Clothing,Jeans,1,710.55,0.0,710.55,324.24,386.31,Mobile Wallet,Online,,1,4.0,False,False
ORD102430,2024-04-25,CUST0248,Karim Mostafa,Mansoura,Consumer,Home & Kitchen,Vacuum Cleaner,2,3437.54,0.0,6875.08,3746.8,3128.28,Card,In-store,Mona K.,0,5.0,False,False
ORD103729,2024-12-30,CUST0035,Heba Khalil,Cairo,Consumer,Beauty,Hair Dryer,2,937.52,0.0,1875.04,902.72,972.32,Cash,In-store,Nourhan S.,0,5.0,False,False
ORD103793,2025-01-06,CUST0452,Adel Sherif,Cairo,SMB,Groceries,Coffee 250g,2,183.54,0.0,367.08,205.38,161.7,Mobile Wallet,In-store,Mona K.,0,5.0,False,False
ORD102499,2024-05-08,CUST0246,Nada Aziz,Giza,SMB,Electronics,Power Bank,2,619.63,0.0,1239.26,695.82,543.44,Card,Online,,2,4.0,False,False
ORD102488,2024-05-07,CUST0571,Yasmin Khalil,Cairo,Consumer,Beauty,Skincare Set,2,825.66,0.0,1651.32,697.5,953.82,Mobile Wallet,In-store,Youssef A.,0,4.0,False,False
ORD100144,2023-02-03,CUST0381,Heba Sherif,Giza,Consumer,Home & Kitchen,Blender,1,1122.06,0.0,1122.06,614.82,507.24,Card,Online,Omar F.,1,3.0,False,False
ORD100547,2023-04-12,CUST0516,Karim Hassan,Cairo,Consumer,Home & Kitchen,Cookware Set,1,2127.49,0.0,2127.49,1307.79,819.7,Card,Online,Mona K.,2,5.0,False,False
ORD105277,2025-09-02,CUST0374,Amr Aziz,Cairo,Consumer,Home & Kitchen,Cookware Set,1,2158.85,0.0,2158.85,1308.27,850.58,Cash,In-store,Nourhan S.,0,5.0,False,False
ORD101171,2023-09-05,CUST0153,Ahmed Hassan,Cairo,Enterprise,Home & Kitchen,Air Fryer,2,2627.73,0.0,5255.46,3423.88,1831.58,Mobile Wallet,Online,Omar F.,2,,False,False
ORD102948,2024-08-10,CUST0326,Khaled Sherif,Cairo,Consumer,Beauty,Hair Dryer,1,929.32,0.0,929.32,433.08,496.24,Mobile Wallet,Online,Youssef A.,0,5.0,False,False
ORD105599,2025-10-28,CUST0280,Omar Sherif,Alexandria,Consumer,Clothing,Jeans,2,803.41,0.0,1606.82,640.5,966.32,Cash,In-store,Mona K.,0,5.0,False,False
ORD102240,2024-03-23,CUST0004,Adel Mahmoud,Giza,Consumer,Clothing,Sneakers,3,1407.95,0.0,4223.85,2203.98,2019.87,Mobile Wallet,Online,Omar F.,2,5.0,False,False
ORD105427,2025-09-28,CUST0157,Heba Khalil,Aswan,Consumer,Electronics,Smart Watch,1,3328.58,0.0,3328.58,2010.0,1318.58,Mobile Wallet,Online,,1,5.0,False,False
ORD102226,2024-03-21,CUST0552,Heba Khalil,Aswan,Consumer,Beauty,Perfume,1,1247.31,0.0,1247.31,596.39,650.92,Cash,Phone,Nourhan S.,0,3.0,False,False
ORD100592,2023-04-17,CUST0423,Adel Farouk,Tanta,Consumer,Clothing,Men's T-Shirt,2,353.26,0.0,706.52,294.74,411.78,Card,In-store,Sara M.,0,5.0,False,False
ORD100155,2023-02-05,CUST0376,Mahmoud Ibrahim,Giza,Consumer,Electronics,Phone Case,5,258.02,0.0,1290.1,462.15,827.95,Installment,In-store,Nourhan S.,0,1.0,False,False
ORD104468,2025-03-31,CUST0125,Laila Mostafa,Tanta,Consumer,Electronics,Smart Watch,1,3381.06,0.0,3381.06,2027.79,1353.27,Card,Online,Youssef A.,1,,False,False
ORD105689,2025-11-12,CUST0308,Nada Hassan,Cairo,SMB,Electronics,Bluetooth Speaker,1,917.0,0.0,917.0,560.08,356.92,Cash,Online,Sara M.,2,5.0,False,False
ORD103419,2024-11-16,CUST0262,Khaled Hassan,Cairo,Enterprise,Beauty,Skincare Set,5,744.87,0.0,3724.35,1705.25,2019.1,Installment,In-store,Mona K.,0,4.0,False,False
ORD104993,2025-07-02,CUST0173,Mona Mahmoud,giza,Consumer,Home & Kitchen,Cookware Set,1,2283.64,0.0,2283.64,1356.72,926.92,Card,Online,Mona K.,5,5.0,False,False
ORD101795,2024-01-10,CUST0292,Mahmoud Farouk,Giza,Consumer,Beauty,Makeup Kit,1,590.06,0.0,590.06,239.17,350.89,Cash,In-store,Youssef A.,0,2.0,False,False
ORD101884,2024-01-27,CUST0345,Salma El-Sayed,Cairo,Consumer,Sports,Football,1,402.17,0.0,402.17,171.47,230.7,Card,In-store,Mona K.,0,1.0,False,False
ORD102177,2024-03-15,CUST0260,Dina Sherif,Alexandria,Consumer,Electronics,Power Bank,1,629.88,0.0,629.88,343.39,286.49,Mobile Wallet,Online,Youssef A.,3,5.0,False,False
ORD104836,2025-06-04,CUST0029,Laila Mostafa,Giza,SMB,Home & Kitchen,Air Fryer,2,3007.34,0.0,6014.68,3441.58,2573.1,Mobile Wallet,Online,Sara M.,4,,False,False
ORD101961,2024-02-11,CUST0600,Mahmoud Mostafa,Giza,Enterprise,Clothing,Women's Dress,2,847.39,0.0,1694.78,831.38,863.4,Cash,Online,Khaled T.,2,4.0,False,False
ORD102148,2024-03-12,CUST0276,Omar Aziz,Mansoura,Consumer,Clothing,Men's T-Shirt,1,354.42,0.0,354.42,149.06,205.36,Card,In-store,Nourhan S.,0,5.0,False,False
ORD102403,2024-04-19,CUST0570,Nada Sherif,Cairo,SMB,Home & Kitchen,Vacuum Cleaner,1,3095.61,0.0,3095.61,1911.88,1183.73,Cash,Phone,Mona K.,0,4.0,False,False
ORD101705,2023-12-24,CUST0447,Youssef Ibrahim,Cairo,SMB,Electronics,Bluetooth Speaker,5,997.03,0.0,4985.15,2650.35,2334.8,Cash,In-store,Youssef A.,0,3.0,False,False
ORD101052,2023-07-30,CUST0523,Karim Mostafa,Giza,SMB,Clothing,Jeans,5,749.25,0.0,-3746.25,1582.5,-2163.75,Mobile Wallet,In-store,Mona K.,0,4.0,False,True
ORD105613,2025-10-30,CUST0060,Hassan Sherif,Giza,SMB,Beauty,Skincare Set,1,754.48,0.0,754.48,351.92,402.56,Card,In-store,Khaled T.,0,3.0,False,False
ORD102112,2024-03-07,CUST0275,Nada Ibrahim,Aswan,Consumer,Electronics,Phone Case,1,233.44,0.0,233.44,88.88,144.56,Mobile Wallet,In-store,Omar F.,0,5.0,False,False
ORD100357,2023-03-16,CUST0421,Nourhan Hassan,Mansoura,SMB,Groceries,Olive Oil 1L,1,281.6,20.0,225.28,186.38,38.9,Cash,Online,Youssef A.,3,4.0,True,False
ORD101436,2023-11-03,CUST0393,Yasmin Aziz,Cairo,Consumer,Beauty,Hair Dryer,5,867.04,0.0,4335.2,2295.7,2039.5,Mobile Wallet,In-store,Youssef A.,0,4.0,False,False
ORD102780,2024-06-28,CUST0525,Nada Abdel Rahman,Cairo,SMB,Clothing,Men's T-Shirt,1,373.32,0.0,373.32,145.76,227.56,Cash,Phone,Khaled T.,0,4.0,False,False
ORD105428,2025-09-29,CUST0465,Adel Abdel Rahman,Giza,Consumer,Home & Kitchen,Air Fryer,3,3001.85,0.0,9005.55,5241.93,3763.62,Card,Online,Mona K.,3,5.0,False,False
ORD101594,2023-11-30,CUST0074,Nada Aziz,Cairo,Enterprise,Beauty,Hair Dryer,2,960.21,5.0,1824.4,874.62,949.78,Card,Online,,2,5.0,True,False
ORD105124,2025-08-01,CUST0455,Salma Khalil,Cairo,Enterprise,Electronics,Bluetooth Speaker,1,1013.35,0.0,1013.35,546.29,467.06,Card,Online,,1,4.0,False,False
ORD102468,2024-05-03,CUST0520,Mahmoud Abdel Rahman,giza,Consumer,Electronics,Power Bank,3,634.64,0.0,1903.92,1053.63,850.29,Installment,Online,Omar F.,2,4.0,False,False
ORD105154,2025-08-06,CUST0445,Mahmoud Aziz,Cairo,Consumer,Electronics,Smart Watch,2,3663.25,0.0,7326.5,4296.54,3029.96,Card,In-store,Khaled T.,0,3.0,False,False
ORD100564,2023-04-14,CUST0375,Amr Khalil,Cairo,Consumer,Electronics,Wireless Earbuds,2,1239.62,0.0,2479.24,1468.58,1010.66,Installment,Online,Sara M.,2,3.0,False,False
ORD103980,2025-02-06,CUST0082,Karim Ibrahim,Cairo,SMB,Beauty,Hair Dryer,3,930.3,0.0,2790.9,1339.65,1451.25,Cash,In-store,Khaled T.,0,4.0,False,False
ORD104206,2025-03-03,CUST0160,Mona Sherif,alexandria,Consumer,Groceries,Coffee 250g,1,192.25,0.0,192.25,100.01,92.24,Card,Online,,4,4.0,False,False
ORD105502,2025-10-12,CUST0364,Salma Sherif,Giza,Consumer,Clothing,Jeans,1,792.73,0.0,792.73,331.79,460.94,Mobile Wallet,Phone,Mona K.,0,4.0,False,False
ORD104930,2025-06-20,CUST0183,Amr Hassan,Aswan,SMB,Beauty,Skincare Set,1,809.65,0.0,809.65,334.83,474.82,Card,Online,,0,4.0,False,False
ORD102750,2024-06-23,CUST0315,Ahmed El-Sayed,alexandria,SMB,Beauty,Hair Dryer,1,861.4,0.0,861.4,463.89,397.51,Mobile Wallet,Online,Youssef A.,0,,False,False
ORD102510,2024-05-11,CUST0343,Omar Abdel Rahman,Giza,Consumer,Clothing,Jeans,1,705.71,0.0,705.71,311.74,393.97,Cash,In-store,Khaled T.,0,4.0,False,False
ORD101581,2023-11-28,CUST0421,Nourhan Hassan,Mansoura,SMB,Electronics,Power Bank,1,625.29,5.0,594.03,357.48,236.55,Mobile Wallet,In-store,Nourhan S.,0,3.0,True,False
ORD103823,2025-01-12,CUST0429,Heba Abdel Rahman,Giza,SMB,Clothing,Jeans,1,751.83,0.0,751.83,304.04,447.79,Card,Online,Mona K.,1,4.0,False,False
ORD100203,2023-02-15,CUST0169,Sara Mostafa,Alexandria,Consumer,Home & Kitchen,Cookware Set,2,2269.19,0.0,4538.38,2710.26,1828.12,Cash,In-store,Omar F.,0,4.0,False,False
ORD104521,2025-04-09,CUST0095,Mahmoud Khalil,Aswan,Consumer,Clothing,Men's T-Shirt,1,359.0,0.0,359.0,146.64,212.36,Card,Online,Youssef A.,2,3.0,False,False
ORD104289,2025-03-13,CUST0553,Heba Mostafa,Cairo,Consumer,Beauty,Hair Dryer,1,892.06,0.0,892.06,433.01,459.05,Cash,In-store,Mona K.,0,,False,False
ORD101198,2023-09-10,CUST0083,Nada Mahmoud,Aswan,SMB,Clothing,Sneakers,1,1486.67,0.0,1486.67,696.71,789.96,Mobile Wallet,In-store,Sara M.,0,4.0,False,False
ORD104000,2025-02-08,CUST0367,Dina Abdel Rahman,Cairo,Consumer,Electronics,Phone Case,2,238.2,0.0,476.4,183.5,292.9,Cash,In-store,Sara M.,0,5.0,False,False
ORD104616,2025-04-27,CUST0010,Mona Farouk,Cairo,Consumer,Beauty,Makeup Kit,1,622.05,0.0,622.05,258.5,363.55,Cash,In-store,Khaled T.,0,4.0,False,False
ORD105589,2025-10-27,CUST0035,Heba Khalil,Cairo,Consumer,Electronics,Power Bank,1,618.77,0.0,618.77,343.71,275.06,Installment,In-store,Sara M.,0,2.0,False,False
ORD102992,2024-08-20,CUST0372,Karim Sherif,Alexandria,SMB,Electronics,Phone Case,2,262.03,0.0,524.06,186.7,337.36,Installment,In-store,Mona K.,0,4.0,False,False
ORD104205,2025-03-03,CUST0079,Dina Khalil,Aswan,Consumer,Electronics,Smart Watch,3,3470.99,0.0,10412.97,6116.82,4296.15,Card,Online,Sara M.,3,5.0,False,False
ORD101847,2024-01-21,CUST0326,Khaled Sherif,Cairo,Consumer,Beauty,Hair Dryer,1,914.82,0.0,914.82,428.73,486.09,Cash,Phone,Omar F.,0,5.0,False,False
ORD102433,2024-04-25,CUST0257,Sara Farouk,Giza,Consumer,Home & Kitchen,Cookware Set,1,2322.79,0.0,2322.79,1334.6,988.19,Card,In-store,Sara M.,0,,False,False
ORD100559,2023-04-13,CUST0191,Ahmed Sherif,Cairo,Enterprise,Clothing,Women's Dress,1,965.44,0.0,965.44,384.63,580.81,Mobile Wallet,In-store,Khaled T.,0,2.0,False,False
ORD104805,2025-05-30,CUST0306,Karim Aziz,Aswan,Consumer,Sports,Football,2,387.82,0.0,775.64,374.28,401.36,Mobile Wallet,Online,Sara M.,2,4.0,False,False
ORD102477,2024-05-04,CUST0472,Ahmed Farouk,Alexandria,Consumer,Sports,Dumbbell Set,1,1836.6,0.0,1836.6,1050.0,786.6,Cash,In-store,Youssef A.,0,3.0,False,False
ORD103481,2024-11-24,CUST0267,Nourhan Mahmoud,Cairo,Consumer,Home & Kitchen,Vacuum Cleaner,1,3057.46,10.0,2751.71,1864.63,887.08,Mobile Wallet,In-store,Khaled T.,0,5.0,True,False
ORD100038,2023-01-08,CUST0274,Rania Ibrahim,cairo,Consumer,Beauty,Perfume,1,1278.19,0.0,1278.19,612.79,665.4,Mobile Wallet,Online,Sara M.,3,2.0,False,False
ORD100426,2023-03-26,CUST0364,Salma Sherif,Giza,Consumer,Electronics,Wireless Earbuds,1,1127.63,0.0,1127.63,786.48,341.15,Card,Online,Youssef A.,1,5.0,False,False
ORD104013,2025-02-09,CUST0418,Nada Mostafa,Cairo,Consumer,Groceries,Rice 5kg,3,230.3,0.0,690.9,461.58,229.32,Card,Online,,2,4.0,False,False
ORD102214,2024-03-20,CUST0064,Khaled Mahmoud,Mansoura,Consumer,Electronics,Bluetooth Speaker,1,1001.87,0.0,1001.87,542.9,458.97,Cash,In-store,Mona K.,0,1.0,False,False
ORD102644,2024-06-03,CUST0566,Khaled Farouk,Alexandria,Consumer,Beauty,Makeup Kit,1,561.07,0.0,561.07,251.23,309.84,Mobile Wallet,Phone,Khaled T.,0,5.0,False,False
ORD103507,2024-11-26,CUST0145,Sara Hassan,Mansoura,Consumer,Electronics,Phone Case,1,249.88,25.0,187.41,93.36,94.05,Card,Online,Nourhan S.,1,5.0,True,False
ORD102290,2024-03-29,CUST0238,Youssef Ibrahim,Giza,Consumer,Groceries,Honey Jar,1,328.76,0.0,328.76,209.34,119.42,Card,Online,Omar F.,3,5.0,False,False
ORD103278,2024-10-18,CUST0255,Yasmin Aziz,Tanta,Consumer,Clothing,Men's T-Shirt,1,349.85,0.0,349.85,156.33,193.52,Card,Online,,2,2.0,False,False
ORD100109,2023-01-26,CUST0596,Mahmoud Ibrahim,Cairo,Consumer,Clothing,Hoodie,1,688.55,0.0,688.55,308.78,379.77,Mobile Wallet,Online,Mona K.,3,5.0,False,False
ORD103412,2024-11-14,CUST0186,Dina Hassan,Mansoura,Consumer,Home & Kitchen,Cookware Set,1,2059.53,0.0,2059.53,1355.32,704.21,Cash,In-store,Omar F.,0,2.0,False,False
ORD100498,2023-04-06,CUST0325,Khaled Farouk,Giza,Consumer,Electronics,Bluetooth Speaker,1,903.87,0.0,903.87,536.33,367.54,Installment,In-store,Youssef A.,0,5.0,False,False
ORD103812,2025-01-10,CUST0065,Omar Mostafa,Cairo,SMB,Clothing,Hoodie,2,606.5,0.0,1213.0,604.88,608.12,Card,In-store,Sara M.,0,4.0,False,False
ORD102307,2024-03-31,CUST0046,Youssef Hassan,tanta,SMB,Sports,Running Shoes,3,1646.7,0.0,4940.1,2447.76,2492.34,Card,In-store,Youssef A.,0,3.0,False,False
ORD102211,2024-03-19,CUST0548,Amr Farouk,Cairo,SMB,Clothing,Jeans,2,809.53,0.0,1619.06,629.94,989.12,Card,In-store,Nourhan S.,0,3.0,False,False
ORD104959,2025-06-26,CUST0113,Omar Sherif,Cairo,Consumer,Clothing,Women's Dress,1,903.78,0.0,903.78,390.29,513.49,Installment,Online,,7,3.0,False,False
ORD101813,2024-01-14,CUST0008,Mona Khalil,Cairo,SMB,Groceries,Coffee 250g,1,186.93,0.0,186.93,95.55,91.38,Cash,Online,Mona K.,2,,False,False
ORD101604,2023-12-01,CUST0039,Amr Farouk,Mansoura,Consumer,Electronics,Phone Case,3,257.33,0.0,771.99,274.2,497.79,Card,In-store,Sara M.,0,5.0,False,False
ORD103000,2024-08-21,CUST0081,Hassan Mostafa,Cairo,Consumer,Clothing,Hoodie,1,636.11,0.0,636.11,292.52,343.59,Mobile Wallet,In-store,Omar F.,0,5.0,False,False
ORD102741,2024-06-21,CUST0581,Tarek El-Sayed,Mansoura,Consumer,Clothing,Women's Dress,2,859.75,0.0,1719.5,762.32,957.18,Card,Phone,Mona K.,0,5.0,False,False
ORD100632,2023-04-22,CUST0567,Nourhan Aziz,Alexandria,Consumer,Beauty,Hair Dryer,1,845.51,0.0,845.51,452.52,392.99,Cash,In-store,Sara M.,0,4.0,False,False
ORD101605,2023-12-01,CUST0021,Heba El-Sayed,Alexandria,SMB,Electronics,Wireless Earbuds,2,1230.74,0.0,2461.48,1519.64,941.84,Cash,In-store,Nourhan S.,0,4.0,False,False
ORD103023,2024-08-31,CUST0574,Karim El-Sayed,Alexandria,SMB,Beauty,Makeup Kit,1,569.85,0.0,569.85,251.24,318.61,Card,Online,Sara M.,7,4.0,False,False
ORD100246,2023-02-27,CUST0450,Khaled Hassan,Tanta,Consumer,Home & Kitchen,Vacuum Cleaner,5,3067.7,0.0,15338.5,9672.2,5666.3,Cash,Online,,0,4.0,False,False
ORD100734,2023-05-10,CUST0544,Salma Mahmoud,Mansoura,Enterprise,Sports,Football,5,386.2,0.0,1931.0,925.7,1005.3,Mobile Wallet,In-store,Sara M.,0,4.0,False,False
ORD100764,2023-05-16,CUST0577,Laila El-Sayed,alexandria,SMB,Electronics,Smart Watch,2,3583.09,0.0,7166.18,4229.32,2936.86,Mobile Wallet,Phone,Mona K.,0,5.0,False,False
ORD100281,2023-03-05,CUST0117,Rania Farouk,Giza,Consumer,Beauty,Makeup Kit,2,600.71,0.0,1201.42,497.08,704.34,Card,In-store,Omar F.,0,5.0,False,False
ORD100254,2023-03-01,CUST0478,Tarek Khalil,Giza,Consumer,Home & Kitchen,Blender,1,1088.03,0.0,1088.03,629.94,458.09,Card,In-store,Sara M.,0,4.0,False,False
ORD100550,2023-04-12,CUST0368,Nourhan Ibrahim,Tanta,Consumer,Clothing,Sneakers,1,1324.88,0.0,-1324.88,675.41,-649.47,Cash,In-store,Mona K.,0,,False,True
ORD101250,2023-09-23,CUST0587,Khaled Aziz,Mansoura,SMB,Clothing,Men's T-Shirt,2,326.0,0.0,652.0,310.06,341.94,Card,Online,Nourhan S.,0,3.0,False,False
ORD102897,2024-07-28,CUST0232,Hassan Mahmoud,Tanta,Consumer,Electronics,Smart Watch,1,3283.14,0.0,3283.14,2081.56,1201.58,Card,In-store,Youssef A.,0,1.0,False,False
ORD101223,2023-09-18,CUST0070,Nourhan Mostafa,Alexandria,Consumer,Beauty,Makeup Kit,1,600.37,0.0,600.37,241.39,358.98,Card,In-store,Youssef A.,0,5.0,False,False
ORD101642,2023-12-08,CUST0258,Rania Aziz,Tanta,SMB,Electronics,Wireless Earbuds,1,1129.72,0.0,1129.72,726.34,403.38,Cash,In-store,Khaled T.,0,5.0,False,False
ORD105965,2025-12-13,CUST0109,Laila Ibrahim,Tanta,SMB,Groceries,Honey Jar,1,310.84,0.0,310.84,194.6,116.24,Cash,In-store,Omar F.,0,5.0,False,False
ORD100394,2023-03-21,CUST0472,Ahmed Farouk,Alexandria,Consumer,Home & Kitchen,Vacuum Cleaner,1,3293.92,0.0,3293.92,1934.94,1358.98,Mobile Wallet,In-store,Khaled T.,0,4.0,False,False
ORD105705,2025-11-14,CUST0165,Dina Mahmoud,Mansoura,Consumer,Groceries,Honey Jar,2,342.43,15.0,582.13,410.2,171.93,Card,Online,Sara M.,1,4.0,True,False
ORD104483,2025-04-03,CUST0569,Yasmin Hassan,Giza,SMB,Clothing,Jeans,2,797.95,0.0,1595.9,618.86,977.04,Card,Online,,1,4.0,False,False
ORD103053,2024-09-05,CUST0236,Sara Sherif,Cairo,SMB,Groceries,Honey Jar,2,327.46,0.0,654.92,390.82,264.1,Card,Online,Youssef A.,0,4.0,False,False
ORD104868,2025-06-09,CUST0409,Ahmed Farouk,Cairo,Consumer,Sports,Dumbbell Set,2,1671.84,0.0,3343.68,2104.74,1238.94,Cash,Online,,7,3.0,False,False
ORD100829,2023-05-31,CUST0355,Khaled El-Sayed,Cairo,SMB,Electronics,Wireless Earbuds,1,1173.47,0.0,1173.47,725.31,448.16,Cash,Phone,Nourhan S.,0,4.0,False,False
ORD100182,2023-02-11,CUST0487,Laila Abdel Rahman,Aswan,Consumer,Electronics,Phone Case,1,261.28,0.0,261.28,92.39,168.89,Installment,Online,Mona K.,1,,False,False
ORD103144,2024-09-21,CUST0302,Sara Sherif,Giza,Consumer,Home & Kitchen,Cookware Set,1,2186.34,0.0,2186.34,1298.44,887.9,Mobile Wallet,In-store,Mona K.,0,3.0,False,False
ORD101876,2024-01-26,CUST0321,Rania Mahmoud,Cairo,Consumer,Home & Kitchen,Air Fryer,2,136646.0,0.0,273292.0,3307.38,2158.46,Card,Online,Youssef A.,2,4.0,False,False
ORD104582,2025-04-20,CUST0596,Mahmoud Ibrahim,Cairo,Consumer,Clothing,Jeans,2,734.66,0.0,1469.32,624.78,844.54,Mobile Wallet,Online,Sara M.,2,3.0,False,False
ORD104516,2025-04-08,CUST0014,Rania Hassan,Alexandria,Consumer,Clothing,Men's T-Shirt,1,369.88,0.0,369.88,148.24,221.64,Card,In-store,Mona K.,0,3.0,False,False
ORD105989,2025-12-18,CUST0360,Rania Khalil,Giza,Consumer,Home & Kitchen,Coffee Maker,1,1409.82,25.0,1057.36,825.84,231.52,Mobile Wallet,In-store,Omar F.,0,4.0,True,False
ORD100669,2023-04-28,CUST0211,Adel Sherif,Mansoura,SMB,Sports,Yoga Mat,1,436.66,0.0,436.66,210.15,226.51,Cash,In-store,Khaled T.,0,4.0,False,False
ORD101771,2024-01-03,CUST0462,Mona Farouk,Tanta,Enterprise,Clothing,Women's Dress,2,856.97,0.0,1713.94,774.84,939.1,Cash,Online,Omar F.,2,5.0,False,False
ORD101003,2023-07-18,CUST0554,Nada Farouk,Tanta,SMB,Sports,Football,1,399.3,0.0,399.3,177.64,221.66,Mobile Wallet,In-store,Omar F.,0,4.0,False,False
ORD104749,2025-05-20,CUST0318,Karim Ibrahim,Cairo,SMB,Electronics,Power Bank,2,621.43,0.0,1242.86,725.0,517.86,Mobile Wallet,Phone,Mona K.,0,,False,False
ORD101319,2023-10-07,CUST0262,Khaled Hassan,Cairo,Enterprise,Clothing,Men's T-Shirt,1,373.44,0.0,373.44,148.79,224.65,Card,Online,Omar F.,1,2.0,False,False
ORD101548,2023-11-25,CUST0163,Mahmoud Abdel Rahman,Giza,SMB,Home & Kitchen,Air Fryer,2,2942.71,25.0,4414.07,3476.78,937.29,Card,Online,Mona K.,1,3.0,True,False
ORD104669,2025-05-05,CUST0325,Khaled Farouk,Giza,Consumer,Beauty,Makeup Kit,1,582.94,20.0,466.35,239.15,227.2,Installment,Online,,3,3.0,True,False
ORD102714,2024-06-15,CUST0285,Ahmed Hassan,Mansoura,Consumer,Sports,Yoga Mat,1,446.59,0.0,-446.59,228.28,-218.31,Mobile Wallet,In-store,Sara M.,0,5.0,False,True
ORD101787,2024-01-07,CUST0101,Rania Hassan,Cairo,Consumer,Home & Kitchen,Air Fryer,1,2592.69,0.0,2592.69,1645.83,946.86,Mobile Wallet,Online,Mona K.,4,4.0,False,False
ORD104837,2025-06-04,CUST0257,Sara Farouk,Giza,Consumer,Home & Kitchen,Cookware Set,2,2094.6,0.0,4189.2,2565.74,1623.46,Card,Online,Sara M.,5,5.0,False,False
ORD100278,2023-03-05,CUST0278,Sara Abdel Rahman,Aswan,Consumer,Clothing,Women's Dress,1,852.88,0.0,852.88,404.88,448.0,Installment,Online,,5,4.0,False,False
ORD105093,2025-07-25,CUST0529,Adel Khalil,Alexandria,Consumer,Electronics,Wireless Earbuds,1,1263.8,25.0,947.85,760.64,187.21,Card,Online,Nourhan S.,0,5.0,True,False
ORD102599,2024-05-25,CUST0357,Mona Hassan,Aswan,Consumer,Electronics,Bluetooth Speaker,1,877.18,0.0,877.18,571.26,305.92,Card,Online,Youssef A.,3,3.0,False,False
ORD103654,2024-12-16,CUST0455,Salma Khalil,Cairo,Enterprise,Groceries,Olive Oil 1L,1,273.15,0.0,273.15,181.89,91.26,Card,Online,Nourhan S.,1,4.0,False,False
ORD105261,2025-08-30,CUST0414,Youssef Hassan,Alexandria,SMB,Sports,Running Shoes,1,1517.81,0.0,1517.81,817.38,700.43,Card,Online,Youssef A.,4,5.0,False,False
ORD102340,2024-04-08,CUST0297,Youssef Mahmoud,Cairo,Consumer,Home & Kitchen,Blender,1,1113.69,0.0,1113.69,584.67,529.02,Cash,In-store,Sara M.,0,5.0,False,False
ORD105071,2025-07-20,CUST0060,Hassan Sherif,Giza,SMB,Clothing,Hoodie,2,619.4,0.0,1238.8,602.5,636.3,Card,In-store,Sara M.,0,5.0,False,False
ORD101889,2024-01-28,CUST0595,Heba El-Sayed,Giza,SMB,Clothing,Hoodie,1,649.02,0.0,649.02,313.48,335.54,Mobile Wallet,In-store,Nourhan S.,0,5.0,False,False
ORD103544,2024-11-29,CUST0260,Dina Sherif,Alexandria,Consumer,Beauty,Perfume,1,1207.72,20.0,966.18,620.14,346.04,Mobile Wallet,Phone,Nourhan S.,0,2.0,True,False
ORD100378,2023-03-19,CUST0210,Dina Sherif,Alexandria,Consumer,Beauty,Hair Dryer,1,915.99,0.0,915.99,455.59,460.4,Mobile Wallet,Online,Sara M.,2,3.0,False,False
ORD105597,2025-10-28,CUST0357,Mona Hassan,Aswan,Consumer,Beauty,Hair Dryer,1,934.39,0.0,934.39,434.86,499.53,Cash,Online,Sara M.,2,3.0,False,False
ORD101184,2023-09-08,CUST0466,Nourhan Hassan,Alexandria,Consumer,Clothing,Women's Dress,5,951.7,20.0,3806.8,1901.55,1905.25,Cash,In-store,Khaled T.,0,5.0,True,False
ORD100635,2023-04-23,CUST0511,Hassan Hassan,Mansoura,Consumer,Home & Kitchen,Cookware Set,1,2229.35,0.0,2229.35,1332.5,896.85,Card,In-store,Youssef A.,0,,False,False
ORD103104,2024-09-13,CUST0546,Youssef Khalil,Alexandria,Consumer,Clothing,Sneakers,1,1390.98,0.0,1390.98,722.81,668.17,Card,In-store,Mona K.,0,5.0,False,False
ORD104763,2025-05-23,CUST0301,Laila Sherif,Giza,Consumer,Electronics,Phone Case,1,246.33,0.0,-246.33,88.85,-157.48,Cash,Online,,3,3.0,False,True
ORD103245,2024-10-11,CUST0369,Khaled Aziz,Tanta,SMB,Beauty,Makeup Kit,1,636.72,0.0,636.72,241.83,394.89,Cash,Phone,Youssef A.,0,4.0,False,False
ORD104755,2025-05-21,CUST0096,Karim Abdel Rahman,Tanta,Consumer,Groceries,Coffee 250g,1,178.46,0.0,178.46,97.85,80.61,Cash,In-store,Mona K.,0,3.0,False,False
ORD101891,2024-01-28,CUST0021,Heba El-Sayed,Alexandria,SMB,Electronics,Phone Case,1,235.58,0.0,235.58,90.52,145.06,Mobile Wallet,In-store,Youssef A.,0,5.0,False,False
ORD100080,2023-01-18,CUST0289,Nourhan Sherif,Alexandria,SMB,Clothing,Jeans,2,795.8,0.0,1591.6,615.78,975.82,Cash,Online,,3,5.0,False,False
ORD105223,2025-08-22,CUST0376,Mahmoud Ibrahim,Giza,Consumer,Beauty,Perfume,1,1224.21,0.0,1224.21,600.18,624.03,Card,In-store,Omar F.,0,5.0,False,False
ORD103911,2025-01-27,CUST0161,Karim Khalil,Cairo,Consumer,Beauty,Hair Dryer,1,886.46,0.0,886.46,470.44,416.02,Cash,In-store,Sara M.,0,4.0,False,False
ORD101030,2023-07-25,CUST0400,Mona Khalil,Cairo,Consumer,Sports,Running Shoes,1,1659.49,0.0,1659.49,836.77,822.72,Mobile Wallet,In-store,Nourhan S.,0,4.0,False,False
ORD102347,2024-04-09,CUST0172,Amr El-Sayed,Giza,Consumer,BEAUTY,Perfume,2,1286.12,0.0,2572.24,1212.96,1359.28,Installment,Online,,5,4.0,False,False
ORD100916,2023-06-24,CUST0001,Omar Mostafa,alexandria,SMB,Electronics,Smart Watch,2,3521.22,0.0,7042.44,4139.12,2903.32,Mobile Wallet,In-store,Mona K.,0,5.0,False,False
ORD101968,2024-02-12,CUST0487,Laila Abdel Rahman,Aswan,Consumer,Clothing,Men's T-Shirt,1,353.87,0.0,353.87,151.94,201.93,Mobile Wallet,Online,,2,3.0,False,False
ORD105653,2025-11-04,CUST0531,Tarek Khalil,Alexandria,Consumer,Electronics,Smart Watch,1,3306.56,0.0,3306.56,2117.25,1189.31,Card,Online,,3,4.0,False,False
ORD101399,2023-10-27,CUST0537,Nourhan Hassan,Cairo,Consumer,Sports,Yoga Mat,5,456.44,0.0,2282.2,1102.5,1179.7,Card,In-store,Khaled T.,0,5.0,False,False
ORD103489,2024-11-25,CUST0360,Rania Khalil,Giza,Consumer,Beauty,Hair Dryer,1,945.53,20.0,756.42,440.57,315.85,Cash,In-store,Khaled T.,0,1.0,True,False
ORD102271,2024-03-27,CUST0511,Hassan Hassan,Mansoura,Consumer,Electronics,Power Bank,1,611.0,0.0,611.0,352.73,258.27,Mobile Wallet,Online,Sara M.,2,5.0,False,False
ORD103009,2024-08-24,CUST0476,Ahmed Abdel Rahman,Cairo,Consumer,Beauty,Perfume,1,1312.06,0.0,1312.06,597.7,714.36,Card,Phone,Mona K.,0,4.0,False,False
ORD101902,2024-01-31,CUST0296,Karim Ibrahim,Mansoura,SMB,Beauty,Perfume,2,1213.0,0.0,2426.0,1255.7,1170.3,Cash,Phone,Mona K.,0,4.0,False,False
ORD104592,2025-04-22,CUST0597,Adel Farouk,Mansoura,Consumer,Electronics,Smart Watch,2,3249.73,0.0,6499.46,4262.98,2236.48,Mobile Wallet,In-store,Omar F.,0,5.0,False,False
ORD101180,2023-09-07,CUST0436,Tarek Khalil,Cairo,Consumer,Clothing,Jeans,1,723.31,0.0,723.31,332.74,390.57,Cash,In-store,Omar F.,0,5.0,False,False
ORD101994,2024-02-17,CUST0102,Nada Mostafa,Cairo,Enterprise,Electronics,Power Bank,1,609.62,0.0,609.62,360.92,248.7,Mobile Wallet,In-store,Omar F.,0,4.0,False,False
ORD101746,2023-12-31,CUST0123,Ahmed Khalil,Tanta,Consumer,Sports,Running Shoes,1,1597.71,0.0,1597.71,888.22,709.49,Installment,Online,,4,3.0,False,False
ORD102706,2024-06-14,CUST0312,Mona Sherif,Tanta,Consumer,Electronics,Smart Watch,2,3678.64,0.0,7357.28,4217.4,3139.88,Card,Phone,Youssef A.,0,5.0,False,False
ORD101553,2023-11-25,CUST0339,Karim Mahmoud,Alexandria,SMB,Electronics,Smart Watch,1,3425.25,25.0,2568.94,2036.8,532.14,Card,In-store,Mona K.,0,4.0,True,False
ORD103622,2024-12-10,CUST0519,Ahmed Ibrahim,Giza,Consumer,Electronics,Bluetooth Speaker,2,898.25,0.0,1796.5,1129.36,667.14,Card,Phone,Mona K.,0,4.0,False,False
ORD103207,2024-10-03,CUST0163,Mahmoud Abdel Rahman,Giza,SMB,Electronics,Smart Watch,1,3585.27,0.0,3585.27,2032.38,1552.89,Mobile Wallet,In-store,Mona K.,0,,False,False
ORD100323,2023-03-11,CUST0086,Karim Khalil,Alexandria,Consumer,Beauty,Perfume,2,1303.16,0.0,2606.32,1232.96,1373.36,Cash,Online,Omar F.,1,5.0,False,False
ORD100784,2023-05-19,CUST0317,Mahmoud Farouk,Alexandria,Consumer,Groceries,Coffee 250g,2,173.45,0.0,346.9,208.32,138.58,Installment,Online,,2,,False,False
ORD101954,2024-02-09,CUST0368,Nourhan Ibrahim,Tanta,Consumer,Groceries,Rice 5kg,2,222.44,0.0,444.88,305.08,139.8,Card,Online,Sara M.,4,3.0,False,False
ORD104840,2025-06-04,CUST0538,Sara Ibrahim,,SMB,Electronics,Bluetooth Speaker,5,960.3,0.0,4801.5,2774.5,2027.0,Cash,Phone,Omar F.,0,3.0,False,False
ORD104424,2025-03-27,CUST0051,Yasmin El-Sayed,Cairo,Enterprise,Clothing,Men's T-Shirt,1,331.0,0.0,331.0,144.73,186.27,Mobile Wallet,In-store,Omar F.,0,5.0,False,False
ORD100767,2023-05-16,CUST0332,Ahmed Ibrahim,Cairo,Consumer,Clothing,Jeans,1,731.34,0.0,731.34,324.02,407.32,Card,In-store,Omar F.,0,5.0,False,False
ORD100046,2023-01-11,CUST0598,Sara Hassan,Cairo,SMB,Groceries,Rice 5kg,1,217.64,0.0,217.64,143.16,74.48,Cash,Online,Mona K.,1,,False,False
ORD105813,2025-11-26,CUST0570,Nada Sherif,Cairo,SMB,Clothing,Jeans,1,795.69,25.0,596.77,325.3,271.47,Card,Online,,4,1.0,True,False
ORD102293,2024-03-29,CUST0283,Nada Khalil,Tanta,SMB,Electronics,Bluetooth Speaker,2,881.17,0.0,1762.34,1101.8,660.54,Installment,In-store,Youssef A.,0,3.0,False,False
ORD101545,2023-11-25,CUST0128,Rania Aziz,Alexandria,Consumer,Home & Kitchen,Coffee Maker,2,1512.68,20.0,2420.29,1743.28,677.01,Cash,In-store,Youssef A.,0,3.0,True,False
ORD104209,2025-03-04,CUST0303,Laila Sherif,,Consumer,Home & Kitchen,Blender,1,1136.36,0.0,1136.36,576.87,559.49,Mobile Wallet,In-store,Youssef A.,0,5.0,False,False
ORD100789,2023-05-20,CUST0096,Karim Abdel Rahman,Tanta,Consumer,Beauty,Perfume,2,1393.17,0.0,2786.34,1226.02,1560.32,Cash,Online,,3,4.0,False,False
ORD102204,2024-03-19,CUST0590,Dina Abdel Rahman,Cairo,Consumer,Beauty,Hair Dryer,1,859.46,0.0,859.46,444.2,415.26,Cash,Online,,3,4.0,False,False
ORD101991,2024-02-17,CUST0282,Youssef El-Sayed,cairo,Consumer,Home & Kitchen,Coffee Maker,3,1602.48,0.0,4807.44,2592.72,2214.72,Cash,Online,,4,2.0,False,False
ORD102912,2024-08-01,CUST0496,Khaled Khalil,Alexandria,Consumer,Home & Kitchen,Air Fryer,2,2990.32,0.0,5980.64,3403.12,2577.52,Card,In-store,Sara M.,0,,False,False
ORD103130,2024-09-18,CUST0393,Yasmin Aziz,cairo,Consumer,Sports,Dumbbell Set,1,1666.04,0.0,1666.04,1101.69,564.35,Card,In-store,Youssef A.,0,3.0,False,False
ORD106039,2025-12-28,CUST0404,Khaled Abdel Rahman,Cairo,Consumer,Home & Kitchen,Coffee Maker,1,1519.53,0.0,1519.53,816.59,702.94,Card,In-store,Nourhan S.,0,4.0,False,False
ORD104218,2025-03-05,CUST0376,Mahmoud Ibrahim,Giza,Consumer,CLOTHING,Women's Dress,1,895.82,0.0,895.82,395.95,499.87,Card,In-store,Omar F.,0,4.0,False,False
ORD102933,2024-08-05,CUST0491,Tarek Khalil,Alexandria,Consumer,Home & Kitchen,Coffee Maker,1,1440.17,0.0,1440.17,845.35,594.82,Card,In-store,Omar F.,0,5.0,False,False
ORD102660,2024-06-06,CUST0490,Heba Sherif,Tanta,SMB,Clothing,Jeans,2,759.68,0.0,1519.36,633.7,885.66,Mobile Wallet,Online,Mona K.,7,5.0,False,False
ORD104820,2025-06-01,CUST0289,Nourhan Sherif,Alexandria,SMB,Home & Kitchen,Coffee Maker,1,1390.22,0.0,1390.22,891.49,498.73,Card,Online,,7,4.0,False,False
ORD101289,2023-10-02,CUST0204,Rania Farouk,Cairo,Consumer,Beauty,Perfume,2,1377.73,20.0,-2204.37,1253.92,-950.45,Card,Phone,Omar F.,0,3.0,True,True
ORD102876,2024-07-22,CUST0284,Hassan Mahmoud,Alexandria,Consumer,Home & Kitchen,Vacuum Cleaner,1,3004.21,0.0,3004.21,1862.39,1141.82,Card,Online,Nourhan S.,0,5.0,False,False
ORD101872,2024-01-26,CUST0577,Laila El-Sayed,Alexandria,SMB,Electronics,Smart Watch,1,3453.6,0.0,3453.6,2134.65,1318.95,Cash,In-store,Khaled T.,0,5.0,False,False
ORD104948,2025-06-23,CUST0578,Tarek Aziz,Cairo,Consumer,Beauty,Makeup Kit,1,592.94,0.0,592.94,260.86,332.08,Card,In-store,Nourhan S.,0,5.0,False,False
ORD101641,2023-12-08,CUST0580,Mahmoud Mostafa,Giza,SMB,Clothing,Men's T-Shirt,2,330.33,20.0,528.53,296.5,232.03,Mobile Wallet,Online,,3,3.0,True,False
ORD101247,2023-09-22,CUST0130,Salma El-Sayed,Cairo,Consumer,Home & Kitchen,Cookware Set,1,2139.45,0.0,2139.45,1309.45,830.0,Mobile Wallet,In-store,Omar F.,0,5.0,False,False
ORD102947,2024-08-10,CUST0229,Laila Sherif,Cairo,Consumer,Clothing,Hoodie,5,679.46,0.0,3397.3,1450.9,1946.4,Mobile Wallet,Online,Khaled T.,1,,False,False
ORD101322,2023-10-08,CUST0279,Adel Abdel Rahman,Mansoura,Enterprise,Home & Kitchen,Cookware Set,2,2155.0,0.0,4310.0,2683.52,1626.48,Cash,In-store,Sara M.,0,1.0,False,False
ORD102259,2024-03-25,CUST0476,Ahmed Abdel Rahman,Cairo,Consumer,Home & Kitchen,Air Fryer,1,2659.25,0.0,2659.25,1775.14,884.11,Cash,Online,,3,5.0,False,False
ORD103811,2025-01-10,CUST0036,Heba Mahmoud,Alexandria,Consumer,Groceries,Coffee 250g,2,182.51,20.0,292.02,201.72,90.3,Card,Online,,5,5.0,True,False
ORD102693,2024-06-12,CUST0021,Heba El-Sayed,Alexandria,SMB,Clothing,Jeans,2,745.98,10.0,1342.76,624.84,717.92,Cash,In-store,Mona K.,0,2.0,True,False
ORD100773,2023-05-18,CUST0162,Ahmed Aziz,Giza,Enterprise,Home & Kitchen,Vacuum Cleaner,1,3226.36,5.0,3065.04,1890.83,1174.21,Cash,Phone,Youssef A.,0,3.0,True,False
ORD100627,2023-04-22,CUST0136,Rania Mostafa,Tanta,Consumer,Clothing,Jeans,1,803.4,20.0,642.72,305.54,337.18,Installment,In-store,Omar F.,0,2.0,True,False
ORD104796,2025-05-29,CUST0299,Rania Khalil,Cairo,Enterprise,Clothing,Hoodie,1,672.18,0.0,672.18,309.96,362.22,Mobile Wallet,Online,Sara M.,4,4.0,False,False
ORD105183,2025-08-13,CUST0206,Ahmed Farouk,Tanta,SMB,Beauty,Perfume,1,1205.25,0.0,1205.25,579.08,626.17,Mobile Wallet,Online,,1,5.0,False,False
ORD105807,2025-11-25,CUST0373,Tarek Aziz,Cairo,Consumer,Beauty,Perfume,1,1325.69,15.0,1126.84,617.14,509.7,Mobile Wallet,In-store,Khaled T.,0,5.0,True,False
ORD104113,2025-02-21,CUST0545,Laila Ibrahim,Mansoura,Consumer,Groceries,Olive Oil 1L,1,277.65,0.0,277.65,173.07,104.58,Card,Online,Omar F.,3,4.0,False,False
ORD101156,2023-09-02,CUST0394,Karim Mostafa,Alexandria,SMB,Clothing,Sneakers,1,1318.39,0.0,1318.39,679.17,639.22,Cash,Online,Omar F.,3,1.0,False,False
ORD104991,2025-07-02,CUST0568,Mona Farouk,Cairo,Consumer,Groceries,Coffee 250g,1,186.97,0.0,186.97,95.94,91.03,Card,In-store,Sara M.,0,4.0,False,False
ORD105819,2025-11-26,CUST0557,Omar Sherif,Giza,Enterprise,Sports,Running Shoes,1,1575.98,25.0,1181.99,888.25,293.74,Installment,In-store,Khaled T.,0,1.0,True,False
ORD100148,2023-02-04,CUST0317,Mahmoud Farouk,Alexandria,Consumer,Clothing,Hoodie,3,645.91,0.0,1937.73,899.91,1037.82,Mobile Wallet,In-store,Youssef A.,0,5.0,False,False
ORD100518,2023-04-08,CUST0454,Tarek Sherif,Tanta,SMB,Electronics,Wireless Earbuds,1,1160.17,0.0,1160.17,763.79,396.38,Card,In-store,Mona K.,0,2.0,False,False
ORD104519,2025-04-09,CUST0177,Amr Abdel Rahman,Alexandria,SMB,Beauty,Skincare Set,1,747.25,0.0,747.25,350.73,396.52,Card,In-store,Youssef A.,0,,False,False
ORD105235,2025-08-25,CUST0540,Omar Hassan,Giza,Consumer,Clothing,Sneakers,1,1355.29,0.0,1355.29,693.65,661.64,Card,Phone,Sara M.,0,3.0,False,False
ORD105870,2025-11-29,CUST0489,Amr Sherif,Cairo,SMB,Electronics,Wireless Earbuds,1,1115.12,25.0,-836.34,779.65,-56.69,Mobile Wallet,Online,Khaled T.,1,2.0,True,True
ORD105544,2025-10-18,CUST0187,Karim Khalil,Alexandria,Consumer,Home & Kitchen,Air Fryer,2,2846.49,0.0,5692.98,3419.18,2273.8,Card,Phone,Omar F.,0,5.0,False,False
ORD101926,2024-02-03,CUST0314,Ahmed Abdel Rahman,giza,Consumer,Home & Kitchen,Coffee Maker,3,1526.97,0.0,4580.91,2423.76,2157.15,Cash,Online,Omar F.,3,4.0,False,False
ORD104412,2025-03-26,CUST0189,Khaled Sherif,Alexandria,Enterprise,Groceries,Rice 5kg,1,219.76,0.0,219.76,152.27,67.49,Mobile Wallet,In-store,Khaled T.,0,5.0,False,False
ORD105915,2025-12-05,CUST0480,Amr Khalil,Cairo,SMB,Electronics,Phone Case,2,262.41,0.0,524.82,182.28,342.54,Card,Online,,0,4.0,False,False
ORD100438,2023-03-27,CUST0190,Hassan Farouk,Mansoura,SMB,Sports,Yoga Mat,1,484.7,0.0,484.7,228.75,255.95,Card,In-store,Khaled T.,0,,False,False
ORD105383,2025-09-20,CUST0494,Mahmoud Mostafa,Alexandria,Consumer,Clothing,Men's T-Shirt,1,329.04,0.0,329.04,153.6,175.44,Mobile Wallet,Online,Mona K.,2,4.0,False,False
ORD102414,2024-04-21,CUST0297,Youssef Mahmoud,Cairo,Consumer,Clothing,Sneakers,1,1493.4,0.0,1493.4,694.63,798.77,Cash,Online,,0,5.0,False,False
ORD102425,2024-04-23,CUST0084,Mona Hassan,Cairo,SMB,Home & Kitchen,Blender,1,1086.25,0.0,1086.25,609.01,477.24,Installment,In-store,Khaled T.,0,4.0,False,False
ORD102333,2024-04-06,CUST0073,Ahmed Aziz,Cairo,Enterprise,Clothing,Hoodie,1,611.22,0.0,611.22,294.12,317.1,Card,In-store,Youssef A.,0,3.0,False,False
ORD100143,2023-02-03,CUST0171,Heba Hassan,Aswan,Consumer,Sports,Running Shoes,1,1645.18,0.0,1645.18,858.01,787.17,Mobile Wallet,In-store,Sara M.,0,5.0,False,False
ORD100664,2023-04-27,CUST0445,Mahmoud Aziz,Cairo,Consumer,Electronics,Bluetooth Speaker,1,991.82,0.0,991.82,546.32,445.5,Installment,Online,,2,5.0,False,False
ORD104207,2025-03-04,CUST0320,Youssef Ibrahim,Alexandria,Consumer,Home & Kitchen,Blender,1,1023.64,0.0,1023.64,621.87,401.77,Mobile Wallet,Phone,Nourhan S.,0,1.0,False,False
ORD102982,2024-08-17,CUST0125,Laila Mostafa,Tanta,Consumer,Electronics,Smart Watch,1,3446.33,0.0,3446.33,2142.47,1303.86,Cash,In-store,Mona K.,0,5.0,False,False
ORD100706,2023-05-06,CUST0138,Youssef Ibrahim,Tanta,Consumer,Clothing,Sneakers,1,1313.01,0.0,1313.01,697.1,615.91,Installment,Online,Khaled T.,5,4.0,False,False
ORD103750,2025-01-01,CUST0010,Mona Farouk,Cairo,Consumer,Beauty,Skincare Set,2,835.75,0.0,1671.5,673.4,998.1,Card,In-store,Youssef A.,0,4.0,False,False
ORD102108,2024-03-06,CUST0360,Rania Khalil,Giza,Consumer,Home & Kitchen,Vacuum Cleaner,1,3345.32,0.0,3345.32,1931.61,1413.71,Cash,Online,Mona K.,5,5.0,False,False
ORD105129,2025-08-01,CUST0522,Karim Mahmoud,Alexandria,SMB,Beauty,Perfume,1,1259.19,0.0,1259.19,616.25,642.94,Card,Online,,2,2.0,False,False
ORD105532,2025-10-17,CUST0144,Khaled Hassan,Cairo,SMB,Electronics,Smart Watch,1,3572.9,0.0,3572.9,2054.59,1518.31,Cash,In-store,Sara M.,0,1.0,False,False
ORD104033,2025-02-11,CUST0475,Khaled Sherif,Tanta,SMB,Clothing,Sneakers,1,1381.73,0.0,1381.73,728.47,653.26,Cash,Online,Sara M.,7,3.0,False,False
ORD104811,2025-05-31,CUST0529,Adel Khalil,Alexandria,Consumer,Electronics,Power Bank,1,570.08,0.0,570.08,337.22,232.86,Mobile Wallet,In-store,Nourhan S.,0,4.0,False,False
ORD102913,2024-08-01,CUST0363,Youssef Hassan,Alexandria,Consumer,CLOTHING,Men's T-Shirt,1,360.98,0.0,360.98,142.94,218.04,Mobile Wallet,Online,Omar F.,0,5.0,False,False
ORD101231,2023-09-20,CUST0501,Hassan Abdel Rahman,Tanta,Consumer,Home & Kitchen,Blender,1,1163.35,0.0,1163.35,592.83,570.52,Card,Online,Nourhan S.,3,5.0,False,False
ORD104523,2025-04-10,CUST0048,Dina Mahmoud,Cairo,Consumer,Beauty,Hair Dryer,1,853.72,0.0,853.72,453.27,400.45,Cash,Phone,Nourhan S.,0,3.0,False,False
ORD104575,2025-04-18,CUST0043,Ahmed Khalil,Cairo,Consumer,Sports,Dumbbell Set,2,1923.83,0.0,-3847.66,2296.3,-1551.36,Mobile Wallet,Online,,1,1.0,False,True
ORD102936,2024-08-06,CUST0041,Amr Ibrahim,,Consumer,Clothing,Jeans,3,802.32,0.0,2406.96,964.35,1442.61,Mobile Wallet,In-store,Omar F.,0,3.0,False,False
ORD102961,2024-08-14,CUST0340,Amr Farouk,Aswan,Consumer,GROCERIES,Coffee 250g,1,170.48,0.0,170.48,100.56,69.92,Mobile Wallet,In-store,Nourhan S.,0,5.0,False,False
ORD101400,2023-10-27,CUST0480,Amr Khalil,Cairo,SMB,Electronics,Smart Watch,1,3438.93,0.0,3438.93,2046.43,1392.5,Cash,Online,,7,3.0,False,False
ORD102173,2024-03-15,CUST0081,Hassan Mostafa,Cairo,Consumer,Beauty,Skincare Set,1,851.64,0.0,851.64,338.74,512.9,Cash,Online,Khaled T.,4,5.0,False,False
ORD102452,2024-04-29,CUST0149,Hassan Farouk,Alexandria,Consumer,Clothing,Men's T-Shirt,1,325.37,0.0,325.37,156.34,169.03,Cash,Online,Sara M.,5,5.0,False,False
ORD100225,2023-02-21,CUST0517,Omar Mostafa,Alexandria,Consumer,Electronics,Power Bank,1,564.6,0.0,564.6,343.34,221.26,Installment,In-store,Khaled T.,0,5.0,False,False
ORD103688,2024-12-23,CUST0281,Adel Mahmoud,Cairo,Consumer,Home & Kitchen,Air Fryer,2,2857.44,0.0,5714.88,3373.06,2341.82,Card,In-store,Mona K.,0,4.0,False,False
ORD101500,2023-11-21,CUST0148,Nourhan Hassan,Alexandria,Consumer,CLOTHING,Hoodie,1,675.16,15.0,573.89,308.37,265.52,Mobile Wallet,Online,Nourhan S.,4,2.0,True,False
ORD100213,2023-02-18,CUST0339,Karim Mahmoud,Alexandria,SMB,Clothing,Sneakers,1,1399.38,0.0,1399.38,677.49,721.89,Mobile Wallet,In-store,Youssef A.,0,5.0,False,False
ORD104168,2025-02-26,CUST0295,Salma Aziz,Cairo,SMB,Home & Kitchen,Cookware Set,2,2191.83,0.0,4383.66,2528.42,1855.24,Card,Online,Sara M.,4,3.0,False,False
ORD101178,2023-09-06,CUST0406,Mona Khalil,Cairo,SMB,Beauty,Hair Dryer,1,920.27,0.0,920.27,464.1,456.17,Cash,Online,Sara M.,2,,False,False
ORD100851,2023-06-05,CUST0098,Mona Abdel Rahman,Giza,Consumer,Beauty,Hair Dryer,2,879.05,0.0,1758.1,940.64,817.46,Mobile Wallet,In-store,Youssef A.,0,5.0,False,False
ORD101708,2023-12-25,CUST0016,Nada Aziz,Mansoura,Consumer,Beauty,Skincare Set,1,772.26,0.0,772.26,336.32,435.94,Card,In-store,Khaled T.,0,2.0,False,False
ORD104946,2025-06-23,CUST0424,Nourhan Sherif,Giza,SMB,Electronics,Smart Watch,1,3588.44,0.0,-3588.44,2115.23,-1473.21,Card,Online,Khaled T.,1,5.0,False,True
ORD104841,2025-06-05,CUST0562,Amr Farouk,Cairo,Consumer,Sports,Running Shoes,1,1557.24,0.0,1557.24,888.74,668.5,Cash,Online,,0,3.0,False,False
ORD101661,2023-12-13,CUST0554,Nada Farouk,Tanta,SMB,Beauty,Perfume,1,1208.98,10.0,1088.08,607.81,480.27,Card,In-store,Mona K.,0,2.0,True,False
ORD102458,2024-05-01,CUST0193,Rania Aziz,Aswan,Consumer,Groceries,Olive Oil 1L,1,280.14,0.0,280.14,171.97,108.17,Cash,Online,Youssef A.,3,4.0,False,False
ORD103983,2025-02-07,CUST0440,Hassan Khalil,Giza,SMB,Beauty,Perfume,2,1350.62,0.0,2701.24,1208.78,1492.46,Card,Online,,2,3.0,False,False
ORD102532,2024-05-14,CUST0067,Adel Abdel Rahman,Cairo,SMB,Beauty,Perfume,1,1310.66,0.0,1310.66,624.36,686.3,Mobile Wallet,Phone,Khaled T.,0,,False,False
ORD103511,2024-11-27,CUST0267,Nourhan Mahmoud,Cairo,Consumer,Electronics,Bluetooth Speaker,2,1007.88,15.0,1713.4,1134.2,579.2,Card,Online,Omar F.,1,5.0,True,False
ORD103748,2025-01-01,CUST0234,Salma Khalil,Cairo,Consumer,Beauty,Makeup Kit,1,601.58,0.0,601.58,247.84,353.74,Mobile Wallet,Phone,Omar F.,0,4.0,False,False
ORD100563,2023-04-14,CUST0076,Nourhan Khalil,Mansoura,SMB,Electronics,Phone Case,1,249.61,0.0,249.61,88.72,160.89,Card,Online,,3,3.0,False,False
ORD105388,2025-09-21,CUST0174,Adel Aziz,Alexandria,Consumer,Electronics,Phone Case,2,265.4,0.0,530.8,183.8,347.0,Cash,In-store,Nourhan S.,0,,False,False
ORD105120,2025-07-31,CUST0402,Yasmin Hassan,aswan,Consumer,Sports,Dumbbell Set,1,1735.55,0.0,1735.55,1079.99,655.56,Card,Online,,7,5.0,False,False
ORD102889,2024-07-26,CUST0146,Karim Ibrahim,Cairo,Consumer,Clothing,Sneakers,1,1292.39,0.0,1292.39,678.57,613.82,Mobile Wallet,Online,Mona K.,4,3.0,False,False
ORD101048,2023-07-29,CUST0231,Mona Hassan,Tanta,SMB,Electronics,Wireless Earbuds,1,1134.27,15.0,964.13,767.72,196.41,Mobile Wallet,Online,,4,3.0,True,False
ORD102232,2024-03-22,CUST0275,Nada Ibrahim,Aswan,Consumer,Beauty,Hair Dryer,1,921.97,0.0,921.97,429.88,492.09,Cash,Online,Nourhan S.,5,3.0,False,False
ORD101122,2023-08-25,CUST0470,Nada Mahmoud,Cairo,Consumer,Beauty,Skincare Set,1,738.79,0.0,738.79,360.13,378.66,Mobile Wallet,In-store,Khaled T.,0,5.0,False,False
ORD104223,2025-03-06,CUST0448,Laila Abdel Rahman,Cairo,Consumer,Beauty,Perfume,1,1326.97,15.0,1127.92,593.56,534.36,Mobile Wallet,Phone,Nourhan S.,0,,True,False
ORD101327,2023-10-10,CUST0464,Adel Mahmoud,Aswan,SMB,Home & Kitchen,Coffee Maker,2,1410.36,0.0,2820.72,1624.02,1196.7,Mobile Wallet,Online,Mona K.,1,5.0,False,False
ORD102842,2024-07-14,CUST0045,Karim Khalil,Cairo,SMB,Electronics,Bluetooth Speaker,1,939.97,0.0,939.97,525.57,414.4,Cash,Online,Omar F.,2,4.0,False,False
ORD100313,2023-03-11,CUST0079,Dina Khalil,Aswan,Consumer,Groceries,Olive Oil 1L,2,279.28,0.0,558.56,368.22,190.34,Card,Online,Nourhan S.,2,5.0,False,False
ORD105530,2025-10-17,CUST0586,Mona Ibrahim,Alexandria,Consumer,Groceries,Olive Oil 1L,3,283.29,0.0,849.87,528.93,320.94,Card,Online,,2,5.0,False,False
ORD105122,2025-07-31,CUST0386,Youssef Mahmoud,Alexandria,Consumer,Beauty,Hair Dryer,1,970.09,10.0,873.08,435.61,437.47,Cash,Online,Omar F.,0,3.0,True,False
ORD103340,2024-11-01,CUST0071,Mahmoud Sherif,Giza,Consumer,Groceries,Honey Jar,1,328.4,0.0,328.4,201.15,127.25,Installment,In-store,Omar F.,0,4.0,False,False
ORD104199,2025-03-02,CUST0512,Nada Aziz,Mansoura,Consumer,Groceries,Rice 5kg,1,234.56,0.0,234.56,157.39,77.17,Cash,Online,Omar F.,4,3.0,False,False
ORD101819,2024-01-16,CUST0229,Laila Sherif,Cairo,Consumer,Electronics,Power Bank,1,599.64,0.0,599.64,338.44,261.2,Cash,Online,,5,3.0,False,False
ORD104887,2025-06-14,CUST0437,Mona Mostafa,Cairo,SMB,Clothing,Jeans,1,697.76,0.0,-697.76,327.48,-370.28,Cash,Online,Sara M.,1,5.0,False,True
ORD101100,2023-08-18,CUST0109,Laila Ibrahim,Tanta,SMB,Beauty,Hair Dryer,1,854.41,0.0,854.41,462.51,391.9,Mobile Wallet,Online,,5,3.0,False,False
ORD101273,2023-09-27,CUST0327,Dina Hassan,Alexandria,SMB,Electronics,Bluetooth Speaker,2,983.63,25.0,1475.44,1086.58,388.86,Installment,Online,,2,5.0,True,False
ORD100430,2023-03-26,CUST0169,Sara Mostafa,Alexandria,Consumer,Clothing,Men's T-Shirt,1,368.85,0.0,368.85,150.18,218.67,Cash,Online,,1,5.0,False,False
ORD101456,2023-11-09,CUST0553,Heba Mostafa,Cairo,Consumer,Electronics,Wireless Earbuds,1,1208.22,0.0,1208.22,771.79,436.43,Cash,In-store,Mona K.,0,3.0,False,False
ORD101405,2023-10-28,CUST0223,Ahmed Ibrahim,Cairo,Consumer,Beauty,Hair Dryer,1,895.8,0.0,895.8,467.79,428.01,Card,In-store,Sara M.,0,5.0,False,False
ORD102125,2024-03-09,CUST0198,Rania Hassan,mansoura,Consumer,Home & Kitchen,Cookware Set,2,2313.29,0.0,4626.58,2550.34,2076.24,Installment,Online,Nourhan S.,2,5.0,False,False
ORD102258,2024-03-25,CUST0047,Ahmed Farouk,Tanta,Consumer,Home & Kitchen,Vacuum Cleaner,1,3029.96,0.0,3029.96,1935.1,1094.86,Installment,In-store,Nourhan S.,0,5.0,False,False
ORD101557,2023-11-26,CUST0592,Mona Aziz,Giza,Consumer,Home & Kitchen,Cookware Set,2,2043.28,10.0,3677.9,2490.78,1187.12,Card,Online,Khaled T.,0,1.0,True,False
ORD104250,2025-03-08,CUST0119,Hassan Aziz,Tanta,Consumer,Clothing,Jeans,5,704.56,0.0,3522.8,1650.4,1872.4,Cash,Phone,Youssef A.,0,5.0,False,False
ORD105307,2025-09-08,CUST0033,Yasmin El-Sayed,Tanta,Consumer,Groceries,Honey Jar,1,328.51,0.0,328.51,208.82,119.69,Card,In-store,Youssef A.,0,5.0,False,False
ORD101179,2023-09-07,CUST0303,Laila Sherif,Alexandria,Consumer,Clothing,Men's T-Shirt,2,368.71,0.0,737.42,285.4,452.02,Mobile Wallet,Online,Mona K.,2,,False,False
ORD105215,2025-08-21,CUST0560,Sara El-Sayed,Cairo,SMB,Home & Kitchen,Vacuum Cleaner,1,2949.71,0.0,2949.71,1866.43,1083.28,Cash,In-store,Nourhan S.,0,5.0,False,False
ORD103048,2024-09-05,CUST0036,Heba Mahmoud,Alexandria,Consumer,Beauty,Hair Dryer,1,954.62,0.0,954.62,454.34,500.28,Installment,In-store,Mona K.,0,4.0,False,False
ORD103307,2024-10-23,CUST0545,Laila Ibrahim,Mansoura,Consumer,Clothing,Women's Dress,1,872.34,0.0,872.34,386.57,485.77,Cash,Online,,7,5.0,False,False
ORD103299,2024-10-21,CUST0398,Amr Mostafa,Alexandria,Consumer,Clothing,Hoodie,2,631.29,0.0,1262.58,619.96,642.62,Cash,Phone,Khaled T.,0,3.0,False,False
ORD102225,2024-03-21,CUST0506,Adel Khalil,Mansoura,Consumer,Clothing,Men's T-Shirt,2,353.12,0.0,706.24,313.3,392.94,Cash,Online,Sara M.,3,5.0,False,False
ORD101621,2023-12-05,CUST0444,Heba Farouk,Aswan,Consumer,Clothing,Hoodie,5,598.48,0.0,2992.4,1520.95,1471.45,Mobile Wallet,Online,Khaled T.,5,4.0,False,False
ORD105270,2025-08-31,CUST0541,Dina Sherif,Alexandria,SMB,Clothing,Women's Dress,1,888.1,0.0,888.1,392.4,495.7,Installment,Online,,3,4.0,False,False
ORD102260,2024-03-25,CUST0144,Khaled Hassan,Cairo,SMB,Home & Kitchen,Cookware Set,1,2236.46,0.0,2236.46,1297.39,939.07,Mobile Wallet,Phone,Sara M.,0,5.0,False,False
ORD104711,2025-05-14,CUST0003,Omar Sherif,Alexandria,Consumer,Clothing,Sneakers,1,1332.9,0.0,1332.9,682.46,650.44,Cash,Online,Mona K.,7,2.0,False,False
ORD105404,2025-09-25,CUST0098,Mona Abdel Rahman,Giza,Consumer,Clothing,Sneakers,1,1472.24,0.0,1472.24,699.26,772.98,Mobile Wallet,In-store,Khaled T.,0,5.0,False,False
ORD102500,2024-05-08,CUST0589,Yasmin Mahmoud,Cairo,Consumer,Sports,Yoga Mat,5,470.39,0.0,2351.95,1139.6,1212.35,Mobile Wallet,Online,,0,5.0,False,False
ORD102673,2024-06-08,CUST0511,Hassan Hassan,mansoura,Consumer,Electronics,Power Bank,2,627.92,0.0,1255.84,685.54,570.3,Mobile Wallet,In-store,Nourhan S.,0,4.0,False,False
ORD105216,2025-08-21,CUST0352,Sara Sherif,Mansoura,Consumer,Electronics,Power Bank,1,586.7,0.0,586.7,335.81,250.89,Card,In-store,Youssef A.,0,5.0,False,False
ORD102890,2024-07-26,CUST0566,Khaled Farouk,Alexandria,Consumer,Clothing,Sneakers,1,1419.18,0.0,1419.18,681.26,737.92,Installment,In-store,Sara M.,0,4.0,False,False
ORD102578,2024-05-24,CUST0354,Karim Mostafa,Cairo,Consumer,Electronics,Bluetooth Speaker,1,938.35,0.0,938.35,556.68,381.67,Cash,Online,Nourhan S.,3,2.0,False,False
ORD103586,2024-12-03,CUST0467,Omar Hassan,Giza,Consumer,Clothing,Jeans,1,767.81,0.0,767.81,313.52,454.29,Card,In-store,Mona K.,0,3.0,False,False
ORD102486,2024-05-06,CUST0447,Youssef Ibrahim,Cairo,SMB,Home & Kitchen,Coffee Maker,2,1399.38,0.0,2798.76,1679.14,1119.62,Card,Online,,5,,False,False
ORD104659,2025-05-03,CUST0303,Laila Sherif,Alexandria,Consumer,Clothing,Men's T-Shirt,1,348.57,0.0,348.57,145.83,202.74,Card,In-store,Omar F.,0,4.0,False,False
ORD102707,2024-06-14,CUST0320,Youssef Ibrahim,Alexandria,Consumer,Sports,Dumbbell Set,2,1759.95,0.0,3519.9,2182.14,1337.76,Mobile Wallet,Online,Youssef A.,2,5.0,False,False
ORD100955,2023-07-03,CUST0300,Nourhan Khalil,Cairo,Enterprise,Home & Kitchen,Blender,1,1103.89,25.0,827.92,590.11,237.81,Card,Online,Khaled T.,2,4.0,True,False
ORD104200,2025-03-02,CUST0132,Youssef Aziz,Cairo,Consumer,Sports,Football,1,351.01,0.0,351.01,184.39,166.62,Cash,Online,,2,5.0,False,False
ORD101053,2023-07-30,CUST0029,Laila Mostafa,Giza,SMB,Beauty,Perfume,1,1362.13,0.0,1362.13,572.79,789.34,Cash,Online,Khaled T.,3,4.0,False,False
ORD102445,2024-04-28,CUST0428,Yasmin Ibrahim,Alexandria,Consumer,Clothing,Sneakers,1,1351.05,0.0,1351.05,684.14,666.91,Cash,In-store,Khaled T.,0,3.0,False,False
ORD102804,2024-07-05,CUST0189,Khaled Sherif,alexandria,Enterprise,HOME & KITCHEN,Vacuum Cleaner,1,3123.12,0.0,3123.12,1836.13,1286.99,Cash,Online,,0,4.0,False,False
ORD100889,2023-06-16,CUST0139,Ahmed Hassan,Tanta,Consumer,Clothing,Women's Dress,1,887.87,0.0,887.87,418.59,469.28,Card,In-store,Mona K.,0,3.0,False,False
ORD103060,2024-09-06,CUST0518,Nourhan Farouk,Cairo,SMB,Sports,Football,1,378.88,0.0,378.88,182.89,195.99,Cash,Phone,Omar F.,0,5.0,False,False
ORD104247,2025-03-08,CUST0025,Yasmin Khalil,mansoura,SMB,Sports,Running Shoes,2,1557.3,0.0,3114.6,1753.04,1361.56,Cash,In-store,Mona K.,0,5.0,False,False
ORD104872,2025-06-10,CUST0151,Youssef Ibrahim,Cairo,Consumer,Groceries,Olive Oil 1L,1,286.13,0.0,286.13,186.69,99.44,Cash,In-store,Nourhan S.,0,1.0,False,False
ORD104914,2025-06-18,CUST0246,Nada Aziz,Giza,SMB,Home & Kitchen,Air Fryer,1,2950.04,0.0,2950.04,1728.23,1221.81,Mobile Wallet,Online,,0,4.0,False,False
ORD100140,2023-02-02,CUST0587,Khaled Aziz,Mansoura,SMB,Clothing,Women's Dress,1,970.52,0.0,970.52,381.2,589.32,Cash,Online,,4,3.0,False,False
ORD100630,2023-04-22,CUST0069,Tarek Aziz,cairo,Enterprise,Electronics,Bluetooth Speaker,1,1001.06,0.0,1001.06,567.3,433.76,Card,Online,Mona K.,1,5.0,False,False
ORD104731,2025-05-16,CUST0251,Omar Mostafa,Cairo,Consumer,Home & Kitchen,Cookware Set,5,2355.45,0.0,11777.25,6661.65,5115.6,Cash,In-store,Omar F.,0,3.0,False,False
ORD100050,2023-01-12,CUST0456,Laila Mahmoud,Alexandria,Consumer,Groceries,Rice 5kg,1,203.43,0.0,203.43,149.71,53.72,Card,Online,,7,,False,False
ORD101907,2024-01-31,CUST0247,Tarek Hassan,,Consumer,Groceries,Coffee 250g,1,168.72,0.0,168.72,101.41,67.31,Cash,Phone,Omar F.,0,1.0,False,False
ORD103372,2024-11-08,CUST0575,Adel Ibrahim,Alexandria,SMB,Groceries,Olive Oil 1L,1,290.31,0.0,290.31,182.61,107.7,Cash,Online,Youssef A.,5,5.0,False,False
ORD100470,2023-04-02,CUST0022,Hassan Sherif,Giza,Consumer,Sports,Football,1,378.2,0.0,378.2,188.21,189.99,Installment,In-store,Mona K.,0,5.0,False,False
ORD100892,2023-06-16,CUST0417,Nourhan El-Sayed,Tanta,Consumer,Sports,Running Shoes,1,1637.53,0.0,1637.53,837.31,800.22,Cash,Phone,Mona K.,0,3.0,False,False
ORD102808,2024-07-05,CUST0203,Khaled Sherif,Cairo,Consumer,Home & Kitchen,Cookware Set,3,2255.69,0.0,6767.07,3989.67,2777.4,Card,In-store,Sara M.,0,5.0,False,False
ORD100653,2023-04-26,CUST0073,Ahmed Aziz,Cairo,Enterprise,Electronics,Phone Case,2,250.36,0.0,500.72,178.8,321.92,Mobile Wallet,In-store,Youssef A.,0,3.0,False,False
ORD103641,2024-12-13,CUST0215,Rania Mahmoud,Tanta,Consumer,Clothing,Men's T-Shirt,1,331.32,0.0,331.32,144.99,186.33,Cash,In-store,Sara M.,0,1.0,False,False
ORD101203,2023-09-11,CUST0116,Mona Ibrahim,Cairo,Enterprise,Groceries,Olive Oil 1L,1,301.11,0.0,301.11,181.33,119.78,Cash,In-store,Khaled T.,0,5.0,False,False
ORD104721,2025-05-15,CUST0537,Nourhan Hassan,Cairo,Consumer,Clothing,Hoodie,1,646.82,0.0,646.82,300.36,346.46,Mobile Wallet,Online,,1,2.0,False,False
ORD105384,2025-09-20,CUST0326,Khaled Sherif,cairo,Consumer,Home & Kitchen,Vacuum Cleaner,2,3455.95,0.0,6911.9,3694.96,3216.94,Card,In-store,Mona K.,0,4.0,False,False
ORD104169,2025-02-27,CUST0464,Adel Mahmoud,Aswan,SMB,Beauty,Makeup Kit,1,623.19,0.0,623.19,252.7,370.49,Cash,Online,,1,4.0,False,False
ORD104687,2025-05-09,CUST0361,Sara Khalil,Cairo,Consumer,Sports,Football,1,393.98,0.0,393.98,188.55,205.43,Card,In-store,Sara M.,0,3.0,False,False
ORD100188,2023-02-12,CUST0172,Amr El-Sayed,giza,Consumer,Electronics,Bluetooth Speaker,2,957.43,0.0,1914.86,1065.82,849.04,Cash,In-store,Sara M.,0,2.0,False,False
ORD103723,2024-12-29,CUST0316,Amr Ibrahim,Alexandria,SMB,Home & Kitchen,Coffee Maker,1,1418.9,0.0,1418.9,854.85,564.05,Card,Online,Omar F.,2,3.0,False,False
ORD102154,2024-03-12,CUST0052,Ahmed Mahmoud,Alexandria,SMB,Electronics,Smart Watch,1,3741.59,0.0,3741.59,2129.94,1611.65,Card,In-store,Sara M.,0,5.0,False,False
ORD100743,2023-05-12,CUST0341,Heba El-Sayed,Alexandria,Enterprise,Home & Kitchen,Cookware Set,1,2296.7,0.0,-2296.7,1358.08,-938.62,Card,Phone,Mona K.,0,,False,True
ORD101914,2024-02-01,CUST0103,Adel Sherif,Giza,Consumer,Home & Kitchen,Vacuum Cleaner,1,3390.86,0.0,3390.86,1963.99,1426.87,Card,Online,,3,1.0,False,False
ORD103449,2024-11-21,CUST0395,Sara Sherif,Aswan,Consumer,Electronics,Phone Case,1,251.11,15.0,213.44,92.03,121.41,Mobile Wallet,Online,,4,3.0,True,False
ORD102856,2024-07-18,CUST0353,Karim Sherif,Cairo,Consumer,Electronics,Phone Case,1,253.84,0.0,253.84,90.35,163.49,Card,Online,,1,2.0,False,False
ORD100794,2023-05-22,CUST0161,Karim Khalil,Cairo,Consumer,Sports,Dumbbell Set,1,1867.96,0.0,1867.96,1045.86,822.1,Mobile Wallet,Online,,3,3.0,False,False
ORD105021,2025-07-09,CUST0287,Karim Aziz,Cairo,SMB,Beauty,Skincare Set,1,801.67,0.0,801.67,344.88,456.79,Mobile Wallet,Online,Sara M.,0,2.0,False,False
ORD100911,2023-06-23,CUST0111,Salma Mahmoud,Giza,Consumer,Electronics,Bluetooth Speaker,1,911.98,0.0,911.98,549.37,362.61,Installment,Online,Sara M.,3,2.0,False,False
ORD100055,2023-01-13,CUST0290,Yasmin Farouk,Giza,Consumer,Sports,Running Shoes,1,1546.25,0.0,1546.25,886.64,659.61,Cash,In-store,Khaled T.,0,5.0,False,False
ORD102596,2024-05-25,CUST0135,Heba Farouk,Cairo,Enterprise,Electronics,Phone Case,1,266.99,0.0,266.99,86.81,180.18,Card,Online,Nourhan S.,2,3.0,False,False
ORD104564,2025-04-17,CUST0064,Khaled Mahmoud,Mansoura,Consumer,Clothing,Women's Dress,2,859.66,0.0,1719.32,786.24,933.08,Mobile Wallet,Online,Youssef A.,4,4.0,False,False
ORD100754,2023-05-14,CUST0022,Hassan Sherif,Giza,Consumer,Clothing,Women's Dress,1,954.54,0.0,954.54,413.43,541.11,Card,In-store,Khaled T.,0,5.0,False,False
ORD105253,2025-08-29,CUST0051,Yasmin El-Sayed,Cairo,Enterprise,Groceries,Olive Oil 1L,1,277.26,15.0,235.67,171.41,64.26,Card,In-store,Khaled T.,0,4.0,True,False
ORD105961,2025-12-12,CUST0130,Salma El-Sayed,Cairo,Consumer,Beauty,Makeup Kit,1,552.87,0.0,552.87,239.69,313.18,Cash,Online,Khaled T.,2,5.0,False,False
ORD103826,2025-01-12,CUST0397,Tarek El-Sayed,Alexandria,SMB,Clothing,Women's Dress,2,939.73,0.0,1879.46,784.14,1095.32,Card,In-store,Nourhan S.,0,3.0,False,False
ORD105304,2025-09-08,CUST0460,Karim Ibrahim,Tanta,Consumer,Home & Kitchen,Air Fryer,1,2969.22,0.0,2969.22,1664.92,1304.3,Card,Online,,5,5.0,False,False
ORD101300,2023-10-03,CUST0505,Ahmed Abdel Rahman,Alexandria,SMB,Groceries,Rice 5kg,1,203.77,0.0,203.77,153.64,50.13,Mobile Wallet,In-store,Khaled T.,0,3.0,False,False
ORD103883,2025-01-22,CUST0078,Ahmed Hassan,Alexandria,Consumer,Home & Kitchen,Vacuum Cleaner,2,3433.22,0.0,6866.44,3897.16,2969.28,Cash,In-store,Sara M.,0,5.0,False,False
ORD104921,2025-06-19,CUST0588,Nourhan Sherif,Aswan,SMB,GROCERIES,Rice 5kg,1,217.44,0.0,217.44,148.99,68.45,Cash,Online,Sara M.,1,3.0,False,False
ORD100766,2023-05-16,CUST0158,Salma Abdel Rahman,Mansoura,Consumer,Electronics,Bluetooth Speaker,2,935.44,0.0,1870.88,1113.72,757.16,Card,Phone,Nourhan S.,0,4.0,False,False
ORD100041,2023-01-08,CUST0502,Mahmoud Mahmoud,Giza,Consumer,Electronics,Bluetooth Speaker,1,929.9,0.0,929.9,532.5,397.4,Card,Online,,2,5.0,False,False
ORD104088,2025-02-17,CUST0502,Mahmoud Mahmoud,Giza,Consumer,Clothing,Women's Dress,2,893.74,0.0,1787.48,823.78,963.7,Card,Online,Nourhan S.,3,3.0,False,False
ORD105156,2025-08-06,CUST0442,Youssef Ibrahim,Mansoura,SMB,Home & Kitchen,Cookware Set,1,2186.89,0.0,2186.89,1274.6,912.29,Cash,Online,,1,5.0,False,False
ORD104699,2025-05-11,CUST0286,Tarek Aziz,Giza,SMB,Home & Kitchen,Coffee Maker,1,1487.22,0.0,1487.22,820.53,666.69,Card,Online,Omar F.,4,3.0,False,False
ORD104886,2025-06-13,CUST0009,Yasmin Abdel Rahman,Cairo,Consumer,Beauty,Skincare Set,2,743.57,0.0,1487.14,733.16,753.98,Installment,Phone,Youssef A.,0,4.0,False,False
ORD101293,2023-10-02,CUST0565,Yasmin Mostafa,Cairo,Consumer,Clothing,Women's Dress,1,887.97,0.0,887.97,418.62,469.35,Cash,In-store,Nourhan S.,0,4.0,False,False
ORD105732,2025-11-18,CUST0179,Ahmed Khalil,Cairo,Consumer,Clothing,Hoodie,1,599.61,0.0,599.61,302.76,296.85,Card,Online,,0,5.0,False,False
ORD100329,2023-03-12,CUST0128,Rania Aziz,Alexandria,Consumer,Beauty,Hair Dryer,2,969.23,0.0,1938.46,869.02,1069.44,Card,In-store,Youssef A.,0,5.0,False,False
ORD105344,2025-09-14,CUST0457,Laila Hassan,Cairo,Enterprise,Sports,Dumbbell Set,1,1779.01,0.0,1779.01,1066.94,712.07,Installment,Online,Khaled T.,5,3.0,False,False
ORD105767,2025-11-21,CUST0389,Adel Aziz,Giza,Enterprise,Clothing,Women's Dress,1,953.86,25.0,715.4,409.01,306.39,Card,Online,Omar F.,4,3.0,True,False
ORD100488,2023-04-04,CUST0462,Mona Farouk,Tanta,Enterprise,Sports,Football,2,380.7,0.0,761.4,365.18,396.22,Mobile Wallet,In-store,,0,4.0,False,False
ORD105669,2025-11-08,CUST0210,Dina Sherif,Alexandria,Consumer,Beauty,Hair Dryer,1,897.18,0.0,897.18,466.01,431.17,Card,In-store,Khaled T.,0,4.0,False,False
ORD103424,2024-11-16,CUST0072,Omar Ibrahim,Mansoura,Consumer,Electronics,Wireless Earbuds,5,1150.04,0.0,5750.2,3854.2,1896.0,Cash,Online,Sara M.,5,5.0,False,False
ORD104198,2025-03-02,CUST0372,Karim Sherif,Alexandria,SMB,Clothing,Hoodie,3,674.84,15.0,1720.84,944.04,776.8,Mobile Wallet,In-store,Nourhan S.,0,5.0,True,False
ORD101730,2023-12-29,CUST0180,Yasmin Farouk,Aswan,Consumer,Home & Kitchen,Coffee Maker,1,1495.37,0.0,1495.37,829.51,665.86,Cash,In-store,Mona K.,0,2.0,False,False
ORD102502,2024-05-09,CUST0410,Nourhan Abdel Rahman,Aswan,Enterprise,Home & Kitchen,Coffee Maker,1,1388.0,0.0,1388.0,833.93,554.07,Installment,Online,,7,5.0,False,False
ORD103513,2024-11-27,CUST0167,Tarek Sherif,Cairo,Consumer,Sports,Football,1,355.57,10.0,320.01,175.21,144.8,Card,In-store,Sara M.,0,5.0,True,False
ORD103043,2024-09-03,CUST0023,Mona Mostafa,Cairo,Consumer,Clothing,Hoodie,1,656.4,0.0,656.4,308.29,348.11,Card,In-store,Sara M.,0,2.0,False,False
ORD101058,2023-08-01,CUST0384,Heba Khalil,Cairo,Consumer,Electronics,Phone Case,1,238.7,0.0,238.7,92.91,145.79,Mobile Wallet,In-store,,0,5.0,False,False
ORD105490,2025-10-10,CUST0213,Khaled Mostafa,mansoura,Consumer,Groceries,Olive Oil 1L,1,264.35,5.0,251.13,178.67,72.46,Card,Online,Khaled T.,2,3.0,True,False
ORD102729,2024-06-18,CUST0456,Laila Mahmoud,Alexandria,Consumer,Sports,Dumbbell Set,1,1851.46,0.0,1851.46,1100.98,750.48,Cash,Online,Nourhan S.,2,5.0,False,False
ORD105562,2025-10-23,CUST0169,Sara Mostafa,Alexandria,Consumer,Clothing,Women's Dress,1,907.2,5.0,861.84,416.13,445.71,Card,In-store,Sara M.,0,4.0,True,False
ORD104815,2025-06-01,CUST0501,Hassan Abdel Rahman,Tanta,Consumer,Beauty,Makeup Kit,2,607.45,0.0,1214.9,523.86,691.04,Card,Online,,0,4.0,False,False
ORD105700,2025-11-13,CUST0263,Mahmoud El-Sayed,Tanta,SMB,Home & Kitchen,Blender,1,1114.12,0.0,1114.12,597.03,517.09,Cash,Online,Khaled T.,4,5.0,False,False
ORD103355,2024-11-04,CUST0586,Mona Ibrahim,Alexandria,Consumer,Clothing,Sneakers,1,1330.33,0.0,1330.33,721.23,609.1,Card,In-store,Mona K.,0,3.0,False,False
ORD104415,2025-03-26,CUST0379,Youssef Mostafa,Mansoura,SMB,Electronics,Bluetooth Speaker,1,946.5,0.0,946.5,531.62,414.88,Card,Online,Youssef A.,1,4.0,False,False
ORD100303,2023-03-09,CUST0371,Heba El-Sayed,Cairo,Consumer,Home & Kitchen,Coffee Maker,1,1392.68,15.0,1183.78,860.7,323.08,Card,In-store,Mona K.,0,1.0,True,False
ORD102001,2024-02-19,CUST0438,Ahmed Farouk,Mansoura,Consumer,Home & Kitchen,Vacuum Cleaner,1,2995.16,0.0,2995.16,1824.67,1170.49,Cash,Online,Omar F.,2,5.0,False,False
ORD103582,2024-12-02,CUST0276,Omar Aziz,Mansoura,Consumer,Electronics,Phone Case,1,245.48,0.0,245.48,88.64,156.84,Cash,In-store,Omar F.,0,,False,False
ORD104172,2025-02-27,CUST0146,Karim Ibrahim,Cairo,Consumer,Home & Kitchen,Blender,1,1167.26,0.0,1167.26,574.5,592.76,Card,Online,Sara M.,4,5.0,False,False
ORD105570,2025-10-23,CUST0583,Salma Farouk,Cairo,Consumer,Electronics,Phone Case,2,253.44,0.0,506.88,172.38,334.5,Mobile Wallet,In-store,Omar F.,0,5.0,False,False
ORD102104,2024-03-06,CUST0418,Nada Mostafa,Cairo,Consumer,Home & Kitchen,Coffee Maker,3,1441.17,0.0,4323.51,2675.55,1647.96,Cash,In-store,Khaled T.,0,3.0,False,False
ORD103198,2024-10-01,CUST0530,Adel Ibrahim,Alexandria,SMB,Electronics,Phone Case,1,266.6,0.0,266.6,87.09,179.51,Card,Online,Omar F.,1,5.0,False,False
ORD100969,2023-07-07,CUST0511,Hassan Hassan,Mansoura,Consumer,Home & Kitchen,Coffee Maker,1,1600.98,0.0,1600.98,845.05,755.93,Cash,Online,Omar F.,2,5.0,False,False
ORD103618,2024-12-09,CUST0509,Hassan Sherif,Giza,SMB,Beauty,Makeup Kit,2,580.33,0.0,1160.66,484.08,676.58,Installment,Online,,3,5.0,False,False
ORD105895,2025-12-01,CUST0544,Salma Mahmoud,Mansoura,Enterprise,Electronics,Power Bank,1,603.38,0.0,603.38,340.94,262.44,Card,Online,,1,3.0,False,False
ORD100437,2023-03-27,CUST0158,Salma Abdel Rahman,Mansoura,Consumer,Sports,Dumbbell Set,3,1736.32,15.0,4427.62,3448.56,979.06,Mobile Wallet,Phone,Omar F.,0,,True,False
ORD100876,2023-06-12,CUST0408,Khaled Aziz,Giza,Consumer,Sports,Dumbbell Set,2,1814.26,0.0,3628.52,2239.62,1388.9,Cash,Online,,1,5.0,False,False
ORD105879,2025-11-30,CUST0575,Adel Ibrahim,Alexandria,SMB,Beauty,Perfume,1,1323.08,10.0,1190.77,588.37,602.4,Installment,In-store,Khaled T.,0,4.0,True,False
ORD105500,2025-10-11,CUST0299,Rania Khalil,Cairo,Enterprise,Beauty,Makeup Kit,1,614.33,0.0,614.33,243.3,371.03,Card,In-store,Youssef A.,0,3.0,False,False
ORD102312,2024-04-01,CUST0003,Omar Sherif,Alexandria,Consumer,Clothing,Jeans,1,710.63,0.0,710.63,331.65,378.98,Mobile Wallet,Online,Khaled T.,7,5.0,False,False
ORD102642,2024-06-03,CUST0356,Nourhan Farouk,Cairo,Consumer,Home & Kitchen,Coffee Maker,1,1487.35,0.0,1487.35,833.97,653.38,Card,Online,Youssef A.,3,5.0,False,False
ORD100825,2023-05-30,CUST0171,Heba Hassan,Aswan,Consumer,CLOTHING,Sneakers,1,1406.63,0.0,1406.63,726.78,679.85,Card,Online,Youssef A.,1,3.0,False,False
ORD105325,2025-09-12,CUST0466,Nourhan Hassan,Alexandria,Consumer,Beauty,Skincare Set,1,739.56,0.0,739.56,344.46,395.1,Cash,In-store,Sara M.,0,5.0,False,False
ORD105918,2025-12-05,CUST0094,Sara Mahmoud,Alexandria,Consumer,Groceries,Honey Jar,1,334.83,0.0,334.83,195.4,139.43,Installment,Online,Khaled T.,0,5.0,False,False
ORD102848,2024-07-15,CUST0201,Amr Ibrahim,Mansoura,SMB,Beauty,Perfume,3,1245.67,20.0,2989.61,1731.12,1258.49,Card,Online,Nourhan S.,1,4.0,True,False
ORD100024,2023-01-05,CUST0582,Khaled Abdel Rahman,alexandria,Consumer,Electronics,Bluetooth Speaker,1,888.24,0.0,888.24,564.0,324.24,Card,Online,Mona K.,3,4.0,False,False
ORD104753,2025-05-21,CUST0159,Mona Sherif,Alexandria,SMB,Home & Kitchen,Coffee Maker,1,1388.4,0.0,1388.4,829.73,558.67,Mobile Wallet,In-store,Omar F.,0,5.0,False,False
ORD102920,2024-08-02,CUST0517,Omar Mostafa,Alexandria,Consumer,Electronics,Smart Watch,1,3449.81,0.0,3449.81,2106.31,1343.5,Mobile Wallet,In-store,Khaled T.,0,5.0,False,False
ORD104471,2025-04-01,CUST0579,Omar Aziz,tanta,Consumer,Clothing,Jeans,1,776.64,0.0,776.64,329.62,447.02,Cash,Phone,Nourhan S.,0,3.0,False,False
ORD102282,2024-03-28,CUST0467,Omar Hassan,giza,Consumer,Electronics,Smart Watch,3,3230.31,0.0,9690.93,6514.92,3176.01,Installment,Online,Omar F.,4,4.0,False,False
ORD102025,2024-02-24,CUST0559,Adel Hassan,Giza,Enterprise,Clothing,Women's Dress,3,905.12,0.0,2715.36,1209.57,1505.79,Mobile Wallet,Online,,3,4.0,False,False
ORD103273,2024-10-17,CUST0354,Karim Mostafa,Cairo,Consumer,Home & Kitchen,Vacuum Cleaner,1,3309.45,0.0,3309.45,1836.38,1473.07,Card,In-store,Khaled T.,0,4.0,False,False
ORD105443,2025-10-02,CUST0248,Karim Mostafa,Mansoura,Consumer,Beauty,Perfume,1,1245.42,0.0,1245.42,577.48,667.94,Card,Online,,1,,False,False
ORD103758,2025-01-03,CUST0154,Salma Aziz,Cairo,Consumer,Groceries,Honey Jar,1,339.85,0.0,339.85,206.44,133.41,Cash,Online,Sara M.,4,3.0,False,False
ORD105868,2025-11-29,CUST0578,Tarek Aziz,Cairo,Consumer,Groceries,Honey Jar,1,344.32,15.0,292.67,197.32,95.35,Mobile Wallet,In-store,Sara M.,0,3.0,True,False
ORD104955,2025-06-25,CUST0330,Heba Ibrahim,Cairo,SMB,Beauty,Perfume,2,1266.16,20.0,2025.86,1190.78,835.08,Cash,Phone,Youssef A.,0,4.0,True,False
ORD104306,2025-03-14,CUST0573,Heba Mahmoud,Cairo,Consumer,Beauty,Hair Dryer,1,863.82,0.0,863.82,459.91,403.91,Mobile Wallet,Online,Youssef A.,4,,False,False
ORD105208,2025-08-19,CUST0358,Amr Aziz,cairo,Consumer,Groceries,Olive Oil 1L,5,294.8,0.0,1474.0,856.45,617.55,Card,Online,Khaled T.,0,5.0,False,False
ORD105776,2025-11-22,CUST0359,Rania Abdel Rahman,Tanta,SMB,Sports,Yoga Mat,1,450.55,20.0,360.44,214.53,145.91,Cash,Online,Mona K.,5,4.0,True,False
ORD102406,2024-04-19,CUST0093,Nourhan Mahmoud,Giza,Consumer,Beauty,Perfume,1,1235.84,0.0,1235.84,603.51,632.33,Card,Online,,0,5.0,False,False
ORD104842,2025-06-05,CUST0373,Tarek Aziz,Cairo,Consumer,Electronics,Smart Watch,1,3617.44,0.0,3617.44,2152.81,1464.63,Mobile Wallet,Phone,Mona K.,0,4.0,False,False
ORD102355,2024-04-10,CUST0172,Amr El-Sayed,Giza,Consumer,Clothing,Jeans,2,713.77,10.0,1284.79,654.6,630.19,Card,Online,,1,4.0,True,False
ORD104580,2025-04-19,CUST0308,Nada Hassan,Cairo,SMB,Electronics,Smart Watch,2,3634.88,0.0,7269.76,4267.42,3002.34,Installment,Online,Nourhan S.,2,5.0,False,False
ORD105863,2025-11-29,CUST0159,Mona Sherif,Alexandria,SMB,Home & Kitchen,Air Fryer,2,2585.92,20.0,4137.47,3276.4,861.07,Card,In-store,Youssef A.,0,4.0,True,False
ORD105444,2025-10-02,CUST0589,Yasmin Mahmoud,Cairo,Consumer,Clothing,Men's T-Shirt,1,353.72,0.0,-353.72,142.85,-210.87,Mobile Wallet,Online,,4,5.0,False,True
ORD105459,2025-10-04,CUST0031,Dina Mostafa,aswan,Consumer,Clothing,Men's T-Shirt,2,376.25,0.0,752.5,314.14,438.36,Cash,Phone,Mona K.,0,1.0,False,False
ORD106049,2025-12-30,CUST0087,Karim Ibrahim,Tanta,Consumer,Clothing,Sneakers,2,1491.52,0.0,-2983.04,1365.86,-1617.18,Cash,Online,,2,5.0,False,True
ORD102997,2024-08-21,CUST0557,Omar Sherif,Giza,Enterprise,Groceries,Coffee 250g,1,173.25,0.0,173.25,99.57,73.68,Mobile Wallet,Online,Youssef A.,7,3.0,False,False
ORD104295,2025-03-13,CUST0099,Mahmoud Ibrahim,Giza,Enterprise,Sports,Football,1,386.46,0.0,386.46,177.77,208.69,Card,Online,,4,5.0,False,False
ORD104656,2025-05-03,CUST0310,Adel Farouk,Cairo,Consumer,Sports,Yoga Mat,1,416.63,0.0,416.63,214.44,202.19,Cash,Online,Khaled T.,2,,False,False
ORD103292,2024-10-20,CUST0142,Laila El-Sayed,Mansoura,Consumer,Electronics,Wireless Earbuds,1,1240.95,0.0,1240.95,778.44,462.51,Cash,Online,Omar F.,7,5.0,False,False
ORD101074,2023-08-06,CUST0571,Yasmin Khalil,Cairo,Consumer,Home & Kitchen,Vacuum Cleaner,1,2964.88,0.0,2964.88,1932.73,1032.15,Card,Online,Omar F.,3,5.0,False,False
ORD101062,2023-08-03,CUST0462,Mona Farouk,Tanta,Enterprise,Electronics,Bluetooth Speaker,1,1016.59,0.0,1016.59,565.9,450.69,Cash,Online,Khaled T.,3,4.0,False,False
ORD103259,2024-10-14,CUST0599,Mahmoud Khalil,Mansoura,Consumer,Clothing,Sneakers,2,1486.3,0.0,2972.6,1464.34,1508.26,Cash,Online,Sara M.,7,4.0,False,False
ORD101784,2024-01-06,CUST0095,Mahmoud Khalil,Aswan,Consumer,Clothing,Jeans,1,722.78,0.0,722.78,305.63,417.15,Mobile Wallet,Online,,2,5.0,False,False
ORD103721,2024-12-29,CUST0054,Yasmin Khalil,Cairo,SMB,Clothing,Hoodie,1,670.27,0.0,670.27,300.07,370.2,Installment,Online,Nourhan S.,0,2.0,False,False
ORD102439,2024-04-26,CUST0524,Hassan Ibrahim,Giza,Consumer,Clothing,Men's T-Shirt,2,370.43,0.0,740.86,309.8,431.06,Card,Online,,2,4.0,False,False
ORD105900,2025-12-03,CUST0018,Adel Mahmoud,Cairo,Consumer,Sports,Yoga Mat,1,447.98,0.0,447.98,213.21,234.77,Installment,In-store,Youssef A.,0,4.0,False,False
ORD105524,2025-10-16,CUST0402,Yasmin Hassan,aswan,Consumer,Electronics,Smart Watch,1,3439.8,0.0,-3439.8,2113.91,-1325.89,Card,Online,Youssef A.,3,3.0,False,True
ORD102858,2024-07-18,CUST0546,Youssef Khalil,Alexandria,Consumer,Beauty,Makeup Kit,1,581.79,0.0,581.79,246.87,334.92,Installment,In-store,Omar F.,0,1.0,False,False
ORD102694,2024-06-12,CUST0394,Karim Mostafa,Alexandria,SMB,Beauty,Perfume,2,1360.73,0.0,2721.46,1155.94,1565.52,Mobile Wallet,In-store,Sara M.,0,1.0,False,False
ORD101192,2023-09-10,CUST0013,Karim Sherif,Giza,Consumer,Home & Kitchen,Blender,3,1117.81,0.0,3353.43,1856.4,1497.03,Cash,In-store,Youssef A.,0,1.0,False,False
ORD101138,2023-08-27,CUST0194,Laila Farouk,Cairo,Consumer,Electronics,Phone Case,2,260.45,0.0,520.9,184.88,336.02,Card,Online,Youssef A.,7,5.0,False,False
ORD104434,2025-03-28,CUST0208,Khaled Mostafa,Cairo,Enterprise,Beauty,Skincare Set,2,800.05,0.0,1600.1,732.46,867.64,Cash,In-store,Sara M.,0,5.0,False,False
ORD102817,2024-07-07,CUST0206,Ahmed Farouk,Tanta,SMB,Electronics,Bluetooth Speaker,1,893.93,0.0,893.93,550.05,343.88,Cash,Online,Mona K.,3,5.0,False,False
ORD105001,2025-07-04,CUST0527,Omar Ibrahim,Cairo,Consumer,Clothing,Women's Dress,1,961.67,15.0,817.42,419.73,397.69,Card,In-store,Khaled T.,0,5.0,True,False
ORD103232,2024-10-09,CUST0297,Youssef Mahmoud,Cairo,Consumer,Electronics,Wireless Earbuds,1,1179.83,0.0,1179.83,766.69,413.14,Card,In-store,,0,3.0,False,False
ORD101433,2023-11-02,CUST0453,Sara Aziz,Giza,Consumer,Beauty,Makeup Kit,1,575.11,0.0,575.11,255.92,319.19,Card,Online,,3,5.0,False,False
ORD104181,2025-02-28,CUST0083,Nada Mahmoud,Aswan,SMB,Electronics,Smart Watch,1,3661.7,0.0,3661.7,2008.74,1652.96,Installment,Online,,5,2.0,False,False
ORD104228,2025-03-06,CUST0260,Dina Sherif,Alexandria,Consumer,Sports,Running Shoes,1,1544.78,0.0,1544.78,887.2,657.58,Mobile Wallet,Online,Khaled T.,1,5.0,False,False
ORD102952,2024-08-11,CUST0564,Mona Hassan,Alexandria,Consumer,Electronics,Smart Watch,1,3448.5,0.0,3448.5,2102.76,1345.74,Mobile Wallet,Online,Omar F.,3,4.0,False,False
ORD101793,2024-01-09,CUST0240,Salma Ibrahim,Mansoura,SMB,Home & Kitchen,Air Fryer,2,2676.66,0.0,5353.32,3497.68,1855.64,Mobile Wallet,Online,,2,5.0,False,False
ORD101874,2024-01-26,CUST0525,Nada Abdel Rahman,Cairo,SMB,Beauty,Perfume,1,1320.17,0.0,1320.17,608.59,711.58,Mobile Wallet,In-store,Mona K.,0,5.0,False,False
ORD102143,2024-03-12,CUST0402,Yasmin Hassan,Aswan,Consumer,Electronics,Bluetooth Speaker,1,925.5,5.0,879.22,556.45,322.77,Card,Online,,5,5.0,True,False
ORD102390,2024-04-16,CUST0341,Heba El-Sayed,Alexandria,Enterprise,Clothing,Jeans,2,794.34,0.0,1588.68,671.14,917.54,Cash,Online,,1,5.0,False,False
ORD101015,2023-07-21,CUST0202,Heba Mostafa,Alexandria,Consumer,Home & Kitchen,Blender,1,1175.11,0.0,1175.11,599.41,575.7,Cash,In-store,Youssef A.,0,4.0,False,False
ORD102988,2024-08-19,CUST0189,Khaled Sherif,Alexandria,Enterprise,Home & Kitchen,Coffee Maker,1,1583.38,0.0,1583.38,833.95,749.43,Cash,In-store,Mona K.,0,5.0,False,False
ORD100817,2023-05-27,CUST0308,Nada Hassan,Cairo,SMB,Home & Kitchen,Coffee Maker,1,1577.72,15.0,1341.06,824.45,516.61,Installment,In-store,Omar F.,0,5.0,True,False
ORD101984,2024-02-15,CUST0461,Amr Mahmoud,,SMB,Groceries,Honey Jar,2,309.25,0.0,618.5,396.14,222.36,Cash,Online,Youssef A.,3,4.0,False,False
ORD102978,2024-08-16,CUST0206,Ahmed Farouk,Tanta,SMB,Electronics,Power Bank,1,610.15,0.0,610.15,365.42,244.73,Card,Phone,Sara M.,0,4.0,False,False
ORD101645,2023-12-08,CUST0594,Tarek Ibrahim,Aswan,SMB,Sports,Yoga Mat,1,455.64,0.0,455.64,214.42,241.22,Mobile Wallet,In-store,Sara M.,0,4.0,False,False
ORD105486,2025-10-08,CUST0254,Khaled Hassan,Cairo,Consumer,Sports,Dumbbell Set,5,1768.32,0.0,8841.6,5699.9,3141.7,Mobile Wallet,Online,,5,4.0,False,False
ORD104301,2025-03-14,CUST0516,Karim Hassan,Cairo,Consumer,Home & Kitchen,Air Fryer,1,2653.33,0.0,2653.33,1773.92,879.41,Card,Online,,4,2.0,False,False
ORD100487,2023-04-04,CUST0030,Mona Abdel Rahman,Cairo,Consumer,Electronics,Power Bank,1,612.54,0.0,612.54,335.28,277.26,Card,Online,,5,,False,False
ORD104186,2025-03-01,CUST0110,Mahmoud Aziz,Giza,Consumer,Electronics,Phone Case,2,253.62,0.0,507.24,182.84,324.4,Cash,Online,Mona K.,4,4.0,False,False
ORD102046,2024-02-29,CUST0470,Nada Mahmoud,Cairo,Consumer,Clothing,Sneakers,1,1415.19,5.0,1344.43,676.39,668.04,Installment,In-store,Nourhan S.,0,3.0,True,False
ORD100005,2023-01-02,CUST0320,Youssef Ibrahim,Alexandria,Consumer,Home & Kitchen,Vacuum Cleaner,1,3250.36,0.0,3250.36,1861.48,1388.88,Mobile Wallet,Online,Khaled T.,5,2.0,False,False
ORD100063,2023-01-15,CUST0206,Ahmed Farouk,Tanta,SMB,Beauty,Hair Dryer,2,969.39,0.0,1938.78,911.52,1027.26,Card,Online,Nourhan S.,2,4.0,False,False
ORD104684,2025-05-09,CUST0188,Adel Sherif,Alexandria,Consumer,Electronics,Smart Watch,1,3471.28,0.0,3471.28,2004.71,1466.57,Mobile Wallet,In-store,Nourhan S.,0,4.0,False,False
ORD104910,2025-06-18,CUST0228,Karim Sherif,Alexandria,SMB,ELECTRONICS,Bluetooth Speaker,1,934.0,0.0,934.0,554.57,379.43,Cash,Online,,5,3.0,False,False
ORD105454,2025-10-03,CUST0226,Adel El-Sayed,Alexandria,SMB,Groceries,Honey Jar,1,322.8,15.0,274.38,204.68,69.7,Card,In-store,Omar F.,0,3.0,True,False
ORD104316,2025-03-15,CUST0566,Khaled Farouk,Alexandria,Consumer,Home & Kitchen,Cookware Set,1,2145.03,0.0,2145.03,1353.77,791.26,Mobile Wallet,Online,,1,2.0,False,False
ORD104246,2025-03-08,CUST0553,Heba Mostafa,Cairo,Consumer,Clothing,Hoodie,3,646.92,0.0,1940.76,920.94,1019.82,Cash,Online,Mona K.,7,5.0,False,False
ORD105273,2025-09-01,CUST0537,Nourhan Hassan,Cairo,Consumer,Electronics,Bluetooth Speaker,2,909.34,0.0,1818.68,1120.04,698.64,Cash,Online,Youssef A.,1,3.0,False,False
ORD100838,2023-06-03,CUST0017,Youssef Farouk,Cairo,Consumer,Clothing,Sneakers,1,1363.28,0.0,1363.28,676.88,686.4,Cash,In-store,Sara M.,0,5.0,False,False
ORD102356,2024-04-10,CUST0378,Laila Ibrahim,Mansoura,SMB,Sports,Running Shoes,2,1636.14,0.0,3272.28,1774.3,1497.98,Mobile Wallet,In-store,Khaled T.,0,3.0,False,False
ORD105521,2025-10-15,CUST0242,Khaled Ibrahim,Giza,Consumer,Sports,Football,1,405.85,0.0,405.85,179.43,226.42,Installment,Online,,3,3.0,False,False
ORD105440,2025-10-01,CUST0052,Ahmed Mahmoud,alexandria,SMB,Beauty,Perfume,5,1277.53,0.0,6387.65,2899.3,3488.35,Mobile Wallet,Online,Sara M.,0,3.0,False,False
ORD102919,2024-08-02,CUST0387,Heba El-Sayed,Giza,Consumer,Home & Kitchen,Cookware Set,1,2183.21,0.0,2183.21,1243.18,940.03,Card,Online,,3,3.0,False,False
ORD100302,2023-03-09,CUST0295,Salma Aziz,Cairo,SMB,Electronics,Smart Watch,2,3296.19,0.0,6592.38,4341.16,2251.22,Card,Online,Nourhan S.,1,4.0,False,False
ORD105168,2025-08-09,CUST0447,Youssef Ibrahim,Cairo,SMB,Home & Kitchen,Cookware Set,2,2303.56,0.0,4607.12,2677.74,1929.38,Cash,In-store,Nourhan S.,0,4.0,False,False
ORD103455,2024-11-22,CUST0564,Mona Hassan,Alexandria,Consumer,ELECTRONICS,Smart Watch,1,3757.47,20.0,3005.98,2194.53,811.45,Card,In-store,Nourhan S.,0,5.0,True,False
ORD102556,2024-05-19,CUST0236,Sara Sherif,Cairo,SMB,Electronics,Wireless Earbuds,1,1200.19,0.0,1200.19,781.48,418.71,Cash,In-store,Youssef A.,0,5.0,False,False
ORD105250,2025-08-28,CUST0407,Tarek Abdel Rahman,Aswan,Consumer,Electronics,Wireless Earbuds,1,1236.46,0.0,1236.46,735.85,500.61,Cash,Online,,1,5.0,False,False
ORD102846,2024-07-15,CUST0439,Hassan Ibrahim,Alexandria,Consumer,Beauty,Perfume,1,1259.61,0.0,1259.61,606.51,653.1,Installment,Phone,Sara M.,0,4.0,False,False
ORD105678,2025-11-09,CUST0234,Salma Khalil,Cairo,Consumer,Clothing,Hoodie,2,619.23,0.0,1238.46,594.68,643.78,Card,In-store,Omar F.,0,5.0,False,False
ORD100324,2023-03-11,CUST0334,Laila Mahmoud,Alexandria,SMB,Home & Kitchen,Blender,5,1121.54,0.0,5607.7,2979.3,2628.4,Cash,Online,,2,5.0,False,False
ORD104087,2025-02-17,CUST0466,Nourhan Hassan,Alexandria,Consumer,Home & Kitchen,Cookware Set,2,2131.34,0.0,4262.68,2499.46,1763.22,Cash,Online,Mona K.,2,5.0,False,False
ORD101454,2023-11-08,CUST0238,Youssef Ibrahim,Giza,Consumer,Groceries,Coffee 250g,1,191.9,0.0,191.9,95.22,96.68,Card,Online,,2,3.0,False,False
ORD106029,2025-12-27,CUST0102,Nada Mostafa,Cairo,Enterprise,Electronics,Phone Case,2,262.66,0.0,525.32,185.42,339.9,Cash,In-store,Sara M.,0,4.0,False,False
ORD101096,2023-08-17,CUST0274,Rania Ibrahim,Cairo,Consumer,Electronics,Phone Case,1,241.88,0.0,241.88,90.69,151.19,Cash,In-store,Youssef A.,0,3.0,False,False
ORD104789,2025-05-26,CUST0503,Ahmed Farouk,Aswan,Consumer,Electronics,Wireless Earbuds,1,1155.63,0.0,1155.63,726.38,429.25,Card,In-store,Nourhan S.,0,5.0,False,False
ORD101425,2023-11-01,CUST0019,Hassan Mahmoud,Mansoura,Enterprise,Sports,Football,1,386.4,0.0,386.4,187.3,199.1,Mobile Wallet,In-store,Mona K.,0,4.0,False,False
ORD103769,2025-01-03,CUST0133,Sara Ibrahim,Mansoura,Enterprise,Electronics,Power Bank,1,574.95,0.0,574.95,360.6,214.35,Card,Phone,Omar F.,0,4.0,False,False
ORD102050,2024-03-01,CUST0333,Laila El-Sayed,alexandria,Consumer,Home & Kitchen,Air Fryer,1,2784.21,0.0,2784.21,1751.24,1032.97,Card,In-store,Youssef A.,0,5.0,False,False
ORD103334,2024-10-29,CUST0329,Heba Aziz,Mansoura,Consumer,Clothing,Hoodie,2,696.1,0.0,-1392.2,627.96,-764.24,Cash,Online,Khaled T.,1,3.0,False,True
ORD103575,2024-12-01,CUST0331,Adel Mostafa,Cairo,Consumer,Home & Kitchen,Air Fryer,2,141163.5,0.0,282327.0,3316.72,2329.82,Card,In-store,Khaled T.,0,2.0,False,False
ORD101190,2023-09-09,CUST0009,Yasmin Abdel Rahman,Cairo,Consumer,Home & Kitchen,Cookware Set,1,2334.48,0.0,2334.48,1242.14,1092.34,Cash,In-store,Sara M.,0,3.0,False,False
ORD103041,2024-09-03,CUST0373,Tarek Aziz,Cairo,Consumer,Groceries,Olive Oil 1L,1,278.93,0.0,278.93,171.9,107.03,Cash,Online,,4,4.0,False,False
ORD100304,2023-03-10,CUST0326,Khaled Sherif,Cairo,Consumer,Clothing,Jeans,1,773.69,0.0,773.69,324.57,449.12,Installment,In-store,Mona K.,0,5.0,False,False
ORD100583,2023-04-16,CUST0244,Youssef Aziz,Tanta,Consumer,Sports,Running Shoes,1,1581.52,0.0,1581.52,824.29,757.23,Card,Online,Youssef A.,3,4.0,False,False
ORD102746,2024-06-22,CUST0162,Ahmed Aziz,Giza,Enterprise,Home & Kitchen,Blender,1,1159.85,0.0,1159.85,626.19,533.66,Card,Online,,1,4.0,False,False
ORD104736,2025-05-17,CUST0120,Youssef Hassan,Giza,SMB,Home & Kitchen,Cookware Set,1,2156.0,0.0,2156.0,1297.56,858.44,Mobile Wallet,Phone,Khaled T.,0,5.0,False,False
ORD103156,2024-09-23,CUST0278,Sara Abdel Rahman,Aswan,Consumer,Beauty,Makeup Kit,1,618.9,0.0,618.9,250.14,368.76,Mobile Wallet,In-store,Sara M.,0,2.0,False,False
ORD100135,2023-01-31,CUST0262,Khaled Hassan,Cairo,Enterprise,Groceries,Coffee 250g,1,166.76,0.0,166.76,100.88,65.88,Installment,In-store,Youssef A.,0,3.0,False,False
ORD105289,2025-09-05,CUST0063,Nada Mostafa,Cairo,Consumer,Electronics,Wireless Earbuds,1,1160.23,0.0,1160.23,773.23,387.0,Card,Online,Youssef A.,3,4.0,False,False
ORD100952,2023-07-02,CUST0199,Khaled Abdel Rahman,Cairo,Consumer,Beauty,Skincare Set,2,769.94,0.0,1539.88,666.18,873.7,Mobile Wallet,In-store,Omar F.,0,2.0,False,False
ORD105986,2025-12-18,CUST0016,Nada Aziz,Mansoura,Consumer,Clothing,Jeans,1,786.96,0.0,786.96,308.04,478.92,Cash,Online,,5,4.0,False,False
ORD105013,2025-07-06,CUST0351,Karim Farouk,,SMB,Beauty,Makeup Kit,2,556.07,0.0,1112.14,505.54,606.6,Cash,In-store,Mona K.,0,4.0,False,False
ORD103633,2024-12-12,CUST0566,Khaled Farouk,Alexandria,Consumer,Electronics,Phone Case,1,241.79,0.0,241.79,86.14,155.65,Cash,In-store,Nourhan S.,0,5.0,False,False
ORD104310,2025-03-15,CUST0365,Adel Hassan,Alexandria,Consumer,Home & Kitchen,Coffee Maker,1,1600.47,0.0,1600.47,886.38,714.09,Card,In-store,Youssef A.,0,3.0,False,False
ORD101141,2023-08-27,CUST0103,Adel Sherif,Giza,Consumer,Home & Kitchen,Vacuum Cleaner,5,3044.61,0.0,15223.05,9582.4,5640.65,Cash,Online,,1,5.0,False,False
ORD103234,2024-10-09,CUST0361,Sara Khalil,Cairo,Consumer,Electronics,Wireless Earbuds,1,1113.53,0.0,1113.53,741.09,372.44,Mobile Wallet,In-store,Nourhan S.,0,5.0,False,False
ORD102035,2024-02-28,CUST0366,Khaled El-Sayed,Alexandria,Consumer,Sports,Yoga Mat,1,421.24,15.0,358.05,217.52,140.53,Card,Online,Omar F.,3,5.0,True,False
ORD100388,2023-03-20,CUST0449,Laila Aziz,Alexandria,Consumer,Home & Kitchen,Blender,5,1039.9,0.0,5199.5,2996.25,2203.25,Cash,Online,Khaled T.,2,3.0,False,False
ORD102866,2024-07-19,CUST0199,Khaled Abdel Rahman,Cairo,Consumer,Groceries,Olive Oil 1L,1,291.84,0.0,291.84,174.25,117.59,Card,In-store,Sara M.,0,5.0,False,False
ORD101187,2023-09-09,CUST0120,Youssef Hassan,Giza,SMB,Groceries,Coffee 250g,1,171.05,0.0,171.05,100.34,70.71,Cash,In-store,Nourhan S.,0,4.0,False,False
ORD102823,2024-07-10,CUST0433,Salma Khalil,Alexandria,Consumer,Beauty,Hair Dryer,1,895.74,0.0,895.74,442.09,453.65,Cash,Phone,Khaled T.,0,5.0,False,False
ORD102865,2024-07-19,CUST0488,Nourhan Khalil,Alexandria,Enterprise,Electronics,Wireless Earbuds,1,1199.67,0.0,1199.67,769.93,429.74,Mobile Wallet,Online,Mona K.,2,4.0,False,False
ORD100422,2023-03-25,CUST0434,Dina Farouk,Alexandria,Consumer,Home & Kitchen,Air Fryer,1,2582.15,0.0,2582.15,1771.64,810.51,Cash,In-store,Omar F.,0,4.0,False,False
ORD105084,2025-07-24,CUST0005,Mahmoud Khalil,Alexandria,Consumer,Electronics,Power Bank,2,593.01,15.0,1008.12,707.58,300.54,Mobile Wallet,In-store,Khaled T.,0,5.0,True,False
ORD103302,2024-10-22,CUST0012,Yasmin Aziz,Cairo,Consumer,Beauty,Perfume,2,1206.72,0.0,2413.44,1219.22,1194.22,Cash,In-store,Nourhan S.,0,5.0,False,False
ORD105184,2025-08-13,CUST0442,Youssef Ibrahim,Mansoura,SMB,Electronics,Smart Watch,1,3706.32,25.0,2779.74,2175.5,604.24,Mobile Wallet,Online,Khaled T.,1,,True,False
ORD101361,2023-10-20,CUST0285,Ahmed Hassan,Mansoura,Consumer,Electronics,Smart Watch,1,3293.38,15.0,2799.37,2177.84,621.53,Cash,Online,Nourhan S.,5,,True,False
ORD101468,2023-11-12,CUST0117,Rania Farouk,Giza,Consumer,Home & Kitchen,Coffee Maker,1,1401.75,0.0,1401.75,886.55,515.2,Card,In-store,Mona K.,0,5.0,False,False
ORD100920,2023-06-25,CUST0008,Mona Khalil,Cairo,SMB,Home & Kitchen,Vacuum Cleaner,5,3357.54,0.0,16787.7,9699.35,7088.35,Cash,In-store,Sara M.,0,2.0,False,False
ORD105155,2025-08-06,CUST0010,Mona Farouk,Cairo,Consumer,Clothing,Hoodie,1,679.47,0.0,679.47,306.96,372.51,Cash,In-store,Mona K.,0,5.0,False,False
ORD103169,2024-09-25,CUST0038,Rania El-Sayed,Mansoura,Consumer,Beauty,Skincare Set,1,789.03,0.0,789.03,348.71,440.32,Cash,Online,,0,3.0,False,False
ORD101742,2023-12-30,CUST0114,Rania Aziz,Tanta,SMB,Clothing,Hoodie,1,696.41,0.0,696.41,301.83,394.58,Card,Online,,7,4.0,False,False
ORD103658,2024-12-17,CUST0097,Khaled Mostafa,Mansoura,SMB,Electronics,Smart Watch,1,3644.62,0.0,3644.62,2139.83,1504.79,Card,In-store,Khaled T.,0,3.0,False,False
ORD105980,2025-12-17,CUST0300,Nourhan Khalil,Cairo,Enterprise,Beauty,Skincare Set,1,859.43,0.0,859.43,349.85,509.58,Cash,In-store,Mona K.,0,1.0,False,False
ORD101357,2023-10-19,CUST0039,Amr Farouk,Mansoura,Consumer,Electronics,Bluetooth Speaker,1,936.25,0.0,936.25,572.42,363.83,Mobile Wallet,Online,Mona K.,1,3.0,False,False
ORD102157,2024-03-13,CUST0143,Ahmed Ibrahim,Alexandria,Consumer,Beauty,Perfume,2,1320.68,0.0,2641.36,1206.38,1434.98,Mobile Wallet,In-store,Sara M.,0,2.0,False,False
ORD103085,2024-09-10,CUST0390,Khaled Sherif,Aswan,Enterprise,Beauty,Makeup Kit,1,600.57,0.0,600.57,250.93,349.64,Installment,In-store,Omar F.,0,4.0,False,False
ORD103681,2024-12-22,CUST0506,Adel Khalil,Mansoura,Consumer,Electronics,Smart Watch,2,3298.68,0.0,6597.36,4240.0,2357.36,Cash,Online,,1,,False,False
ORD104076,2025-02-17,CUST0088,Mona El-Sayed,Mansoura,Consumer,Groceries,Honey Jar,1,310.65,5.0,295.12,193.19,101.93,Mobile Wallet,In-store,Omar F.,0,5.0,True,False
ORD105375,2025-09-19,CUST0319,Mona Aziz,Giza,Consumer,Home & Kitchen,Air Fryer,3,2912.37,0.0,8737.11,5018.61,3718.5,Card,In-store,Mona K.,0,5.0,False,False
ORD102086,2024-03-04,CUST0061,Dina Hassan,Aswan,Consumer,Home & Kitchen,Vacuum Cleaner,1,3407.26,0.0,3407.26,1826.52,1580.74,Card,In-store,Sara M.,0,5.0,False,False
ORD101370,2023-10-22,CUST0450,Khaled Hassan,Tanta,Consumer,Sports,Running Shoes,1,1705.74,0.0,1705.74,844.64,861.1,Card,Online,Nourhan S.,7,2.0,False,False
ORD101123,2023-08-25,CUST0140,Heba Abdel Rahman,Cairo,Consumer,Clothing,Hoodie,2,648.28,0.0,1296.56,619.96,676.6,Card,Phone,Khaled T.,0,4.0,False,False
ORD102028,2024-02-26,CUST0260,Dina Sherif,Alexandria,Consumer,Electronics,Bluetooth Speaker,2,956.16,0.0,1912.32,1080.34,831.98,Card,Online,Khaled T.,3,5.0,False,False
ORD101182,2023-09-08,CUST0572,Karim Sherif,Alexandria,SMB,Beauty,Skincare Set,1,840.62,0.0,840.62,340.72,499.9,Cash,Online,Mona K.,1,1.0,False,False
ORD103407,2024-11-13,CUST0419,Amr Abdel Rahman,Alexandria,Consumer,Beauty,Skincare Set,2,744.84,0.0,1489.68,725.32,764.36,Cash,Phone,Nourhan S.,0,3.0,False,False
ORD101099,2023-08-18,CUST0242,Khaled Ibrahim,Giza,Consumer,Clothing,Women's Dress,2,933.92,5.0,1774.45,825.16,949.29,Mobile Wallet,In-store,Sara M.,0,3.0,True,False
ORD101290,2023-10-02,CUST0570,Nada Sherif,Cairo,SMB,Electronics,Wireless Earbuds,3,1231.13,0.0,3693.39,2252.85,1440.54,Card,In-store,Nourhan S.,0,5.0,False,False
ORD100879,2023-06-13,CUST0146,Karim Ibrahim,Cairo,Consumer,Clothing,Men's T-Shirt,2,365.95,0.0,731.9,312.88,419.02,Card,In-store,Omar F.,0,,False,False
ORD104094,2025-02-18,CUST0178,Mahmoud Farouk,Alexandria,Consumer,Beauty,Perfume,1,1279.06,0.0,1279.06,607.5,671.56,Card,In-store,Sara M.,0,5.0,False,False
ORD103734,2024-12-30,CUST0052,Ahmed Mahmoud,Alexandria,SMB,Clothing,Jeans,1,764.46,0.0,764.46,304.41,460.05,Mobile Wallet,In-store,Khaled T.,0,3.0,False,False
ORD103528,2024-11-28,CUST0112,Dina Hassan,Alexandria,Consumer,Clothing,Women's Dress,1,848.39,20.0,678.71,385.15,293.56,Card,Online,,2,5.0,True,False
ORD105910,2025-12-04,CUST0200,Heba Farouk,Mansoura,Consumer,Home & Kitchen,Air Fryer,2,2857.25,0.0,5714.5,3463.02,2251.48,Card,Online,Nourhan S.,0,3.0,False,False
ORD103541,2024-11-29,CUST0415,Laila Farouk,Cairo,Consumer,Electronics,Power Bank,1,627.61,20.0,502.09,347.26,154.83,Mobile Wallet,In-store,Nourhan S.,0,1.0,True,False
ORD106008,2025-12-21,CUST0205,Omar Mostafa,Alexandria,Consumer,Beauty,Perfume,1,1252.75,0.0,1252.75,619.18,633.57,Card,In-store,Khaled T.,0,4.0,False,False
ORD103637,2024-12-13,CUST0440,Hassan Khalil,Giza,SMB,Home & Kitchen,Blender,1,1136.05,0.0,1136.05,607.76,528.29,Cash,Online,Youssef A.,4,4.0,False,False
ORD102379,2024-04-14,CUST0511,Hassan Hassan,Mansoura,Consumer,Home & Kitchen,Coffee Maker,1,1383.55,0.0,1383.55,824.46,559.09,Cash,In-store,Youssef A.,0,4.0,False,False
ORD100936,2023-06-28,CUST0138,Youssef Ibrahim,tanta,Consumer,Clothing,Men's T-Shirt,1,369.52,0.0,369.52,153.88,215.64,Card,Online,Youssef A.,7,1.0,False,False
ORD102963,2024-08-14,CUST0102,Nada Mostafa,Cairo,Enterprise,Home & Kitchen,Coffee Maker,1,1547.45,0.0,1547.45,844.25,703.2,Cash,In-store,Sara M.,0,5.0,False,False
ORD100704,2023-05-05,CUST0089,Khaled Ibrahim,Tanta,Consumer,Clothing,Hoodie,1,601.34,0.0,601.34,289.0,312.34,Card,In-store,Mona K.,0,5.0,False,False
ORD100306,2023-03-10,CUST0280,Omar Sherif,Alexandria,Consumer,Beauty,Perfume,1,1279.4,0.0,1279.4,591.04,688.36,Mobile Wallet,Online,,3,5.0,False,False
ORD105434,2025-09-30,CUST0255,Yasmin Aziz,Tanta,Consumer,Beauty,Perfume,1,1345.3,0.0,1345.3,599.93,745.37,Mobile Wallet,In-store,Nourhan S.,0,5.0,False,False
ORD100381,2023-03-19,CUST0271,Mona Farouk,aswan,Consumer,Sports,Dumbbell Set,2,1839.15,0.0,3678.3,2282.5,1395.8,Installment,Online,Nourhan S.,1,4.0,False,False
ORD101193,2023-09-10,CUST0451,Khaled Farouk,Cairo,Consumer,Sports,Yoga Mat,1,429.71,0.0,429.71,210.09,219.62,Cash,Online,,2,4.0,False,False
ORD103359,2024-11-05,CUST0183,Amr Hassan,Aswan,SMB,Groceries,Coffee 250g,1,186.72,10.0,168.05,101.61,66.44,Cash,In-store,Sara M.,0,4.0,True,False
ORD101919,2024-02-02,CUST0052,Ahmed Mahmoud,Alexandria,SMB,Electronics,Smart Watch,1,3690.58,0.0,3690.58,2196.92,1493.66,Card,Online,Khaled T.,2,3.0,False,False
ORD100639,2023-04-24,CUST0562,Amr Farouk,Cairo,Consumer,Clothing,Women's Dress,1,966.65,0.0,966.65,380.97,585.68,Mobile Wallet,In-store,Youssef A.,0,,False,False
ORD100810,2023-05-26,CUST0031,Dina Mostafa,Aswan,Consumer,Beauty,Perfume,1,1311.82,0.0,1311.82,580.28,731.54,Cash,In-store,Omar F.,0,4.0,False,False
ORD103103,2024-09-13,CUST0436,Tarek Khalil,Cairo,Consumer,Clothing,Hoodie,1,600.45,0.0,600.45,311.07,289.38,Cash,Online,,1,1.0,False,False
ORD105135,2025-08-02,CUST0089,Khaled Ibrahim,Tanta,Consumer,Electronics,Phone Case,1,236.04,0.0,236.04,92.0,144.04,Cash,In-store,Khaled T.,0,3.0,False,False
ORD103492,2024-11-25,CUST0042,Omar Aziz,Aswan,SMB,Electronics,Bluetooth Speaker,1,979.87,5.0,930.88,537.33,393.55,Card,Phone,Mona K.,0,4.0,True,False
ORD103261,2024-10-15,CUST0080,Amr Abdel Rahman,Alexandria,SMB,Home & Kitchen,Coffee Maker,2,1581.82,0.0,3163.64,1684.94,1478.7,Card,In-store,Nourhan S.,0,1.0,False,False
ORD102701,2024-06-13,CUST0021,Heba El-Sayed,Alexandria,SMB,Electronics,Wireless Earbuds,3,1130.42,25.0,2543.45,2357.7,185.75,Card,In-store,Youssef A.,0,5.0,True,False
ORD101704,2023-12-24,CUST0273,Adel Khalil,Tanta,Enterprise,Clothing,Men's T-Shirt,1,348.13,0.0,348.13,155.05,193.08,Card,Online,Youssef A.,7,5.0,False,False
ORD104533,2025-04-12,CUST0261,Omar Sherif,Giza,Consumer,Electronics,Phone Case,1,258.73,0.0,258.73,86.72,172.01,Mobile Wallet,In-store,Mona K.,0,,False,False
ORD100234,2023-02-24,CUST0151,Youssef Ibrahim,Cairo,Consumer,Sports,Yoga Mat,1,450.2,0.0,450.2,227.47,222.73,Cash,Online,Khaled T.,1,3.0,False,False
ORD102052,2024-03-01,CUST0218,Yasmin El-Sayed,Tanta,Consumer,Sports,Football,2,375.38,0.0,750.76,350.98,399.78,Cash,Online,,4,3.0,False,False
ORD106050,2025-12-30,CUST0177,Amr Abdel Rahman,Alexandria,SMB,Clothing,Women's Dress,1,877.15,0.0,877.15,395.04,482.11,Mobile Wallet,In-store,Mona K.,0,4.0,False,False
ORD100885,2023-06-14,CUST0221,Mahmoud Farouk,alexandria,Consumer,Clothing,Jeans,2,770.37,0.0,1540.74,659.12,881.62,Cash,Online,Omar F.,3,4.0,False,False
ORD104943,2025-06-23,CUST0027,Heba Ibrahim,Cairo,Consumer,Home & Kitchen,Vacuum Cleaner,2,3357.61,0.0,6715.22,3631.76,3083.46,Mobile Wallet,Phone,Youssef A.,0,4.0,False,False
ORD103779,2025-01-04,CUST0500,Adel Khalil,Cairo,SMB,Clothing,Women's Dress,1,831.81,0.0,831.81,402.19,429.62,Card,Online,Khaled T.,1,5.0,False,False
ORD105058,2025-07-17,CUST0066,Tarek Mahmoud,Alexandria,Consumer,Clothing,Women's Dress,1,834.1,0.0,834.1,382.5,451.6,Card,Online,Omar F.,2,4.0,False,False
ORD102636,2024-06-01,CUST0169,Sara Mostafa,alexandria,Consumer,Sports,Dumbbell Set,1,1709.52,0.0,1709.52,1061.58,647.94,Cash,In-store,Omar F.,0,1.0,False,False
ORD103437,2024-11-20,CUST0286,Tarek Aziz,Giza,SMB,Groceries,Coffee 250g,1,181.71,10.0,163.54,96.14,67.4,Cash,Phone,Nourhan S.,0,5.0,True,False
ORD105848,2025-11-28,CUST0531,Tarek Khalil,Alexandria,Consumer,Beauty,Perfume,1,1310.72,10.0,1179.65,573.24,606.41,Mobile Wallet,Phone,Nourhan S.,0,,True,False
ORD100008,2023-01-02,CUST0533,Ahmed Hassan,Giza,SMB,Beauty,Makeup Kit,2,613.4,0.0,1226.8,508.82,717.98,Card,In-store,Omar F.,0,5.0,False,False
ORD103855,2025-01-16,CUST0016,Nada Aziz,mansoura,Consumer,Electronics,Wireless Earbuds,1,1219.22,0.0,1219.22,781.71,437.51,Cash,Online,Khaled T.,0,3.0,False,False
ORD103802,2025-01-08,CUST0583,Salma Farouk,Cairo,Consumer,Home & Kitchen,Blender,2,1180.0,0.0,2360.0,1151.54,1208.46,Cash,In-store,Youssef A.,0,5.0,False,False
ORD102845,2024-07-15,CUST0022,Hassan Sherif,Giza,Consumer,Beauty,Skincare Set,1,817.26,0.0,817.26,366.75,450.51,Mobile Wallet,In-store,Khaled T.,0,1.0,False,False
ORD105782,2025-11-23,CUST0331,Adel Mostafa,Cairo,Consumer,Groceries,Rice 5kg,2,204.18,10.0,367.52,311.36,56.16,Mobile Wallet,Online,,2,5.0,True,False
ORD103065,2024-09-07,CUST0398,Amr Mostafa,Alexandria,Consumer,Clothing,Sneakers,1,1365.39,0.0,1365.39,712.26,653.13,Card,In-store,Sara M.,0,5.0,False,False
ORD101869,2024-01-25,CUST0210,Dina Sherif,Alexandria,Consumer,Beauty,Hair Dryer,2,965.89,0.0,1931.78,870.56,1061.22,Card,In-store,Khaled T.,0,5.0,False,False
ORD101217,2023-09-16,CUST0502,Mahmoud Mahmoud,Giza,Consumer,Groceries,Coffee 250g,1,181.31,0.0,181.31,101.92,79.39,Mobile Wallet,Phone,Mona K.,0,4.0,False,False
ORD105611,2025-10-30,CUST0369,Khaled Aziz,Tanta,SMB,Groceries,Coffee 250g,5,189.5,5.0,900.12,497.2,402.92,Cash,In-store,Khaled T.,0,5.0,True,False
ORD105828,2025-11-27,CUST0105,Nada Mahmoud,Cairo,Consumer,Clothing,Women's Dress,1,859.6,10.0,773.64,405.82,367.82,Cash,In-store,Youssef A.,0,4.0,True,False
ORD103370,2024-11-08,CUST0421,Nourhan Hassan,Mansoura,SMB,Electronics,Power Bank,2,617.44,0.0,1234.88,665.82,569.06,Mobile Wallet,Online,Khaled T.,0,5.0,False,False
ORD105461,2025-10-04,CUST0137,Laila Mahmoud,Aswan,Consumer,Groceries,Coffee 250g,1,177.62,0.0,177.62,100.62,77.0,Mobile Wallet,Online,Mona K.,3,4.0,False,False
ORD100300,2023-03-08,CUST0403,Dina Aziz,Cairo,Consumer,Electronics,Bluetooth Speaker,1,988.96,10.0,890.06,552.18,337.88,Cash,In-store,Khaled T.,0,5.0,True,False
ORD100682,2023-04-29,CUST0051,Yasmin El-Sayed,Cairo,Enterprise,Home & Kitchen,Blender,2,1138.37,0.0,2276.74,1253.24,1023.5,Installment,In-store,Khaled T.,0,,False,False
ORD104984,2025-06-30,CUST0216,Mona Ibrahim,Giza,SMB,Sports,Football,1,374.68,0.0,374.68,188.74,185.94,Mobile Wallet,In-store,Youssef A.,0,2.0,False,False
ORD103583,2024-12-02,CUST0047,Ahmed Farouk,Tanta,Consumer,Electronics,Power Bank,1,27601.5,0.0,27601.5,346.09,205.94,Card,In-store,Sara M.,0,3.0,False,False
ORD105864,2025-11-29,CUST0255,Yasmin Aziz,Tanta,Consumer,Groceries,Honey Jar,1,314.19,15.0,267.06,191.83,75.23,Mobile Wallet,Online,,5,5.0,True,False
ORD102094,2024-03-05,CUST0194,Laila Farouk,Cairo,Consumer,Electronics,Phone Case,2,252.99,0.0,505.98,188.24,317.74,Card,Online,,1,5.0,False,False
ORD103613,2024-12-08,CUST0108,Omar El-Sayed,Cairo,SMB,Clothing,Jeans,1,763.01,0.0,763.01,310.62,452.39,Card,Online,Youssef A.,4,2.0,False,False
ORD104489,2025-04-04,CUST0132,Youssef Aziz,Cairo,Consumer,Sports,Football,1,377.85,0.0,377.85,176.01,201.84,Mobile Wallet,Online,Nourhan S.,2,4.0,False,False
ORD102186,2024-03-17,CUST0465,Adel Abdel Rahman,Giza,Consumer,Clothing,Hoodie,1,629.07,0.0,629.07,299.57,329.5,Card,In-store,Khaled T.,0,2.0,False,False
ORD102594,2024-05-25,CUST0525,Nada Abdel Rahman,Cairo,SMB,Electronics,Phone Case,1,257.62,0.0,257.62,86.18,171.44,Cash,In-store,Youssef A.,0,4.0,False,False
ORD103108,2024-09-14,CUST0256,Nada Farouk,Cairo,Consumer,Sports,Running Shoes,1,1639.44,0.0,1639.44,874.51,764.93,Mobile Wallet,Online,Omar F.,1,4.0,False,False
ORD103606,2024-12-07,CUST0381,Heba Sherif,Giza,Consumer,Electronics,Phone Case,1,232.67,0.0,232.67,89.1,143.57,Mobile Wallet,Online,,0,4.0,False,False
ORD105286,2025-09-04,CUST0503,Ahmed Farouk,Aswan,Consumer,Beauty,Perfume,1,1246.63,0.0,1246.63,629.12,617.51,Mobile Wallet,Online,Mona K.,1,5.0,False,False
ORD105151,2025-08-05,CUST0515,Salma El-Sayed,mansoura,Consumer,Electronics,Phone Case,1,239.3,0.0,239.3,88.26,151.04,Card,In-store,Khaled T.,0,5.0,False,False
ORD105811,2025-11-26,CUST0403,Dina Aziz,Cairo,Consumer,Beauty,Skincare Set,2,818.26,15.0,1391.04,705.72,685.32,Installment,In-store,Khaled T.,0,,True,False
ORD104478,2025-04-02,CUST0129,Youssef Aziz,Cairo,Consumer,Clothing,Jeans,1,759.19,0.0,759.19,319.71,439.48,Installment,Online,,1,5.0,False,False
ORD100206,2023-02-16,CUST0424,Nourhan Sherif,giza,SMB,Electronics,Wireless Earbuds,1,1278.88,0.0,1278.88,712.95,565.93,Card,Online,Mona K.,1,4.0,False,False
ORD105088,2025-07-25,CUST0538,Sara Ibrahim,Giza,SMB,Home & Kitchen,Air Fryer,1,2813.6,0.0,2813.6,1636.83,1176.77,Mobile Wallet,Online,Khaled T.,2,4.0,False,False
ORD101833,2024-01-19,CUST0158,Salma Abdel Rahman,Mansoura,Consumer,Electronics,Wireless Earbuds,1,1150.01,0.0,1150.01,724.84,425.17,Card,In-store,Sara M.,0,2.0,False,False
ORD102924,2024-08-03,CUST0566,Khaled Farouk,Alexandria,Consumer,Electronics,Bluetooth Speaker,2,888.84,0.0,-1777.68,1080.82,-696.86,Cash,In-store,Sara M.,0,,False,True
ORD103315,2024-10-26,CUST0599,Mahmoud Khalil,Mansoura,Consumer,Beauty,Perfume,1,1215.56,0.0,1215.56,604.61,610.95,Cash,Phone,Mona K.,0,5.0,False,False
ORD101909,2024-02-01,CUST0035,Heba Khalil,Cairo,Consumer,Electronics,Bluetooth Speaker,3,970.64,0.0,2911.92,1666.02,1245.9,Cash,In-store,Mona K.,0,2.0,False,False
ORD100511,2023-04-08,CUST0306,Karim Aziz,Aswan,Consumer,Beauty,Makeup Kit,1,617.91,0.0,617.91,246.66,371.25,Installment,Online,Omar F.,4,5.0,False,False
ORD102472,2024-05-03,CUST0362,Sara Khalil,mansoura,Consumer,Clothing,Jeans,1,728.86,0.0,728.86,313.94,414.92,Mobile Wallet,Online,,3,2.0,False,False
ORD105218,2025-08-21,CUST0436,Tarek Khalil,Cairo,Consumer,Groceries,Coffee 250g,1,186.06,0.0,186.06,98.45,87.61,Mobile Wallet,Online,,5,4.0,False,False
ORD103483,2024-11-24,CUST0562,Amr Farouk,Cairo,Consumer,Electronics,Bluetooth Speaker,1,964.93,10.0,868.44,556.28,312.16,Cash,Phone,Nourhan S.,0,5.0,True,False
ORD103713,2024-12-28,CUST0231,Mona Hassan,Tanta,SMB,Clothing,Jeans,2,709.01,0.0,1418.02,609.54,808.48,Card,Online,Mona K.,4,4.0,False,False
ORD103615,2024-12-09,CUST0286,Tarek Aziz,Giza,SMB,Electronics,Bluetooth Speaker,2,956.46,0.0,1912.92,1114.24,798.68,Card,Online,,2,5.0,False,False
ORD103819,2025-01-11,CUST0085,Karim Farouk,Aswan,Consumer,Sports,Yoga Mat,1,463.78,0.0,463.78,221.02,242.76,Mobile Wallet,Online,,4,4.0,False,False
ORD104129,2025-02-22,CUST0176,Dina Abdel Rahman,Giza,SMB,Beauty,Perfume,1,1219.17,0.0,1219.17,585.56,633.61,Card,Online,Omar F.,5,5.0,False,False
ORD106010,2025-12-22,CUST0226,Adel El-Sayed,Alexandria,SMB,Home & Kitchen,Blender,3,1086.73,0.0,3260.19,1753.23,1506.96,Card,In-store,Mona K.,0,5.0,False,False
ORD102570,2024-05-23,CUST0178,Mahmoud Farouk,Alexandria,Consumer,Groceries,Coffee 250g,1,185.0,0.0,185.0,104.0,81.0,Card,In-store,Omar F.,0,5.0,False,False
ORD101359,2023-10-20,CUST0467,Omar Hassan,Giza,Consumer,Sports,Yoga Mat,1,441.85,0.0,441.85,230.41,211.44,Card,Phone,Sara M.,0,3.0,False,False
ORD102539,2024-05-16,CUST0539,Laila Mahmoud,Giza,SMB,Groceries,Rice 5kg,5,205.1,0.0,1025.5,782.85,242.65,Installment,In-store,Omar F.,0,3.0,False,False
ORD101005,2023-07-18,CUST0562,Amr Farouk,Cairo,Consumer,Electronics,Smart Watch,1,3624.68,0.0,3624.68,2146.68,1478.0,Mobile Wallet,Online,,3,4.0,False,False
ORD105379,2025-09-19,CUST0282,Youssef El-Sayed,Cairo,Consumer,Home & Kitchen,Blender,1,1169.59,0.0,1169.59,578.78,590.81,Mobile Wallet,Online,Sara M.,3,3.0,False,False
ORD103288,2024-10-19,CUST0047,Ahmed Farouk,Tanta,Consumer,Sports,Football,1,378.02,0.0,378.02,181.29,196.73,Mobile Wallet,In-store,Sara M.,0,5.0,False,False
ORD104095,2025-02-18,CUST0552,Heba Khalil,Aswan,Consumer,Beauty,Skincare Set,1,775.55,0.0,775.55,360.9,414.65,Cash,Online,,2,3.0,False,False
ORD101572,2023-11-27,CUST0097,Khaled Mostafa,Mansoura,SMB,Beauty,Skincare Set,1,756.87,20.0,605.5,359.24,246.26,Cash,Online,Nourhan S.,2,5.0,True,False
ORD101261,2023-09-26,CUST0034,Dina Mostafa,Giza,SMB,Sports,Yoga Mat,1,455.71,0.0,455.71,210.29,245.42,Mobile Wallet,Online,Khaled T.,4,5.0,False,False
ORD105906,2025-12-03,CUST0493,Ahmed Khalil,Cairo,SMB,Sports,Football,1,401.85,0.0,401.85,188.72,213.13,Card,Phone,Mona K.,0,5.0,False,False
ORD105144,2025-08-04,CUST0256,Nada Farouk,Cairo,Consumer,Electronics,Phone Case,1,251.22,0.0,251.22,89.36,161.86,Cash,In-store,Omar F.,0,5.0,False,False
ORD105365,2025-09-17,CUST0004,Adel Mahmoud,Giza,Consumer,CLOTHING,Women's Dress,2,829.28,10.0,1492.7,798.22,694.48,Card,In-store,Omar F.,0,5.0,True,False
ORD105091,2025-07-25,CUST0442,Youssef Ibrahim,Mansoura,SMB,Sports,Yoga Mat,1,457.97,0.0,457.97,225.41,232.56,Card,In-store,Youssef A.,0,4.0,False,False
ORD100351,2023-03-15,CUST0099,Mahmoud Ibrahim,Giza,Enterprise,Home & Kitchen,Air Fryer,2,2766.99,0.0,5533.98,3343.46,2190.52,Mobile Wallet,Online,Mona K.,3,2.0,False,False
ORD104503,2025-04-05,CUST0184,Laila Mostafa,Aswan,Consumer,Home & Kitchen,Air Fryer,1,2746.36,0.0,2746.36,1693.4,1052.96,Installment,In-store,Sara M.,0,4.0,False,False
ORD100940,2023-06-28,CUST0560,Sara El-Sayed,Cairo,SMB,Electronics,Smart Watch,2,3599.23,0.0,7198.46,4283.08,2915.38,Mobile Wallet,Online,,5,5.0,False,False
ORD100546,2023-04-12,CUST0336,Youssef El-Sayed,Tanta,Consumer,Clothing,Women's Dress,1,838.15,0.0,838.15,403.2,434.95,Card,In-store,Youssef A.,0,3.0,False,False
ORD105964,2025-12-13,CUST0057,Amr Hassan,Tanta,Consumer,Home & Kitchen,Cookware Set,1,2189.09,0.0,2189.09,1336.26,852.83,Card,Phone,Mona K.,0,5.0,False,False
ORD103550,2024-11-29,CUST0340,Amr Farouk,Aswan,Consumer,Electronics,Power Bank,2,555.21,15.0,943.86,692.98,250.88,Cash,Online,Khaled T.,1,4.0,True,False
ORD105763,2025-11-21,CUST0495,Rania Mostafa,Giza,Consumer,Electronics,Power Bank,2,591.8,15.0,1006.06,696.3,309.76,Mobile Wallet,In-store,Mona K.,0,3.0,True,False
ORD101038,2023-07-27,CUST0004,Adel Mahmoud,Giza,Consumer,Home & Kitchen,Coffee Maker,2,1405.14,0.0,2810.28,1757.18,1053.1,Card,In-store,Nourhan S.,0,3.0,False,False
ORD104778,2025-05-25,CUST0232,Hassan Mahmoud,Tanta,Consumer,Groceries,Coffee 250g,1,166.83,15.0,141.81,101.96,39.85,Mobile Wallet,In-store,Mona K.,0,4.0,True,False
ORD104992,2025-07-02,CUST0434,Dina Farouk,alexandria,Consumer,Home & Kitchen,Air Fryer,1,2851.82,20.0,2281.46,1722.14,559.32,Mobile Wallet,Online,Sara M.,3,5.0,True,False
ORD101918,2024-02-02,CUST0014,Rania Hassan,Alexandria,Consumer,Sports,Football,1,374.46,0.0,374.46,187.24,187.22,Card,Online,Nourhan S.,5,4.0,False,False
ORD100154,2023-02-05,CUST0042,Omar Aziz,Aswan,SMB,GROCERIES,Rice 5kg,1,211.97,0.0,211.97,148.49,63.48,Mobile Wallet,Online,Sara M.,4,4.0,False,False
ORD100123,2023-01-28,CUST0457,Laila Hassan,Cairo,Enterprise,Electronics,Smart Watch,1,3414.61,20.0,2731.69,2005.57,726.12,Cash,Online,Nourhan S.,3,5.0,True,False
ORD106022,2025-12-25,CUST0434,Dina Farouk,Alexandria,Consumer,Sports,Football,1,396.8,10.0,357.12,184.11,173.01,Cash,In-store,Khaled T.,0,4.0,True,False
ORD105186,2025-08-13,CUST0590,Dina Abdel Rahman,Cairo,Consumer,Clothing,Jeans,1,730.9,0.0,730.9,320.88,410.02,Card,In-store,Omar F.,0,2.0,False,False
ORD102512,2024-05-11,CUST0009,Yasmin Abdel Rahman,Cairo,Consumer,Sports,Dumbbell Set,3,1678.75,0.0,5036.25,3189.36,1846.89,Cash,In-store,Sara M.,0,2.0,False,False
ORD101263,2023-09-26,CUST0189,Khaled Sherif,,Enterprise,Clothing,Women's Dress,2,853.47,0.0,1706.94,780.3,926.64,Card,Online,,2,4.0,False,False
ORD105542,2025-10-18,CUST0489,Amr Sherif,Cairo,SMB,Home & Kitchen,Air Fryer,1,2641.88,0.0,2641.88,1691.96,949.92,Mobile Wallet,In-store,Youssef A.,0,5.0,False,False
ORD101842,2024-01-20,CUST0199,Khaled Abdel Rahman,Cairo,Consumer,Sports,Running Shoes,1,1480.86,0.0,1480.86,889.04,591.82,Mobile Wallet,In-store,Khaled T.,0,5.0,False,False
ORD105263,2025-08-31,CUST0089,Khaled Ibrahim,Tanta,Consumer,Groceries,Olive Oil 1L,2,286.24,10.0,515.23,370.76,144.47,Mobile Wallet,Online,Youssef A.,2,4.0,True,False
ORD103825,2025-01-12,CUST0126,Nourhan Khalil,Alexandria,Consumer,Home & Kitchen,Coffee Maker,1,1428.21,0.0,1428.21,832.65,595.56,Mobile Wallet,In-store,Sara M.,0,4.0,False,False
ORD104049,2025-02-14,CUST0008,Mona Khalil,Cairo,SMB,Home & Kitchen,Cookware Set,1,2205.29,0.0,2205.29,1317.85,887.44,Card,Online,Sara M.,2,4.0,False,False
ORD101544,2023-11-25,CUST0320,Youssef Ibrahim,Alexandria,Consumer,Electronics,Smart Watch,2,3500.81,10.0,6301.46,4331.9,1969.56,Mobile Wallet,In-store,Khaled T.,0,5.0,True,False
ORD105355,2025-09-15,CUST0125,Laila Mostafa,Tanta,Consumer,Home & Kitchen,Air Fryer,2,2639.43,0.0,5278.86,3429.48,1849.38,Cash,Phone,Khaled T.,0,5.0,False,False
ORD104683,2025-05-09,CUST0587,Khaled Aziz,Mansoura,SMB,Beauty,Makeup Kit,3,577.75,0.0,1733.25,755.28,977.97,Cash,Online,Mona K.,1,3.0,False,False
ORD101905,2024-01-31,CUST0122,Nada Khalil,Cairo,Consumer,Electronics,Phone Case,1,242.81,0.0,242.81,91.42,151.39,Mobile Wallet,Online,Sara M.,2,2.0,False,False
ORD101274,2023-09-28,CUST0160,Mona Sherif,Alexandria,Consumer,Beauty,Skincare Set,1,802.06,0.0,802.06,341.71,460.35,Installment,Online,Khaled T.,2,5.0,False,False
ORD100947,2023-06-30,CUST0410,Nourhan Abdel Rahman,Aswan,Enterprise,Groceries,Rice 5kg,1,204.25,0.0,204.25,150.76,53.49,Cash,Online,Mona K.,5,5.0,False,False
ORD105764,2025-11-21,CUST0519,Ahmed Ibrahim,Giza,Consumer,Beauty,Makeup Kit,1,585.9,25.0,439.42,255.39,184.03,Card,In-store,Sara M.,0,5.0,True,False
ORD101083,2023-08-11,CUST0395,Sara Sherif,Aswan,Consumer,Clothing,Hoodie,1,655.5,0.0,655.5,302.27,353.23,Cash,Online,,2,4.0,False,False
ORD103430,2024-11-19,CUST0017,Youssef Farouk,Cairo,Consumer,Sports,Football,2,351.18,0.0,702.36,356.88,345.48,Cash,Phone,Khaled T.,0,3.0,False,False
ORD100198,2023-02-15,CUST0207,Dina Abdel Rahman,Alexandria,SMB,Groceries,Rice 5kg,2,212.38,10.0,382.28,294.78,87.5,Card,In-store,Khaled T.,0,5.0,True,False
ORD103279,2024-10-18,CUST0076,Nourhan Khalil,Mansoura,SMB,Groceries,Coffee 250g,1,166.15,0.0,166.15,97.37,68.78,Cash,Online,Sara M.,1,5.0,False,False
ORD100151,2023-02-04,CUST0193,Rania Aziz,Aswan,Consumer,Clothing,Sneakers,1,1378.21,0.0,1378.21,712.08,666.13,Card,Online,Sara M.,3,3.0,False,False
ORD102739,2024-06-21,CUST0598,Sara Hassan,Cairo,SMB,Groceries,Honey Jar,1,345.05,0.0,345.05,199.59,145.46,Cash,In-store,Khaled T.,0,3.0,False,False
ORD100181,2023-02-11,CUST0267,Nourhan Mahmoud,Cairo,Consumer,Clothing,Sneakers,1,1334.92,0.0,1334.92,694.14,640.78,Installment,Online,,2,4.0,False,False
ORD105821,2025-11-26,CUST0352,Sara Sherif,Mansoura,Consumer,Beauty,Hair Dryer,1,905.62,10.0,815.06,431.95,383.11,Mobile Wallet,Phone,Youssef A.,0,5.0,True,False
ORD101805,2024-01-12,CUST0404,Khaled Abdel Rahman,Cairo,Consumer,Sports,Dumbbell Set,2,1659.78,0.0,3319.56,2213.92,1105.64,Installment,In-store,Sara M.,0,5.0,False,False
ORD105089,2025-07-25,CUST0242,Khaled Ibrahim,Giza,Consumer,Sports,Football,2,352.12,0.0,704.24,374.3,329.94,Card,Online,Khaled T.,1,2.0,False,False
ORD104382,2025-03-23,CUST0342,Mahmoud Hassan,Mansoura,Consumer,Groceries,Olive Oil 1L,1,296.59,0.0,296.59,188.52,108.07,Cash,In-store,Mona K.,0,5.0,False,False
ORD102699,2024-06-13,CUST0386,Youssef Mahmoud,Alexandria,Consumer,Sports,Yoga Mat,1,431.38,0.0,431.38,224.67,206.71,Mobile Wallet,Online,,5,5.0,False,False
ORD100258,2023-03-02,CUST0509,Hassan Sherif,Giza,SMB,Home & Kitchen,Coffee Maker,2,1491.27,0.0,2982.54,1748.32,1234.22,Card,Online,Nourhan S.,0,,False,False
ORD100393,2023-03-21,CUST0421,Nourhan Hassan,Mansoura,SMB,Electronics,Phone Case,1,253.17,0.0,253.17,87.2,165.97,Mobile Wallet,In-store,Mona K.,0,4.0,False,False
ORD103094,2024-09-12,CUST0189,Khaled Sherif,Alexandria,Enterprise,Beauty,Makeup Kit,1,623.78,0.0,623.78,242.73,381.05,Card,In-store,Mona K.,0,5.0,False,False
ORD103006,2024-08-23,CUST0118,Khaled Mahmoud,Aswan,SMB,Electronics,Power Bank,1,560.91,0.0,560.91,362.0,198.91,Mobile Wallet,Online,Nourhan S.,0,5.0,False,False
ORD105369,2025-09-18,CUST0265,Dina Sherif,Aswan,Enterprise,Electronics,Phone Case,3,265.62,0.0,796.86,263.7,533.16,Mobile Wallet,Online,,2,5.0,False,False
ORD101506,2023-11-21,CUST0386,Youssef Mahmoud,Alexandria,Consumer,Sports,Yoga Mat,2,475.53,15.0,808.4,458.5,349.9,Card,In-store,Youssef A.,0,5.0,True,False
ORD100475,2023-04-02,CUST0142,Laila El-Sayed,Mansoura,Consumer,Groceries,Rice 5kg,1,212.2,0.0,212.2,155.95,56.25,Mobile Wallet,Phone,Omar F.,0,3.0,False,False
ORD104215,2025-03-05,CUST0217,Nada Khalil,Alexandria,Consumer,Electronics,Smart Watch,1,3465.08,0.0,3465.08,2033.06,1432.02,Cash,Online,Mona K.,1,,False,False
ORD104275,2025-03-11,CUST0218,Yasmin El-Sayed,Tanta,Consumer,Sports,Running Shoes,1,1640.46,0.0,1640.46,852.96,787.5,Card,Online,,2,5.0,False,False
ORD103410,2024-11-14,CUST0473,Ahmed Mostafa,Cairo,Consumer,Beauty,Makeup Kit,1,574.62,0.0,574.62,260.38,314.24,Mobile Wallet,In-store,Youssef A.,0,2.0,False,False
ORD100687,2023-04-30,CUST0267,Nourhan Mahmoud,Cairo,Consumer,Home & Kitchen,Cookware Set,1,2200.71,0.0,2200.71,1311.48,889.23,Mobile Wallet,Online,Omar F.,2,4.0,False,False
ORD101634,2023-12-07,CUST0223,Ahmed Ibrahim,Cairo,Consumer,Electronics,Phone Case,1,269.74,0.0,269.74,89.9,179.84,Mobile Wallet,Phone,Nourhan S.,0,5.0,False,False
ORD102346,2024-04-09,CUST0146,Karim Ibrahim,Cairo,Consumer,Groceries,Olive Oil 1L,2,291.15,0.0,582.3,349.58,232.72,Card,Online,,2,1.0,False,False
ORD102573,2024-05-23,CUST0066,Tarek Mahmoud,Alexandria,Consumer,Clothing,Women's Dress,1,880.87,0.0,880.87,411.0,469.87,Card,Phone,Khaled T.,0,2.0,False,False
ORD101790,2024-01-09,CUST0050,Hassan Khalil,Tanta,SMB,Clothing,Women's Dress,1,892.74,0.0,892.74,402.65,490.09,Mobile Wallet,In-store,Mona K.,0,3.0,False,False
ORD100762,2023-05-16,CUST0336,Youssef El-Sayed,Tanta,Consumer,Sports,Football,2,380.65,0.0,761.3,344.96,416.34,Card,In-store,Khaled T.,0,5.0,False,False
ORD101967,2024-02-12,CUST0456,Laila Mahmoud,Alexandria,Consumer,Electronics,Wireless Earbuds,2,1127.42,0.0,2254.84,1448.38,806.46,Card,Online,,3,5.0,False,False
ORD106028,2025-12-27,CUST0483,Adel Hassan,Tanta,Consumer,Groceries,Olive Oil 1L,1,270.37,0.0,270.37,185.22,85.15,Card,In-store,Mona K.,0,,False,False
ORD102158,2024-03-13,CUST0460,Karim Ibrahim,Tanta,Consumer,Sports,Yoga Mat,1,472.93,0.0,472.93,226.84,246.09,Cash,In-store,Youssef A.,0,5.0,False,False
ORD101664,2023-12-15,CUST0413,Hassan Mahmoud,Giza,SMB,Electronics,Phone Case,1,253.88,0.0,253.88,86.93,166.95,Cash,Online,Nourhan S.,7,5.0,False,False
ORD106009,2025-12-21,CUST0142,Laila El-Sayed,Mansoura,Consumer,Electronics,Phone Case,1,238.87,0.0,238.87,93.4,145.47,Mobile Wallet,Online,,2,1.0,False,False
ORD102591,2024-05-25,CUST0122,Nada Khalil,Cairo,Consumer,SPORTS,Football,2,356.1,0.0,712.2,344.06,368.14,Cash,Online,Mona K.,1,,False,False
ORD103792,2025-01-06,CUST0529,Adel Khalil,alexandria,Consumer,Beauty,Makeup Kit,1,629.38,0.0,629.38,249.88,379.5,Card,Online,,2,5.0,False,False
ORD103378,2024-11-09,CUST0394,Karim Mostafa,Alexandria,SMB,Electronics,Smart Watch,1,3673.16,0.0,3673.16,2077.39,1595.77,Mobile Wallet,Online,Mona K.,1,4.0,False,False
ORD105032,2025-07-12,CUST0585,Hassan Abdel Rahman,Tanta,Consumer,Home & Kitchen,Blender,1,1144.26,0.0,1144.26,570.55,573.71,Mobile Wallet,Online,,2,4.0,False,False
ORD100650,2023-04-26,CUST0042,Omar Aziz,Aswan,SMB,Beauty,Perfume,2,1255.25,25.0,1882.88,1230.3,652.58,Mobile Wallet,Online,Mona K.,1,,True,False
ORD105602,2025-10-28,CUST0116,Mona Ibrahim,Cairo,Enterprise,Home & Kitchen,Cookware Set,1,2151.51,20.0,1721.21,1329.57,391.64,Card,In-store,Youssef A.,0,5.0,True,False
ORD103716,2024-12-28,CUST0309,Nourhan El-Sayed,Giza,SMB,Home & Kitchen,Vacuum Cleaner,1,2969.59,0.0,2969.59,1915.76,1053.83,Cash,In-store,Khaled T.,0,4.0,False,False
ORD105946,2025-12-10,CUST0166,Youssef El-Sayed,giza,Consumer,Beauty,Makeup Kit,1,603.48,0.0,603.48,240.96,362.52,Card,Online,Sara M.,3,4.0,False,False
ORD105481,2025-10-08,CUST0565,Yasmin Mostafa,Cairo,Consumer,Groceries,Rice 5kg,1,221.78,0.0,221.78,155.58,66.2,Cash,In-store,Khaled T.,0,5.0,False,False
ORD105339,2025-09-13,CUST0242,Khaled Ibrahim,Giza,Consumer,Home & Kitchen,Coffee Maker,2,1438.61,0.0,2877.22,1628.06,1249.16,Card,Online,Youssef A.,1,5.0,False,False
ORD101035,2023-07-26,CUST0526,Laila Ibrahim,Giza,Enterprise,Sports,Dumbbell Set,1,1810.05,0.0,1810.05,1095.53,714.52,Card,Online,,3,1.0,False,False
ORD100733,2023-05-10,CUST0134,Sara Ibrahim,Giza,Consumer,Clothing,Sneakers,2,1414.22,0.0,-2828.44,1346.8,-1481.64,Cash,In-store,Nourhan S.,0,1.0,False,True
ORD100685,2023-04-30,CUST0396,Youssef Aziz,Cairo,Consumer,Beauty,Perfume,1,1369.65,25.0,1027.24,587.63,439.61,Cash,Phone,Youssef A.,0,4.0,True,False
ORD103845,2025-01-15,CUST0499,Hassan Abdel Rahman,Tanta,Consumer,Sports,Yoga Mat,1,441.81,15.0,375.54,228.82,146.72,Cash,Online,Sara M.,3,4.0,True,False
ORD104236,2025-03-07,CUST0088,Mona El-Sayed,Mansoura,Consumer,Beauty,Makeup Kit,1,620.49,0.0,620.49,247.01,373.48,Installment,In-store,Khaled T.,0,3.0,False,False
ORD104320,2025-03-16,CUST0421,Nourhan Hassan,Mansoura,SMB,Sports,Running Shoes,3,1539.28,25.0,3463.38,2529.69,933.69,Cash,Online,,3,5.0,True,False
ORD102124,2024-03-09,CUST0377,Sara Ibrahim,Aswan,SMB,Electronics,Smart Watch,1,3350.95,0.0,3350.95,2042.65,1308.3,Card,In-store,Omar F.,0,5.0,False,False
ORD101882,2024-01-27,CUST0291,Rania Abdel Rahman,Cairo,SMB,Beauty,Makeup Kit,2,622.79,0.0,1245.58,485.9,759.68,Mobile Wallet,In-store,Sara M.,0,,False,False
ORD103625,2024-12-11,CUST0198,Rania Hassan,Mansoura,Consumer,Beauty,Hair Dryer,1,889.17,0.0,889.17,432.22,456.95,Card,Online,Khaled T.,0,3.0,False,False
ORD102931,2024-08-05,CUST0303,Laila Sherif,Alexandria,Consumer,Electronics,Bluetooth Speaker,5,889.07,0.0,4445.35,2838.3,1607.05,Cash,In-store,Youssef A.,0,5.0,False,False
ORD101825,2024-01-18,CUST0057,Amr Hassan,Tanta,Consumer,Groceries,Honey Jar,1,337.81,0.0,337.81,209.49,128.32,Mobile Wallet,Online,Sara M.,2,5.0,False,False
ORD104165,2025-02-26,CUST0452,Adel Sherif,cairo,SMB,Home & Kitchen,Air Fryer,1,2683.52,0.0,2683.52,1692.24,991.28,Cash,Online,Khaled T.,7,3.0,False,False
ORD100644,2023-04-25,CUST0240,Salma Ibrahim,Mansoura,SMB,Clothing,Sneakers,1,1337.9,0.0,-1337.9,717.4,-620.5,Mobile Wallet,In-store,Omar F.,0,4.0,False,True
ORD103381,2024-11-09,CUST0070,Nourhan Mostafa,Alexandria,Consumer,Clothing,Sneakers,3,1499.58,0.0,4498.74,2039.37,2459.37,Card,Online,,1,3.0,False,False
ORD104685,2025-05-09,CUST0275,Nada Ibrahim,Aswan,Consumer,Home & Kitchen,Coffee Maker,1,1449.46,0.0,1449.46,836.82,612.64,Cash,Phone,Omar F.,0,,False,False
ORD103110,2024-09-14,CUST0143,Ahmed Ibrahim,Alexandria,Consumer,HOME & KITCHEN,Vacuum Cleaner,1,3266.21,0.0,3266.21,1976.67,1289.54,Card,In-store,Khaled T.,0,5.0,False,False
ORD103920,2025-01-29,CUST0437,Mona Mostafa,Cairo,SMB,Electronics,Smart Watch,1,3301.13,0.0,3301.13,1996.04,1305.09,Cash,Online,Omar F.,5,2.0,False,False
ORD103580,2024-12-01,CUST0459,Amr Ibrahim,Tanta,Consumer,Groceries,Olive Oil 1L,2,280.76,0.0,561.52,356.92,204.6,Mobile Wallet,In-store,Khaled T.,0,1.0,False,False
ORD101551,2023-11-25,CUST0264,Amr Aziz,Giza,Consumer,Sports,Football,1,403.65,25.0,302.74,188.94,113.8,Installment,Online,Sara M.,3,5.0,True,False
ORD101598,2023-11-30,CUST0108,Omar El-Sayed,Cairo,SMB,Clothing,Women's Dress,2,910.37,20.0,1456.59,793.62,662.97,Mobile Wallet,Online,Nourhan S.,7,3.0,True,False
ORD103358,2024-11-05,CUST0570,Nada Sherif,Cairo,SMB,Groceries,Rice 5kg,2,235.31,0.0,470.62,303.36,167.26,Cash,Phone,Khaled T.,0,5.0,False,False
ORD103922,2025-01-29,CUST0365,Adel Hassan,alexandria,Consumer,Clothing,Sneakers,1,1404.11,0.0,1404.11,665.68,738.43,Mobile Wallet,Online,,5,5.0,False,False
ORD101718,2023-12-27,CUST0520,Mahmoud Abdel Rahman,Giza,Consumer,HOME & KITCHEN,Cookware Set,3,2038.08,25.0,4585.68,3995.19,590.49,Installment,In-store,Mona K.,0,4.0,True,False
ORD102757,2024-06-24,CUST0558,Omar Ibrahim,Cairo,Consumer,Home & Kitchen,Blender,1,1131.75,0.0,1131.75,584.14,547.61,Card,Online,Sara M.,1,4.0,False,False
ORD103668,2024-12-20,CUST0294,Adel Mostafa,Alexandria,SMB,Beauty,Perfume,1,1341.3,0.0,1341.3,609.56,731.74,Mobile Wallet,Phone,Youssef A.,0,,False,False
ORD105914,2025-12-05,CUST0077,Hassan Farouk,Cairo,Consumer,Clothing,Jeans,1,739.18,0.0,739.18,333.08,406.1,Mobile Wallet,In-store,Sara M.,0,4.0,False,False
ORD105696,2025-11-12,CUST0124,Nada Ibrahim,Cairo,SMB,Sports,Yoga Mat,1,421.6,0.0,421.6,223.61,197.99,Cash,Online,,1,5.0,False,False
ORD104896,2025-06-14,CUST0427,Nada Ibrahim,Cairo,Consumer,Sports,Football,2,350.95,0.0,701.9,362.42,339.48,Mobile Wallet,Online,Omar F.,5,5.0,False,False
ORD102444,2024-04-27,CUST0370,Yasmin Sherif,Alexandria,SMB,Electronics,Wireless Earbuds,1,1104.24,0.0,1104.24,765.83,338.41,Cash,Online,Nourhan S.,4,5.0,False,False
ORD100840,2023-06-03,CUST0339,Karim Mahmoud,Alexandria,SMB,Electronics,Smart Watch,3,3702.87,0.0,11108.61,6090.78,5017.83,Card,In-store,Nourhan S.,0,5.0,False,False
ORD101614,2023-12-02,CUST0202,Heba Mostafa,Alexandria,Consumer,Groceries,Olive Oil 1L,2,295.91,0.0,591.82,362.78,229.04,Cash,In-store,Youssef A.,0,5.0,False,False
ORD105305,2025-09-08,CUST0232,Hassan Mahmoud,Tanta,Consumer,Electronics,Phone Case,2,243.29,0.0,486.58,175.88,310.7,Cash,In-store,Khaled T.,0,5.0,False,False
ORD105411,2025-09-26,CUST0326,Khaled Sherif,Cairo,Consumer,Clothing,Jeans,1,777.08,0.0,777.08,313.21,463.87,Card,Online,Youssef A.,4,4.0,False,False
ORD103870,2025-01-19,CUST0407,Tarek Abdel Rahman,Aswan,Consumer,Electronics,Wireless Earbuds,2,1237.96,0.0,2475.92,1560.9,915.02,Card,Online,Omar F.,2,4.0,False,False
ORD100011,2023-01-03,CUST0553,Heba Mostafa,Cairo,Consumer,Groceries,Olive Oil 1L,1,280.33,0.0,280.33,186.74,93.59,Mobile Wallet,Phone,Mona K.,0,5.0,False,False
ORD100166,2023-02-08,CUST0518,Nourhan Farouk,Cairo,SMB,Clothing,Sneakers,3,1485.92,0.0,4457.76,2051.82,2405.94,Cash,Online,Sara M.,0,4.0,False,False
ORD104652,2025-05-03,CUST0384,Heba Khalil,Cairo,Consumer,Clothing,Hoodie,1,675.64,0.0,675.64,312.87,362.77,Card,Online,Mona K.,7,3.0,False,False
ORD106041,2025-12-29,CUST0167,Tarek Sherif,Cairo,Consumer,Electronics,Power Bank,1,583.35,0.0,583.35,366.54,216.81,Card,Online,,0,4.0,False,False
ORD105755,2025-11-21,CUST0091,Mona Farouk,Mansoura,Consumer,Electronics,Bluetooth Speaker,2,977.02,15.0,1660.93,1066.82,594.11,Card,Online,,4,5.0,True,False
ORD104212,2025-03-04,CUST0461,Amr Mahmoud,Cairo,SMB,Home & Kitchen,Blender,2,1113.61,0.0,2227.22,1201.5,1025.72,Mobile Wallet,Online,,2,2.0,False,False
ORD104779,2025-05-25,CUST0363,Youssef Hassan,Alexandria,Consumer,Electronics,Bluetooth Speaker,2,878.07,0.0,1756.14,1092.44,663.7,Card,In-store,Khaled T.,0,5.0,False,False
ORD104407,2025-03-26,CUST0417,Nourhan El-Sayed,Tanta,Consumer,Clothing,Sneakers,1,1351.51,0.0,1351.51,718.27,633.24,Mobile Wallet,In-store,Khaled T.,0,4.0,False,False
ORD106042,2025-12-29,CUST0262,Khaled Hassan,Cairo,Enterprise,Groceries,Rice 5kg,1,216.78,0.0,216.78,151.53,65.25,Card,Online,,3,5.0,False,False
ORD104572,2025-04-18,CUST0096,Karim Abdel Rahman,Tanta,Consumer,Clothing,Men's T-Shirt,1,340.06,0.0,340.06,142.99,197.07,Card,In-store,Mona K.,0,5.0,False,False
ORD105319,2025-09-10,CUST0428,Yasmin Ibrahim,Alexandria,Consumer,Beauty,Makeup Kit,1,614.73,0.0,614.73,241.02,373.71,Card,Online,Omar F.,3,4.0,False,False
ORD104976,2025-06-28,CUST0381,Heba Sherif,Giza,Consumer,Electronics,Wireless Earbuds,1,1206.03,0.0,1206.03,738.22,467.81,Mobile Wallet,In-store,Youssef A.,0,3.0,False,False
ORD103386,2024-11-10,CUST0534,Amr El-Sayed,Aswan,Consumer,Sports,Yoga Mat,3,457.45,0.0,1372.35,680.16,692.19,Mobile Wallet,In-store,Sara M.,0,2.0,False,False
ORD104315,2025-03-15,CUST0105,Nada Mahmoud,Cairo,Consumer,Beauty,Makeup Kit,1,556.57,0.0,556.57,243.86,312.71,Mobile Wallet,Phone,Khaled T.,0,4.0,False,False
ORD100212,2023-02-18,CUST0578,Tarek Aziz,Cairo,Consumer,Electronics,Phone Case,1,263.56,0.0,263.56,90.46,173.1,Mobile Wallet,In-store,Nourhan S.,0,3.0,False,False
ORD102683,2024-06-10,CUST0021,Heba El-Sayed,Alexandria,SMB,Groceries,Rice 5kg,2,233.53,0.0,467.06,307.74,159.32,Card,Online,,2,,False,False
ORD101667,2023-12-15,CUST0248,Karim Mostafa,Mansoura,Consumer,Electronics,Bluetooth Speaker,1,888.91,0.0,888.91,573.94,314.97,Installment,Phone,Nourhan S.,0,5.0,False,False
ORD103979,2025-02-06,CUST0134,Sara Ibrahim,Giza,Consumer,Electronics,Phone Case,1,250.23,0.0,250.23,90.04,160.19,Card,Online,,4,5.0,False,False
ORD105697,2025-11-13,CUST0548,Amr Farouk,Cairo,SMB,Home & Kitchen,Blender,1,1030.87,0.0,1030.87,601.21,429.66,Card,Online,,4,5.0,False,False
ORD103127,2024-09-17,CUST0168,Omar Aziz,Cairo,Consumer,Groceries,Rice 5kg,2,223.67,0.0,447.34,306.1,141.24,Card,In-store,Youssef A.,0,5.0,False,False
ORD101556,2023-11-26,CUST0576,Heba Aziz,Cairo,Consumer,Clothing,Men's T-Shirt,2,377.83,15.0,642.31,308.06,334.25,Cash,In-store,Mona K.,0,5.0,True,False
ORD104537,2025-04-13,CUST0186,Dina Hassan,Mansoura,Consumer,Home & Kitchen,Coffee Maker,1,1468.38,0.0,1468.38,818.42,649.96,Installment,Online,Khaled T.,1,4.0,False,False
ORD104745,2025-05-19,CUST0358,Amr Aziz,Cairo,Consumer,Home & Kitchen,Coffee Maker,1,1581.13,0.0,1581.13,889.15,691.98,Card,Online,,3,5.0,False,False
ORD101595,2023-11-30,CUST0433,Salma Khalil,Alexandria,Consumer,Home & Kitchen,Cookware Set,1,2074.09,5.0,1970.39,1235.25,735.14,Card,Phone,Sara M.,0,3.0,True,False
ORD105109,2025-07-29,CUST0019,Hassan Mahmoud,Mansoura,Enterprise,Electronics,Smart Watch,1,3574.66,0.0,3574.66,2065.15,1509.51,Cash,In-store,Khaled T.,0,5.0,False,False
ORD103760,2025-01-03,CUST0187,Karim Khalil,Alexandria,Consumer,Sports,Running Shoes,1,1714.54,0.0,1714.54,824.85,889.69,Mobile Wallet,In-store,Youssef A.,0,5.0,False,False
ORD103395,2024-11-12,CUST0596,Mahmoud Ibrahim,Cairo,Consumer,Clothing,Hoodie,1,662.98,0.0,662.98,308.09,354.89,Cash,In-store,Sara M.,0,5.0,False,False
ORD101354,2023-10-17,CUST0387,Heba El-Sayed,Giza,Consumer,Home & Kitchen,Vacuum Cleaner,2,3155.38,0.0,6310.76,3874.68,2436.08,Card,In-store,Mona K.,0,4.0,False,False
ORD101916,2024-02-02,CUST0438,Ahmed Farouk,Mansoura,Consumer,Sports,Yoga Mat,2,456.75,0.0,913.5,423.08,490.42,Cash,In-store,Youssef A.,0,2.0,False,False
ORD101517,2023-11-22,CUST0538,Sara Ibrahim,Giza,SMB,Beauty,Perfume,1,1289.85,25.0,967.39,627.24,340.15,Card,In-store,Youssef A.,0,4.0,True,False
ORD101934,2024-02-05,CUST0327,Dina Hassan,Alexandria,SMB,Clothing,Men's T-Shirt,1,377.3,0.0,377.3,152.72,224.58,Card,Online,Sara M.,1,4.0,False,False
ORD105757,2025-11-21,CUST0370,Yasmin Sherif,Alexandria,SMB,Clothing,Men's T-Shirt,1,348.78,15.0,296.46,151.28,145.18,Installment,Online,Omar F.,3,4.0,True,False
ORD102196,2024-03-18,CUST0101,Rania Hassan,Cairo,Consumer,Groceries,Rice 5kg,1,234.65,0.0,234.65,151.13,83.52,Cash,Online,,7,4.0,False,False
ORD103002,2024-08-22,CUST0070,Nourhan Mostafa,Alexandria,Consumer,Beauty,Perfume,5,1262.84,0.0,6314.2,3125.6,3188.6,Cash,Phone,Sara M.,0,4.0,False,False
ORD102155,2024-03-13,CUST0187,Karim Khalil,Alexandria,Consumer,Beauty,Perfume,1,1335.44,0.0,1335.44,573.5,761.94,Mobile Wallet,Online,,2,4.0,False,False
ORD100566,2023-04-15,CUST0035,Heba Khalil,Cairo,Consumer,Home & Kitchen,Coffee Maker,1,1448.96,0.0,1448.96,821.26,627.7,Card,In-store,Khaled T.,0,,False,False
ORD105761,2025-11-21,CUST0402,Yasmin Hassan,Aswan,Consumer,Groceries,Honey Jar,1,311.74,25.0,233.8,195.37,38.43,Mobile Wallet,Online,,1,5.0,True,False
ORD100813,2023-05-27,CUST0368,Nourhan Ibrahim,Tanta,Consumer,Sports,Dumbbell Set,1,1876.22,0.0,1876.22,1071.83,804.39,Cash,In-store,Omar F.,0,3.0,False,False
ORD100231,2023-02-23,CUST0251,Omar Mostafa,Cairo,Consumer,Electronics,Bluetooth Speaker,1,976.45,0.0,976.45,523.42,453.03,Mobile Wallet,Online,,3,5.0,False,False
ORD103789,2025-01-06,CUST0486,Nada Sherif,Alexandria,Consumer,Electronics,Wireless Earbuds,1,1169.85,0.0,1169.85,716.46,453.39,Card,Online,Mona K.,4,4.0,False,False
ORD102195,2024-03-18,CUST0398,Amr Mostafa,Alexandria,Consumer,Electronics,Bluetooth Speaker,1,964.41,0.0,964.41,543.13,421.28,Card,In-store,Khaled T.,0,5.0,False,False
ORD104145,2025-02-24,CUST0146,Karim Ibrahim,Cairo,Consumer,Sports,Running Shoes,1,1621.2,5.0,1540.14,880.09,660.05,Card,Online,,5,5.0,True,False
ORD101020,2023-07-21,CUST0110,Mahmoud Aziz,Giza,Consumer,Sports,Yoga Mat,1,428.49,0.0,428.49,221.99,206.5,Installment,Online,Sara M.,1,5.0,False,False
ORD101529,2023-11-23,CUST0402,Yasmin Hassan,Aswan,Consumer,SPORTS,Yoga Mat,2,462.56,15.0,786.35,438.5,347.85,Card,In-store,Khaled T.,0,5.0,True,False
ORD105053,2025-07-16,CUST0218,Yasmin El-Sayed,Tanta,Consumer,Sports,Yoga Mat,1,483.34,0.0,483.34,229.76,253.58,Card,In-store,Sara M.,0,3.0,False,False
ORD100053,2023-01-13,CUST0403,Dina Aziz,Cairo,Consumer,Electronics,Smart Watch,2,3454.89,0.0,6909.78,4317.76,2592.02,Cash,Online,,1,5.0,False,False
ORD100599,2023-04-18,CUST0014,Rania Hassan,Alexandria,Consumer,Clothing,Jeans,1,714.32,5.0,678.6,318.15,360.45,Installment,Online,,2,5.0,True,False
ORD101756,2024-01-01,CUST0127,Nada Hassan,alexandria,Consumer,Groceries,Rice 5kg,1,210.26,0.0,210.26,149.1,61.16,Cash,In-store,Mona K.,0,5.0,False,False
ORD104905,2025-06-17,CUST0100,Hassan Abdel Rahman,Mansoura,SMB,Groceries,Honey Jar,1,330.39,25.0,247.79,206.75,41.04,Mobile Wallet,Online,Mona K.,4,5.0,True,False
ORD102096,2024-03-05,CUST0146,Karim Ibrahim,Cairo,Consumer,Electronics,Wireless Earbuds,1,1265.48,0.0,1265.48,767.27,498.21,Installment,Online,Sara M.,4,1.0,False,False
ORD103759,2025-01-03,CUST0402,Yasmin Hassan,Aswan,Consumer,Beauty,Hair Dryer,1,946.53,0.0,946.53,468.3,478.23,Card,In-store,,0,2.0,False,False
ORD103374,2024-11-08,CUST0500,Adel Khalil,Cairo,SMB,Groceries,Honey Jar,1,313.72,0.0,313.72,203.14,110.58,Installment,Online,Nourhan S.,2,3.0,False,False
ORD100400,2023-03-23,CUST0061,Dina Hassan,Aswan,Consumer,Clothing,Men's T-Shirt,2,356.21,0.0,712.42,286.2,426.22,Cash,In-store,Nourhan S.,0,2.0,False,False
ORD104748,2025-05-20,CUST0364,Salma Sherif,Giza,Consumer,Clothing,Sneakers,1,1306.66,0.0,1306.66,669.71,636.95,Card,In-store,Sara M.,0,5.0,False,False
ORD102907,2024-07-29,CUST0257,Sara Farouk,Giza,Consumer,Sports,Yoga Mat,1,458.2,0.0,458.2,216.41,241.79,Installment,In-store,Nourhan S.,0,1.0,False,False
ORD100469,2023-04-02,CUST0466,Nourhan Hassan,Alexandria,Consumer,Home & Kitchen,Blender,1,1051.92,0.0,1051.92,604.53,447.39,Cash,Online,Sara M.,0,2.0,False,False
ORD101014,2023-07-20,CUST0513,Mahmoud Abdel Rahman,Mansoura,Enterprise,Home & Kitchen,Cookware Set,1,2144.14,0.0,2144.14,1360.66,783.48,Mobile Wallet,Online,,3,5.0,False,False
ORD103670,2024-12-21,CUST0458,Nourhan Ibrahim,Cairo,Consumer,Clothing,Hoodie,1,645.15,0.0,645.15,293.21,351.94,Card,In-store,Youssef A.,0,5.0,False,False
ORD104097,2025-02-18,CUST0312,Mona Sherif,tanta,Consumer,Beauty,Skincare Set,1,756.42,10.0,680.78,341.54,339.24,Card,Online,Youssef A.,2,4.0,True,False
ORD100348,2023-03-15,CUST0062,Omar Ibrahim,Aswan,Consumer,Sports,Dumbbell Set,1,1831.89,0.0,1831.89,1074.07,757.82,Cash,In-store,Mona K.,0,4.0,False,False
ORD102329,2024-04-05,CUST0169,Sara Mostafa,Alexandria,Consumer,Sports,Dumbbell Set,1,1832.44,0.0,1832.44,1095.91,736.53,Cash,In-store,Sara M.,0,4.0,False,False
ORD100991,2023-07-14,CUST0577,Laila El-Sayed,Alexandria,SMB,Beauty,Hair Dryer,1,927.61,0.0,927.61,430.43,497.18,Card,In-store,Youssef A.,0,4.0,False,False
ORD105802,2025-11-25,CUST0310,Adel Farouk,Cairo,Consumer,Electronics,Bluetooth Speaker,1,918.14,20.0,734.51,531.77,202.74,Card,Online,,3,4.0,True,False
ORD101484,2023-11-17,CUST0358,Amr Aziz,Cairo,Consumer,Sports,Running Shoes,1,1705.22,0.0,1705.22,852.42,852.8,Card,In-store,Mona K.,0,3.0,False,False
ORD100716,2023-05-07,CUST0415,Laila Farouk,Cairo,Consumer,Clothing,Men's T-Shirt,1,325.65,0.0,325.65,143.25,182.4,Card,In-store,Sara M.,0,5.0,False,False
ORD100010,2023-01-03,CUST0049,Hassan Mahmoud,Alexandria,Consumer,Electronics,Bluetooth Speaker,2,917.31,0.0,1834.62,1095.92,738.7,Card,Online,Omar F.,5,4.0,False,False
ORD102789,2024-07-01,CUST0235,Sara Aziz,Mansoura,Enterprise,Electronics,Wireless Earbuds,1,1187.46,0.0,1187.46,754.94,432.52,Card,Online,Mona K.,2,5.0,False,False
ORD101669,2023-12-15,CUST0027,Heba Ibrahim,Cairo,Consumer,Groceries,Rice 5kg,1,236.35,0.0,236.35,154.96,81.39,Mobile Wallet,Online,,4,,False,False
ORD103567,2024-11-30,CUST0549,Youssef Hassan,Cairo,SMB,SPORTS,Yoga Mat,1,436.99,5.0,415.14,216.85,198.29,Card,Online,Sara M.,2,4.0,True,False
ORD103943,2025-02-01,CUST0585,Hassan Abdel Rahman,Tanta,Consumer,Electronics,Wireless Earbuds,1,1153.5,0.0,1153.5,752.12,401.38,Cash,Online,Mona K.,2,4.0,False,False
ORD100286,2023-03-06,CUST0064,Khaled Mahmoud,Mansoura,Consumer,Clothing,Women's Dress,1,946.86,0.0,946.86,385.86,561.0,Mobile Wallet,In-store,Mona K.,0,4.0,False,False
ORD102590,2024-05-25,CUST0495,Rania Mostafa,Giza,Consumer,Home & Kitchen,Coffee Maker,1,1463.42,0.0,1463.42,890.54,572.88,Mobile Wallet,In-store,Nourhan S.,0,5.0,False,False
ORD102790,2024-07-01,CUST0561,Mona Ibrahim,Cairo,Consumer,Home & Kitchen,Coffee Maker,5,1481.18,20.0,5924.72,4254.35,1670.37,Card,Online,Khaled T.,2,5.0,True,False
ORD100445,2023-03-29,CUST0086,Karim Khalil,Alexandria,Consumer,Home & Kitchen,Vacuum Cleaner,1,3429.71,0.0,3429.71,1837.25,1592.46,Card,Online,Mona K.,4,5.0,False,False
ORD102392,2024-04-17,CUST0287,Karim Aziz,Cairo,SMB,Home & Kitchen,Air Fryer,1,2916.37,0.0,2916.37,1639.19,1277.18,Card,In-store,Khaled T.,0,4.0,False,False
ORD101876,2024-01-26,CUST0321,Rania Mahmoud,Cairo,Consumer,Home & Kitchen,Air Fryer,2,2732.92,0.0,5465.84,3307.38,2158.46,Card,Online,Youssef A.,2,4.0,False,False
ORD100831,2023-06-01,CUST0172,Amr El-Sayed,Giza,Consumer,Electronics,Smart Watch,1,3483.33,0.0,3483.33,2106.35,1376.98,Cash,In-store,Youssef A.,0,3.0,False,False
ORD102152,2024-03-12,CUST0385,Adel Mahmoud,Aswan,Consumer,Electronics,Wireless Earbuds,1,1208.23,0.0,1208.23,783.49,424.74,Card,Online,Omar F.,3,4.0,False,False
ORD104196,2025-03-02,CUST0082,Karim Ibrahim,cairo,SMB,Electronics,Power Bank,1,602.61,0.0,602.61,341.25,261.36,Cash,Online,Omar F.,2,,False,False
ORD103965,2025-02-05,CUST0068,Mona Sherif,Cairo,SMB,Groceries,Coffee 250g,3,179.29,0.0,537.87,310.77,227.1,Mobile Wallet,Online,Mona K.,1,5.0,False,False
ORD104878,2025-06-11,CUST0459,Amr Ibrahim,Tanta,Consumer,Electronics,Phone Case,2,241.37,0.0,482.74,184.7,298.04,Card,Phone,Sara M.,0,5.0,False,False
ORD104900,2025-06-15,CUST0393,Yasmin Aziz,Cairo,Consumer,Beauty,Makeup Kit,1,626.94,0.0,626.94,238.16,388.78,Cash,In-store,Mona K.,0,5.0,False,False
ORD102904,2024-07-29,CUST0513,Mahmoud Abdel Rahman,Mansoura,Enterprise,Home & Kitchen,Cookware Set,1,2095.56,0.0,2095.56,1270.6,824.96,Card,In-store,Sara M.,0,4.0,False,False
ORD102262,2024-03-26,CUST0473,Ahmed Mostafa,Cairo,Consumer,Home & Kitchen,Cookware Set,1,2312.81,0.0,2312.81,1258.19,1054.62,Cash,In-store,Omar F.,0,5.0,False,False
ORD100496,2023-04-05,CUST0545,Laila Ibrahim,Mansoura,Consumer,Electronics,Power Bank,2,599.59,0.0,1199.18,686.92,512.26,Card,Online,Sara M.,2,5.0,False,False
ORD102191,2024-03-18,CUST0189,Khaled Sherif,Alexandria,Enterprise,Electronics,Smart Watch,1,3419.33,0.0,3419.33,2127.59,1291.74,Mobile Wallet,In-store,Mona K.,0,2.0,False,False
ORD100828,2023-05-31,CUST0199,Khaled Abdel Rahman,Cairo,Consumer,Sports,Yoga Mat,1,451.85,0.0,451.85,211.01,240.84,Cash,In-store,Youssef A.,0,4.0,False,False
ORD103656,2024-12-16,CUST0450,Khaled Hassan,Tanta,Consumer,Sports,Running Shoes,2,1716.11,0.0,3432.22,1682.7,1749.52,Cash,Online,Khaled T.,5,5.0,False,False
ORD102210,2024-03-19,CUST0562,Amr Farouk,cairo,Consumer,Electronics,Power Bank,1,595.14,0.0,595.14,341.16,253.98,Cash,Online,,2,4.0,False,False
ORD103715,2024-12-28,CUST0289,Nourhan Sherif,Alexandria,SMB,Beauty,Hair Dryer,5,848.8,0.0,4244.0,2342.35,1901.65,Mobile Wallet,In-store,Nourhan S.,0,5.0,False,False
ORD100767,2023-05-16,CUST0332,Ahmed Ibrahim,Cairo,Consumer,Clothing,Jeans,1,731.34,0.0,731.34,324.02,407.32,Card,In-store,Omar F.,0,5.0,False,False
ORD103209,2024-10-04,CUST0566,Khaled Farouk,Alexandria,Consumer,Home & Kitchen,Air Fryer,1,2683.48,0.0,2683.48,1722.28,961.2,Mobile Wallet,Online,Mona K.,1,5.0,False,False
ORD103089,2024-09-11,CUST0132,Youssef Aziz,Cairo,Consumer,Clothing,Men's T-Shirt,1,336.4,0.0,336.4,148.99,187.41,Card,Online,Nourhan S.,3,4.0,False,False
ORD105234,2025-08-24,CUST0520,Mahmoud Abdel Rahman,Giza,Consumer,Beauty,Skincare Set,1,796.32,0.0,796.32,348.51,447.81,Card,Online,Omar F.,2,4.0,False,False
ORD104104,2025-02-19,CUST0202,Heba Mostafa,Alexandria,Consumer,Home & Kitchen,Coffee Maker,1,1406.29,0.0,1406.29,888.13,518.16,Cash,Online,Omar F.,5,4.0,False,False
ORD105316,2025-09-09,CUST0285,Ahmed Hassan,Mansoura,Consumer,Beauty,Skincare Set,2,797.85,0.0,1595.7,691.34,904.36,Cash,In-store,Sara M.,0,1.0,False,False
ORD103298,2024-10-21,CUST0032,Salma Sherif,Cairo,Consumer,Clothing,Hoodie,1,655.77,0.0,655.77,314.25,341.52,Mobile Wallet,Online,Omar F.,2,4.0,False,False
ORD102495,2024-05-08,CUST0162,Ahmed Aziz,Giza,Enterprise,CLOTHING,Jeans,1,742.13,0.0,742.13,318.83,423.3,Installment,Phone,Khaled T.,0,5.0,False,False
ORD103879,2025-01-21,CUST0109,Laila Ibrahim,tanta,SMB,Clothing,Women's Dress,2,895.94,0.0,1791.88,764.32,1027.56,Cash,In-store,Youssef A.,0,5.0,False,False
ORD106021,2025-12-25,CUST0469,Nada Ibrahim,Cairo,Consumer,Beauty,Hair Dryer,1,913.45,0.0,913.45,441.08,472.37,Mobile Wallet,In-store,Khaled T.,0,,False,False
ORD102915,2024-08-02,CUST0579,Omar Aziz,Tanta,Consumer,Beauty,Makeup Kit,2,629.64,0.0,1259.28,519.76,739.52,Cash,In-store,Nourhan S.,0,4.0,False,False
ORD102628,2024-05-31,CUST0130,Salma El-Sayed,Cairo,Consumer,Home & Kitchen,Air Fryer,1,2809.58,0.0,2809.58,1751.77,1057.81,Card,Online,,3,5.0,False,False
ORD103546,2024-11-29,CUST0236,Sara Sherif,Cairo,SMB,Clothing,Jeans,2,744.87,15.0,1266.28,620.5,645.78,Card,Online,,1,,True,False
ORD100869,2023-06-10,CUST0060,Hassan Sherif,,SMB,Beauty,Perfume,1,1299.85,0.0,1299.85,610.48,689.37,Card,In-store,Youssef A.,0,4.0,False,False
ORD103955,2025-02-04,CUST0510,Nada Aziz,Alexandria,SMB,Groceries,Coffee 250g,1,192.09,0.0,192.09,97.48,94.61,Cash,Online,,3,2.0,False,False
ORD102253,2024-03-24,CUST0556,Rania El-Sayed,Tanta,Consumer,Clothing,Sneakers,1,1505.06,0.0,1505.06,720.5,784.56,Card,Online,Mona K.,3,5.0,False,False
ORD104999,2025-07-03,CUST0171,Heba Hassan,Aswan,Consumer,Clothing,Women's Dress,2,955.85,0.0,1911.7,760.44,1151.26,Cash,Online,Sara M.,4,5.0,False,False
ORD100581,2023-04-16,CUST0503,Ahmed Farouk,Aswan,Consumer,Clothing,Jeans,2,739.05,0.0,-1478.1,660.7,-817.4,Mobile Wallet,In-store,Mona K.,0,4.0,False,True
ORD106000,2025-12-20,CUST0161,Karim Khalil,Cairo,Consumer,Clothing,Jeans,1,738.4,0.0,738.4,304.24,434.16,Mobile Wallet,In-store,Youssef A.,0,5.0,False,False
ORD103185,2024-09-28,CUST0110,Mahmoud Aziz,Giza,Consumer,Beauty,Makeup Kit,1,561.79,0.0,561.79,261.38,300.41,Mobile Wallet,In-store,Sara M.,0,5.0,False,False
ORD100486,2023-04-04,CUST0259,Omar Farouk,Giza,Consumer,Groceries,Coffee 250g,2,182.92,15.0,310.96,203.1,107.86,Cash,Online,Omar F.,2,5.0,True,False
ORD103049,2024-09-05,CUST0001,Omar Mostafa,Alexandria,SMB,Groceries,Coffee 250g,2,192.23,0.0,384.46,202.72,181.74,Cash,In-store,Khaled T.,0,4.0,False,False
ORD103889,2025-01-23,CUST0354,Karim Mostafa,Cairo,Consumer,Electronics,Power Bank,2,643.41,0.0,1286.82,673.98,612.84,Card,Online,Youssef A.,4,3.0,False,False
ORD104741,2025-05-19,CUST0353,Karim Sherif,Cairo,Consumer,Groceries,Olive Oil 1L,1,282.78,0.0,282.78,182.07,100.71,Cash,Online,Sara M.,5,4.0,False,False
ORD106060,2025-12-31,CUST0180,Yasmin Farouk,Aswan,Consumer,Home & Kitchen,Vacuum Cleaner,1,3416.7,0.0,3416.7,1874.42,1542.28,Mobile Wallet,Phone,Mona K.,0,4.0,False,False
ORD105042,2025-07-13,CUST0298,Mahmoud Sherif,giza,Consumer,Beauty,Perfume,2,1244.51,10.0,2240.12,1173.72,1066.4,Cash,Online,Nourhan S.,2,4.0,True,False
ORD102011,2024-02-22,CUST0177,Amr Abdel Rahman,Alexandria,SMB,Electronics,Smart Watch,1,3252.09,0.0,3252.09,1999.71,1252.38,Mobile Wallet,Online,Nourhan S.,3,2.0,False,False
ORD102908,2024-07-29,CUST0074,Nada Aziz,Cairo,Enterprise,Clothing,Jeans,1,775.08,0.0,775.08,316.9,458.18,Card,Online,,5,5.0,False,False
ORD103784,2025-01-05,CUST0337,Yasmin Ibrahim,Cairo,SMB,Sports,Running Shoes,1,1647.79,0.0,1647.79,851.28,796.51,Card,Online,,2,2.0,False,False
ORD102715,2024-06-15,CUST0259,Omar Farouk,Giza,Consumer,Home & Kitchen,Cookware Set,1,2061.96,20.0,1649.57,1311.89,337.68,Mobile Wallet,Online,,7,2.0,True,False
ORD101487,2023-11-20,CUST0018,Adel Mahmoud,Cairo,Consumer,Sports,Running Shoes,1,1489.93,20.0,1191.94,863.95,327.99,Mobile Wallet,Online,Nourhan S.,4,4.0,True,False
ORD104100,2025-02-19,CUST0505,Ahmed Abdel Rahman,Alexandria,SMB,GROCERIES,Olive Oil 1L,1,294.38,0.0,294.38,183.0,111.38,Installment,Online,Mona K.,1,4.0,False,False
ORD103981,2025-02-06,CUST0529,Adel Khalil,Alexandria,Consumer,Groceries,Honey Jar,1,343.47,0.0,343.47,196.03,147.44,Card,In-store,Khaled T.,0,5.0,False,False
ORD105134,2025-08-02,CUST0004,Adel Mahmoud,Giza,Consumer,Groceries,Olive Oil 1L,1,259.01,25.0,194.26,173.9,20.36,Cash,In-store,Omar F.,0,5.0,True,False
ORD102407,2024-04-19,CUST0214,Rania Khalil,Alexandria,SMB,Groceries,Rice 5kg,1,227.34,0.0,227.34,155.33,72.01,Cash,Online,,3,4.0,False,False
ORD102325,2024-04-05,CUST0124,Nada Ibrahim,Cairo,SMB,Home & Kitchen,Coffee Maker,1,1414.14,0.0,1414.14,851.71,562.43,Mobile Wallet,Online,Youssef A.,3,4.0,False,False
ORD100267,2023-03-03,CUST0103,Adel Sherif,Giza,Consumer,Sports,Dumbbell Set,1,1728.67,0.0,1728.67,1145.68,582.99,Mobile Wallet,Online,Youssef A.,5,5.0,False,False
ORD105587,2025-10-27,CUST0352,Sara Sherif,Mansoura,Consumer,Home & Kitchen,Vacuum Cleaner,1,2976.5,0.0,2976.5,1828.85,1147.65,Mobile Wallet,Online,,4,5.0,False,False
ORD100750,2023-05-14,CUST0483,Adel Hassan,Tanta,Consumer,Clothing,Jeans,1,742.86,0.0,742.86,312.08,430.78,Cash,In-store,Youssef A.,0,3.0,False,False
ORD100492,2023-04-05,CUST0541,Dina Sherif,Alexandria,SMB,Electronics,Smart Watch,2,3750.42,0.0,7500.84,4047.1,3453.74,Card,Online,,3,5.0,False,False
ORD101894,2024-01-29,CUST0448,Laila Abdel Rahman,Cairo,Consumer,Electronics,Phone Case,1,263.06,0.0,263.06,90.03,173.03,Card,Online,Nourhan S.,1,5.0,False,False
ORD104542,2025-04-14,CUST0482,Yasmin El-Sayed,Mansoura,SMB,Clothing,Men's T-Shirt,1,376.25,0.0,376.25,146.36,229.89,Cash,Online,,0,4.0,False,False
ORD104002,2025-02-08,CUST0061,Dina Hassan,Aswan,Consumer,Sports,Football,1,408.74,0.0,408.74,179.02,229.72,Cash,Online,Omar F.,1,4.0,False,False
ORD102422,2024-04-22,CUST0437,Mona Mostafa,Cairo,SMB,CLOTHING,Jeans,1,701.07,0.0,701.07,322.13,378.94,Card,In-store,Nourhan S.,0,2.0,False,False
ORD105296,2025-09-06,CUST0077,Hassan Farouk,Cairo,Consumer,Electronics,Phone Case,1,241.76,0.0,241.76,89.5,152.26,Card,In-store,Khaled T.,0,2.0,False,False
ORD103131,2024-09-18,CUST0572,Karim Sherif,Alexandria,SMB,Groceries,Rice 5kg,2,229.92,15.0,390.86,289.82,101.04,Card,In-store,Khaled T.,0,1.0,True,False
ORD103189,2024-09-28,CUST0574,Karim El-Sayed,Alexandria,SMB,Clothing,Hoodie,1,636.9,0.0,636.9,288.11,348.79,Cash,Online,Youssef A.,2,4.0,False,False
ORD105343,2025-09-14,CUST0246,Nada Aziz,Giza,SMB,Beauty,Perfume,1,1373.41,0.0,1373.41,571.41,802.0,Mobile Wallet,Online,,0,5.0,False,False
ORD105579,2025-10-25,CUST0273,Adel Khalil,Tanta,Enterprise,Electronics,Smart Watch,2,3751.09,0.0,-7502.18,4185.42,-3316.76,Cash,Online,Mona K.,3,4.0,False,True
ORD104714,2025-05-14,CUST0557,Omar Sherif,Giza,Enterprise,Groceries,Rice 5kg,1,227.67,0.0,227.67,143.52,84.15,Cash,In-store,Mona K.,0,2.0,False,False
ORD100566,2023-04-15,CUST0035,Heba Khalil,Cairo,Consumer,Home & Kitchen,Coffee Maker,1,1448.96,0.0,1448.96,821.26,627.7,Card,In-store,Khaled T.,0,,False,False
ORD101225,2023-09-18,CUST0090,Ahmed Hassan,,Enterprise,Beauty,Hair Dryer,1,836.41,0.0,836.41,437.31,399.1,Cash,Online,Omar F.,1,3.0,False,False
ORD101678,2023-12-18,CUST0079,Dina Khalil,Aswan,Consumer,Home & Kitchen,Coffee Maker,5,1531.04,10.0,6889.68,4409.15,2480.53,Card,Online,Mona K.,1,2.0,True,False
ORD105837,2025-11-27,CUST0406,Mona Khalil,cairo,SMB,Groceries,Honey Jar,3,316.01,25.0,711.02,598.47,112.55,Cash,In-store,Omar F.,0,5.0,True,False
ORD101656,2023-12-11,CUST0492,Salma Aziz,Alexandria,Consumer,Electronics,Phone Case,1,266.28,0.0,266.28,93.23,173.05,Cash,Online,Khaled T.,0,3.0,False,False
ORD105126,2025-08-01,CUST0245,Karim Ibrahim,giza,SMB,Beauty,Skincare Set,1,786.27,0.0,786.27,345.41,440.86,Cash,Online,,3,5.0,False,False
ORD105934,2025-12-07,CUST0360,Rania Khalil,Giza,Consumer,Groceries,Coffee 250g,5,191.9,0.0,959.5,478.95,480.55,Installment,Online,Omar F.,2,5.0,False,False
ORD104003,2025-02-08,CUST0241,Omar Khalil,Alexandria,SMB,Beauty,Perfume,1,1345.91,0.0,1345.91,625.13,720.78,Mobile Wallet,In-store,Sara M.,0,4.0,False,False
ORD105041,2025-07-13,CUST0446,Mona Hassan,Cairo,Consumer,Groceries,Coffee 250g,1,193.96,0.0,193.96,98.16,95.8,Cash,In-store,Youssef A.,0,5.0,False,False
ORD101526,2023-11-23,CUST0134,Sara Ibrahim,Giza,Consumer,Electronics,Bluetooth Speaker,1,876.57,15.0,745.08,572.01,173.07,Card,Online,,4,,True,False
ORD102440,2024-04-27,CUST0525,Nada Abdel Rahman,Cairo,SMB,Clothing,Men's T-Shirt,1,341.83,0.0,341.83,142.75,199.08,Card,In-store,Khaled T.,0,5.0,False,False
ORD102932,2024-08-05,CUST0412,Mahmoud Khalil,Alexandria,Consumer,Electronics,Bluetooth Speaker,2,928.16,0.0,1856.32,1068.9,787.42,Card,Online,Youssef A.,0,5.0,False,False
ORD104614,2025-04-26,CUST0538,Sara Ibrahim,Giza,SMB,Beauty,Skincare Set,1,822.59,0.0,822.59,337.04,485.55,Card,In-store,,0,3.0,False,False
ORD104576,2025-04-18,CUST0156,Youssef Khalil,Tanta,Consumer,Electronics,Bluetooth Speaker,1,894.56,0.0,894.56,536.09,358.47,Installment,Online,,0,5.0,False,False
ORD100800,2023-05-23,CUST0572,Karim Sherif,Alexandria,SMB,Home & Kitchen,Coffee Maker,3,1559.54,0.0,4678.62,2592.45,2086.17,Cash,Online,Mona K.,2,4.0,False,False
ORD102083,2024-03-04,CUST0419,Amr Abdel Rahman,Alexandria,Consumer,Clothing,Hoodie,1,668.17,0.0,668.17,296.35,371.82,Mobile Wallet,Phone,Khaled T.,0,2.0,False,False
ORD101269,2023-09-27,CUST0562,Amr Farouk,Cairo,Consumer,Sports,Yoga Mat,1,424.16,0.0,424.16,223.29,200.87,Cash,Online,Khaled T.,2,4.0,False,False
ORD104105,2025-02-20,CUST0228,Karim Sherif,Alexandria,SMB,Clothing,Jeans,1,710.73,0.0,710.73,314.48,396.25,Cash,Online,,1,,False,False
ORD103599,2024-12-06,CUST0270,Salma Sherif,Giza,SMB,Beauty,Makeup Kit,1,639.16,0.0,639.16,249.96,389.2,Card,Phone,Nourhan S.,0,4.0,False,False
ORD104328,2025-03-17,CUST0249,Yasmin Aziz,Alexandria,Consumer,Electronics,Wireless Earbuds,1,1230.17,5.0,1168.66,714.93,453.73,Card,In-store,Nourhan S.,0,3.0,True,False
ORD103392,2024-11-11,CUST0054,Yasmin Khalil,Cairo,SMB,Clothing,Women's Dress,1,902.37,0.0,902.37,399.84,502.53,Installment,In-store,Sara M.,0,3.0,False,False
ORD100441,2023-03-29,CUST0279,Adel Abdel Rahman,Mansoura,Enterprise,Clothing,Hoodie,1,670.13,0.0,670.13,286.19,383.94,Cash,In-store,Youssef A.,0,3.0,False,False
ORD104622,2025-04-27,CUST0296,Karim Ibrahim,Mansoura,SMB,Clothing,Sneakers,1,1479.74,0.0,1479.74,672.02,807.72,Cash,In-store,Nourhan S.,0,5.0,False,False
ORD100625,2023-04-22,CUST0091,Mona Farouk,Mansoura,Consumer,Home & Kitchen,Cookware Set,1,2139.24,0.0,2139.24,1336.52,802.72,Card,In-store,Mona K.,0,2.0,False,False
ORD105731,2025-11-18,CUST0116,Mona Ibrahim,Cairo,Enterprise,Clothing,Jeans,3,692.08,0.0,2076.24,919.89,1156.35,Mobile Wallet,In-store,Omar F.,0,5.0,False,False
ORD105469,2025-10-06,CUST0373,Tarek Aziz,Cairo,Consumer,Electronics,Bluetooth Speaker,1,981.36,0.0,981.36,565.07,416.29,Card,Phone,Youssef A.,0,2.0,False,False
ORD104191,2025-03-01,CUST0376,Mahmoud Ibrahim,Giza,Consumer,Sports,Yoga Mat,1,485.14,0.0,485.14,217.92,267.22,Mobile Wallet,Online,Youssef A.,5,4.0,False,False
ORD103947,2025-02-01,CUST0128,Rania Aziz,Alexandria,Consumer,Home & Kitchen,Blender,2,1165.13,0.0,2330.26,1170.18,1160.08,Cash,Online,Youssef A.,0,5.0,False,False
ORD105829,2025-11-27,CUST0551,Mona Hassan,Alexandria,Consumer,Electronics,Power Bank,1,573.43,20.0,458.74,333.56,125.18,Cash,Online,,2,2.0,True,False
ORD100416,2023-03-24,CUST0542,Adel El-Sayed,Alexandria,SMB,Clothing,Men's T-Shirt,1,362.68,0.0,362.68,155.04,207.64,Mobile Wallet,Online,,2,4.0,False,False
ORD100210,2023-02-17,CUST0408,Khaled Aziz,Giza,Consumer,Groceries,Rice 5kg,1,203.1,0.0,203.1,143.44,59.66,Cash,Online,Omar F.,3,5.0,False,False
ORD101200,2023-09-11,CUST0055,Youssef Ibrahim,Alexandria,Consumer,Groceries,Honey Jar,1,339.92,0.0,339.92,198.51,141.41,Cash,Online,Mona K.,1,5.0,False,False
ORD101505,2023-11-21,CUST0380,Amr Khalil,Giza,Consumer,Sports,Football,2,377.49,5.0,717.23,357.96,359.27,Card,In-store,Sara M.,0,4.0,True,False
ORD104006,2025-02-09,CUST0527,Omar Ibrahim,Cairo,Consumer,Home & Kitchen,Coffee Maker,2,1530.69,0.0,3061.38,1640.22,1421.16,Cash,Online,,1,2.0,False,False
ORD104378,2025-03-23,CUST0468,Laila Sherif,Alexandria,Enterprise,Sports,Running Shoes,2,1548.11,0.0,3096.22,1743.12,1353.1,Card,Online,,7,4.0,False,False
ORD101131,2023-08-26,CUST0502,Mahmoud Mahmoud,Giza,Consumer,Electronics,Smart Watch,2,3623.76,0.0,7247.52,4283.92,2963.6,Cash,In-store,Nourhan S.,0,3.0,False,False
ORD103852,2025-01-16,CUST0111,Salma Mahmoud,Giza,Consumer,Clothing,Women's Dress,1,949.45,0.0,949.45,411.31,538.14,Card,In-store,Mona K.,0,4.0,False,False
ORD102438,2024-04-26,CUST0240,Salma Ibrahim,Mansoura,SMB,Clothing,Women's Dress,5,838.6,0.0,4193.0,2028.6,2164.4,Mobile Wallet,Phone,Sara M.,0,2.0,False,False
ORD102300,2024-03-30,CUST0426,Nada Ibrahim,Cairo,Consumer,Clothing,Hoodie,1,684.81,0.0,684.81,312.47,372.34,Card,Online,Sara M.,5,5.0,False,False
ORD101158,2023-09-02,CUST0515,Salma El-Sayed,Mansoura,Consumer,Clothing,Men's T-Shirt,1,348.85,0.0,348.85,156.52,192.33,Card,Phone,Mona K.,0,4.0,False,False
ORD102939,2024-08-07,CUST0306,Karim Aziz,Aswan,Consumer,Beauty,Hair Dryer,1,854.16,0.0,854.16,440.97,413.19,Installment,Online,,1,3.0,False,False
ORD105942,2025-12-09,CUST0425,Sara Hassan,Cairo,SMB,Sports,Football,1,379.83,0.0,379.83,182.5,197.33,Card,In-store,Mona K.,0,5.0,False,False
ORD100521,2023-04-08,CUST0566,Khaled Farouk,Alexandria,Consumer,Clothing,Men's T-Shirt,1,374.73,0.0,374.73,153.17,221.56,Cash,Phone,Nourhan S.,0,3.0,False,False
ORD101352,2023-10-16,CUST0580,Mahmoud Mostafa,Giza,SMB,Beauty,Hair Dryer,2,910.44,0.0,1820.88,893.3,927.58,Installment,Online,,7,3.0,False,False
ORD101037,2023-07-27,CUST0585,Hassan Abdel Rahman,tanta,Consumer,Electronics,Smart Watch,1,3368.36,0.0,3368.36,2041.47,1326.89,Card,Phone,Mona K.,0,5.0,False,False
ORD104765,2025-05-23,CUST0096,Karim Abdel Rahman,tanta,Consumer,Home & Kitchen,Vacuum Cleaner,1,2956.3,0.0,2956.3,1990.4,965.9,Cash,Phone,Omar F.,0,4.0,False,False
ORD104114,2025-02-21,CUST0516,Karim Hassan,Cairo,Consumer,Electronics,Wireless Earbuds,1,1215.91,0.0,1215.91,770.22,445.69,Mobile Wallet,In-store,Khaled T.,0,3.0,False,False
ORD102925,2024-08-03,CUST0489,Amr Sherif,Cairo,SMB,Groceries,Honey Jar,1,345.01,0.0,345.01,204.16,140.85,Cash,In-store,Omar F.,0,4.0,False,False
ORD105076,2025-07-21,CUST0407,Tarek Abdel Rahman,Aswan,Consumer,Electronics,Phone Case,2,251.8,0.0,503.6,181.28,322.32,Installment,In-store,Omar F.,0,5.0,False,False
ORD103062,2024-09-06,CUST0313,Salma Farouk,Cairo,Consumer,Beauty,Hair Dryer,1,881.28,0.0,881.28,455.15,426.13,Card,Online,Mona K.,4,5.0,False,False
ORD102770,2024-06-26,CUST0234,Salma Khalil,Cairo,Consumer,Clothing,Men's T-Shirt,1,373.3,0.0,-373.3,150.63,-222.67,Card,In-store,Sara M.,0,3.0,False,True
ORD104850,2025-06-06,CUST0013,Karim Sherif,Giza,Consumer,Beauty,Perfume,2,1301.66,0.0,2603.32,1156.7,1446.62,Card,In-store,Omar F.,0,5.0,False,False
ORD105359,2025-09-16,CUST0354,Karim Mostafa,Cairo,Consumer,Sports,Football,1,384.12,0.0,384.12,187.06,197.06,Card,In-store,Khaled T.,0,5.0,False,False
ORD103289,2024-10-19,CUST0119,Hassan Aziz,Tanta,Consumer,Home & Kitchen,Blender,1,1119.92,0.0,1119.92,603.48,516.44,Mobile Wallet,Online,Khaled T.,7,3.0,False,False
ORD100958,2023-07-04,CUST0590,Dina Abdel Rahman,Cairo,Consumer,Clothing,Hoodie,2,627.59,0.0,1255.18,604.52,650.66,Mobile Wallet,In-store,Mona K.,0,3.0,False,False
ORD105734,2025-11-19,CUST0350,Dina Hassan,Alexandria,SMB,Home & Kitchen,Blender,1,1034.1,0.0,1034.1,627.27,406.83,Card,In-store,Sara M.,0,3.0,False,False
ORD103495,2024-11-25,CUST0396,Youssef Aziz,Cairo,Consumer,Home & Kitchen,Cookware Set,1,2068.57,15.0,1758.28,1278.41,479.87,Installment,In-store,Youssef A.,0,5.0,True,False
ORD101446,2023-11-07,CUST0218,Yasmin El-Sayed,Tanta,Consumer,Beauty,Makeup Kit,2,553.23,0.0,1106.46,490.6,615.86,Card,Online,Sara M.,1,5.0,False,False
ORD102134,2024-03-10,CUST0520,Mahmoud Abdel Rahman,Giza,Consumer,Home & Kitchen,Vacuum Cleaner,1,2960.25,0.0,2960.25,1920.17,1040.08,Cash,In-store,Youssef A.,0,5.0,False,False
ORD100913,2023-06-23,CUST0040,Tarek Aziz,Alexandria,Consumer,Sports,Running Shoes,2,1699.44,0.0,3398.88,1759.72,1639.16,Mobile Wallet,Online,,3,5.0,False,False
ORD102515,2024-05-11,CUST0346,Salma Hassan,Aswan,SMB,Sports,Yoga Mat,1,418.82,5.0,397.88,212.55,185.33,Card,Online,Khaled T.,1,,True,False
ORD101964,2024-02-11,CUST0303,Laila Sherif,Alexandria,Consumer,Home & Kitchen,Coffee Maker,1,1554.83,0.0,1554.83,827.86,726.97,Card,In-store,Nourhan S.,0,5.0,False,False
ORD100418,2023-03-24,CUST0449,Laila Aziz,Alexandria,Consumer,Home & Kitchen,Vacuum Cleaner,2,3075.41,0.0,6150.82,3835.34,2315.48,Mobile Wallet,Online,,5,5.0,False,False
ORD100413,2023-03-24,CUST0393,Yasmin Aziz,Cairo,Consumer,Home & Kitchen,Blender,1,1113.53,0.0,1113.53,572.46,541.07,Mobile Wallet,In-store,Omar F.,0,1.0,False,False
ORD100197,2023-02-14,CUST0411,Rania Mostafa,giza,Consumer,Electronics,Wireless Earbuds,3,1130.31,0.0,3390.93,2258.46,1132.47,Cash,Online,Sara M.,2,4.0,False,False
ORD105994,2025-12-19,CUST0481,Khaled Mostafa,Alexandria,Consumer,Clothing,Sneakers,1,1476.41,0.0,1476.41,715.01,761.4,Mobile Wallet,In-store,Mona K.,0,2.0,False,False
ORD100285,2023-03-06,CUST0024,Amr Mahmoud,Mansoura,SMB,Clothing,Hoodie,5,681.26,0.0,3406.3,1551.85,1854.45,Card,Online,,0,2.0,False,False
ORD103921,2025-01-29,CUST0094,Sara Mahmoud,Alexandria,Consumer,Sports,Dumbbell Set,1,1829.42,0.0,1829.42,1083.7,745.72,Mobile Wallet,Online,Nourhan S.,2,5.0,False,False
ORD105232,2025-08-24,CUST0524,Hassan Ibrahim,giza,Consumer,Clothing,Hoodie,1,598.72,10.0,538.85,314.86,223.99,Mobile Wallet,Online,,2,5.0,True,False
ORD101569,2023-11-27,CUST0271,Mona Farouk,Aswan,Consumer,Clothing,Women's Dress,1,970.34,15.0,824.79,405.36,419.43,Card,Online,,3,3.0,True,False
ORD105266,2025-08-31,CUST0366,Khaled El-Sayed,Alexandria,Consumer,Home & Kitchen,Cookware Set,1,2223.92,5.0,2112.72,1281.69,831.03,Card,Online,Sara M.,1,4.0,True,False
ORD102733,2024-06-20,CUST0057,Amr Hassan,Tanta,Consumer,Groceries,Rice 5kg,1,219.79,0.0,219.79,147.65,72.14,Cash,Online,Youssef A.,1,,False,False
ORD103572,2024-11-30,CUST0219,Youssef Ibrahim,Cairo,SMB,Beauty,Hair Dryer,2,941.68,20.0,1506.69,906.34,600.35,Mobile Wallet,Online,,1,3.0,True,False
ORD105822,2025-11-26,CUST0489,Amr Sherif,Cairo,SMB,Clothing,Jeans,1,798.49,15.0,678.72,329.63,349.09,Card,In-store,Youssef A.,0,4.0,True,False
ORD101804,2024-01-12,CUST0333,Laila El-Sayed,Alexandria,Consumer,Clothing,Men's T-Shirt,1,341.22,0.0,341.22,150.22,191.0,Mobile Wallet,In-store,Omar F.,0,4.0,False,False
ORD100360,2023-03-17,CUST0205,Omar Mostafa,Alexandria,Consumer,Beauty,Makeup Kit,1,619.01,0.0,619.01,253.45,365.56,Card,Online,Sara M.,0,4.0,False,False
ORD104671,2025-05-06,CUST0307,Ahmed Farouk,Mansoura,Consumer,Beauty,Perfume,1,1281.8,0.0,1281.8,597.12,684.68,Card,Online,,4,5.0,False,False
ORD100694,2023-05-03,CUST0112,Dina Hassan,Alexandria,Consumer,Sports,Yoga Mat,1,450.21,0.0,450.21,219.19,231.02,Cash,In-store,Omar F.,0,2.0,False,False
ORD102753,2024-06-23,CUST0083,Nada Mahmoud,Aswan,SMB,Home & Kitchen,Air Fryer,1,2608.79,0.0,2608.79,1645.7,963.09,Card,In-store,Khaled T.,0,4.0,False,False
ORD103774,2025-01-04,CUST0181,Omar Mostafa,Mansoura,Consumer,Electronics,Bluetooth Speaker,3,961.3,0.0,2883.9,1596.42,1287.48,Cash,Online,,3,3.0,False,False
ORD100113,2023-01-26,CUST0140,Heba Abdel Rahman,Cairo,Consumer,Beauty,Perfume,2,1235.34,0.0,2470.68,1250.68,1220.0,Cash,Online,Sara M.,4,5.0,False,False
ORD100415,2023-03-24,CUST0178,Mahmoud Farouk,Alexandria,Consumer,Electronics,Bluetooth Speaker,2,988.37,0.0,1976.74,1127.86,848.88,Mobile Wallet,Online,,3,2.0,False,False
ORD105311,2025-09-09,CUST0491,Tarek Khalil,Alexandria,Consumer,Sports,Running Shoes,3,1509.35,0.0,4528.05,2676.51,1851.54,Mobile Wallet,Online,Youssef A.,1,,False,False
ORD100339,2023-03-14,CUST0138,Youssef Ibrahim,Tanta,Consumer,Electronics,Wireless Earbuds,2,1121.04,0.0,2242.08,1554.74,687.34,Card,Online,Youssef A.,2,5.0,False,False
ORD102535,2024-05-15,CUST0517,Omar Mostafa,Alexandria,Consumer,Groceries,Olive Oil 1L,1,269.92,25.0,202.44,184.07,18.37,Cash,In-store,Sara M.,0,2.0,True,False
ORD105173,2025-08-09,CUST0140,Heba Abdel Rahman,Cairo,Consumer,Clothing,Men's T-Shirt,1,363.01,25.0,272.26,152.72,119.54,Mobile Wallet,Online,Youssef A.,7,5.0,True,False
ORD103101,2024-09-13,CUST0417,Nourhan El-Sayed,tanta,Consumer,Electronics,Smart Watch,2,3327.98,0.0,6655.96,4395.58,2260.38,Mobile Wallet,In-store,Youssef A.,0,4.0,False,False
ORD101090,2023-08-13,CUST0417,Nourhan El-Sayed,Tanta,Consumer,Clothing,Jeans,1,715.78,0.0,715.78,324.19,391.59,Card,Online,,2,4.0,False,False
ORD102923,2024-08-03,CUST0235,Sara Aziz,Mansoura,Enterprise,Electronics,Phone Case,2,266.73,0.0,533.46,183.14,350.32,Cash,Phone,Youssef A.,0,,False,False
ORD100490,2023-04-04,CUST0394,Karim Mostafa,Alexandria,SMB,Home & Kitchen,Cookware Set,1,2315.16,0.0,2315.16,1290.25,1024.91,Card,In-store,Sara M.,0,4.0,False,False
ORD103394,2024-11-12,CUST0097,Khaled Mostafa,,SMB,Beauty,Skincare Set,1,782.88,0.0,782.88,350.65,432.23,Card,In-store,Omar F.,0,5.0,False,False
ORD102892,2024-07-27,CUST0204,Rania Farouk,Cairo,Consumer,Sports,Football,2,387.76,0.0,775.52,376.52,399.0,Cash,Online,,1,4.0,False,False
ORD100928,2023-06-27,CUST0323,Khaled Farouk,Cairo,SMB,Sports,Football,5,359.83,0.0,1799.15,867.95,931.2,Cash,Online,Nourhan S.,2,4.0,False,False
ORD101896,2024-01-29,CUST0094,Sara Mahmoud,Alexandria,Consumer,Clothing,Jeans,1,795.87,0.0,795.87,335.11,460.76,Cash,In-store,Youssef A.,0,5.0,False,False
ORD105475,2025-10-06,CUST0371,Heba El-Sayed,Cairo,Consumer,Electronics,Phone Case,1,251.25,0.0,251.25,88.98,162.27,Cash,In-store,Nourhan S.,0,3.0,False,False
ORD104256,2025-03-09,CUST0218,Yasmin El-Sayed,Tanta,Consumer,Beauty,Perfume,1,1282.65,0.0,1282.65,580.4,702.25,Card,Phone,Youssef A.,0,5.0,False,False
ORD105996,2025-12-19,CUST0375,Amr Khalil,Cairo,Consumer,Beauty,Makeup Kit,2,632.86,0.0,-1265.72,479.74,-785.98,Card,Online,Sara M.,7,5.0,False,True
ORD102235,2024-03-22,CUST0526,Laila Ibrahim,Giza,Enterprise,Sports,Dumbbell Set,2,1872.27,0.0,3744.54,2247.74,1496.8,Mobile Wallet,In-store,Mona K.,0,5.0,False,False
ORD104341,2025-03-18,CUST0106,Nada Aziz,Cairo,SMB,Sports,Running Shoes,1,1499.88,0.0,1499.88,810.4,689.48,Installment,In-store,Nourhan S.,0,4.0,False,False
ORD103440,2024-11-20,CUST0116,Mona Ibrahim,Cairo,Enterprise,Clothing,Sneakers,3,1308.05,25.0,2943.11,2180.91,762.2,Card,Online,Khaled T.,2,4.0,True,False
ORD105196,2025-08-16,CUST0231,Mona Hassan,Tanta,SMB,Groceries,Coffee 250g,1,187.72,0.0,187.72,97.12,90.6,Mobile Wallet,Online,,3,5.0,False,False
ORD102206,2024-03-19,CUST0318,Karim Ibrahim,Cairo,SMB,Groceries,Olive Oil 1L,1,275.96,0.0,275.96,176.76,99.2,Card,Online,Mona K.,5,5.0,False,False
ORD104072,2025-02-16,CUST0358,Amr Aziz,Cairo,Consumer,Sports,Running Shoes,5,1577.53,0.0,7887.65,4115.35,3772.3,Mobile Wallet,Online,,4,5.0,False,False
ORD103796,2025-01-06,CUST0310,Adel Farouk,Cairo,Consumer,Clothing,Hoodie,2,688.55,0.0,1377.1,597.02,780.08,Mobile Wallet,Online,,3,4.0,False,False
ORD106062,2025-12-31,CUST0020,Salma Mostafa,Giza,Consumer,Electronics,Wireless Earbuds,1,1274.22,0.0,1274.22,771.23,502.99,Card,Online,Mona K.,5,1.0,False,False
ORD101084,2023-08-11,CUST0193,Rania Aziz,Aswan,Consumer,Electronics,Phone Case,1,240.98,0.0,240.98,89.16,151.82,Cash,In-store,Omar F.,0,1.0,False,False
ORD102826,2024-07-11,CUST0147,Yasmin Farouk,Cairo,SMB,Groceries,Coffee 250g,1,187.68,20.0,150.14,98.35,51.79,Installment,Online,Omar F.,1,5.0,True,False
ORD106025,2025-12-26,CUST0076,Nourhan Khalil,Mansoura,SMB,Electronics,Smart Watch,1,3397.77,0.0,3397.77,2150.45,1247.32,Card,In-store,Mona K.,0,5.0,False,False
ORD102231,2024-03-22,CUST0061,Dina Hassan,Aswan,Consumer,Beauty,Hair Dryer,1,848.47,0.0,848.47,449.29,399.18,Installment,Online,,5,5.0,False,False
ORD102902,2024-07-29,CUST0449,Laila Aziz,Alexandria,Consumer,Home & Kitchen,Vacuum Cleaner,1,2978.53,0.0,2978.53,1937.41,1041.12,Card,In-store,Khaled T.,0,4.0,False,False
ORD104942,2025-06-22,CUST0558,Omar Ibrahim,Cairo,Consumer,Groceries,Honey Jar,1,345.33,0.0,345.33,202.81,142.52,Cash,In-store,Omar F.,0,4.0,False,False
ORD104785,2025-05-25,CUST0539,Laila Mahmoud,,SMB,Beauty,Hair Dryer,1,913.15,0.0,913.15,459.71,453.44,Card,In-store,Nourhan S.,0,4.0,False,False
ORD105641,2025-11-03,CUST0357,Mona Hassan,Aswan,Consumer,Electronics,Wireless Earbuds,1,1166.38,0.0,1166.38,770.51,395.87,Card,In-store,,0,5.0,False,False
ORD104039,2025-02-11,CUST0312,Mona Sherif,tanta,Consumer,Home & Kitchen,Blender,1,1047.5,0.0,1047.5,614.84,432.66,Cash,Online,,2,5.0,False,False
ORD101253,2023-09-23,CUST0404,Khaled Abdel Rahman,Cairo,Consumer,Beauty,Makeup Kit,1,638.39,0.0,638.39,237.6,400.79,Card,In-store,Mona K.,0,4.0,False,False
ORD101774,2024-01-04,CUST0156,Youssef Khalil,Tanta,Consumer,Electronics,Phone Case,2,234.43,0.0,468.86,185.34,283.52,Card,In-store,Khaled T.,0,3.0,False,False
ORD100274,2023-03-04,CUST0462,Mona Farouk,Tanta,Enterprise,Beauty,Makeup Kit,2,600.28,0.0,1200.56,514.76,685.8,Installment,Phone,Mona K.,0,5.0,False,False
ORD100183,2023-02-11,CUST0106,Nada Aziz,Cairo,SMB,Beauty,Hair Dryer,1,889.56,0.0,889.56,456.53,433.03,Card,Online,Sara M.,2,1.0,False,False
ORD104535,2025-04-12,CUST0582,Khaled Abdel Rahman,Alexandria,Consumer,Clothing,Sneakers,1,1344.25,0.0,1344.25,679.9,664.35,Mobile Wallet,Online,Mona K.,5,4.0,False,False
ORD105172,2025-08-09,CUST0322,Nourhan Ibrahim,Giza,Consumer,Groceries,Olive Oil 1L,1,291.07,0.0,291.07,173.72,117.35,Mobile Wallet,In-store,Nourhan S.,0,3.0,False,False
ORD104559,2025-04-17,CUST0129,Youssef Aziz,Cairo,Consumer,Electronics,Bluetooth Speaker,1,940.93,0.0,940.93,563.2,377.73,Card,In-store,Youssef A.,0,3.0,False,False
ORD103524,2024-11-28,CUST0068,Mona Sherif,Cairo,SMB,Home & Kitchen,Air Fryer,2,2791.39,20.0,4466.22,3309.72,1156.5,Mobile Wallet,In-store,Nourhan S.,0,5.0,True,False
ORD102138,2024-03-11,CUST0409,Ahmed Farouk,Cairo,Consumer,Clothing,Men's T-Shirt,1,357.97,15.0,304.27,147.17,157.1,Installment,Online,Mona K.,5,4.0,True,False
ORD103297,2024-10-21,CUST0221,Mahmoud Farouk,Alexandria,Consumer,Electronics,Wireless Earbuds,1,1222.97,25.0,917.23,783.18,134.05,Cash,Phone,Youssef A.,0,5.0,True,False
ORD105987,2025-12-18,CUST0223,Ahmed Ibrahim,Cairo,Consumer,Sports,Dumbbell Set,3,1850.35,0.0,5551.05,3234.51,2316.54,Mobile Wallet,Online,,5,3.0,False,False
ORD104147,2025-02-24,CUST0047,Ahmed Farouk,Tanta,Consumer,Beauty,Perfume,1,1332.71,0.0,1332.71,605.69,727.02,Card,Online,,2,4.0,False,False
ORD103772,2025-01-04,CUST0346,Salma Hassan,Aswan,SMB,Sports,Football,1,389.21,25.0,291.91,180.98,110.93,Mobile Wallet,Online,,2,4.0,True,False
ORD104950,2025-06-24,CUST0172,Amr El-Sayed,Giza,Consumer,Clothing,Hoodie,1,644.09,0.0,644.09,300.4,343.69,Cash,In-store,Youssef A.,0,4.0,False,False
ORD102725,2024-06-17,CUST0503,Ahmed Farouk,Aswan,Consumer,Sports,Dumbbell Set,1,1706.29,0.0,1706.29,1048.17,658.12,Card,Online,,7,3.0,False,False
ORD103439,2024-11-20,CUST0380,Amr Khalil,Giza,Consumer,Clothing,Sneakers,1,1467.97,15.0,1247.77,676.7,571.07,Mobile Wallet,Online,Youssef A.,3,4.0,True,False
ORD104631,2025-04-29,CUST0363,Youssef Hassan,Alexandria,Consumer,Electronics,Phone Case,1,253.53,15.0,215.5,91.56,123.94,Cash,In-store,Nourhan S.,0,2.0,True,False
ORD101855,2024-01-22,CUST0212,Ahmed Khalil,Cairo,Consumer,Groceries,Honey Jar,2,299.24,0.0,598.48,396.16,202.32,Mobile Wallet,In-store,Mona K.,0,5.0,False,False
ORD104331,2025-03-17,CUST0356,Nourhan Farouk,Cairo,Consumer,Beauty,Perfume,2,1382.35,10.0,2488.23,1239.92,1248.31,Installment,Online,Khaled T.,4,5.0,True,False
ORD101514,2023-11-22,CUST0021,Heba El-Sayed,Alexandria,SMB,Home & Kitchen,Coffee Maker,1,1427.37,10.0,1284.63,849.68,434.95,Cash,Online,Nourhan S.,5,5.0,True,False
ORD104777,2025-05-25,CUST0030,Mona Abdel Rahman,Cairo,Consumer,Clothing,Jeans,1,804.84,0.0,804.84,329.65,475.19,Card,In-store,Khaled T.,0,5.0,False,False
ORD100582,2023-04-16,CUST0071,Mahmoud Sherif,Giza,Consumer,Sports,Dumbbell Set,1,1821.3,0.0,1821.3,1139.93,681.37,Card,In-store,Youssef A.,0,5.0,False,False
ORD102450,2024-04-29,CUST0487,Laila Abdel Rahman,Aswan,Consumer,Electronics,Bluetooth Speaker,1,982.83,0.0,982.83,549.77,433.06,Card,Online,Omar F.,3,3.0,False,False
ORD100699,2023-05-05,CUST0143,Ahmed Ibrahim,Alexandria,Consumer,Home & Kitchen,Coffee Maker,1,1593.59,0.0,1593.59,879.35,714.24,Mobile Wallet,Online,,3,5.0,False,False
ORD101762,2024-01-02,CUST0511,Hassan Hassan,Mansoura,Consumer,BEAUTY,Perfume,1,1340.71,0.0,1340.71,612.43,728.28,Card,Phone,Sara M.,0,3.0,False,False
ORD100439,2023-03-28,CUST0122,Nada Khalil,Cairo,Consumer,Home & Kitchen,Coffee Maker,1,1478.59,0.0,1478.59,809.06,669.53,Mobile Wallet,In-store,Nourhan S.,0,4.0,False,False
ORD100528,2023-04-09,CUST0102,Nada Mostafa,Cairo,Enterprise,Clothing,Men's T-Shirt,1,368.71,0.0,368.71,154.27,214.44,Cash,In-store,Khaled T.,0,5.0,False,False
ORD104725,2025-05-16,CUST0041,Amr Ibrahim,Alexandria,Consumer,Electronics,Bluetooth Speaker,1,976.78,0.0,976.78,528.78,448.0,Card,In-store,Mona K.,0,5.0,False,False
ORD103441,2024-11-20,CUST0367,Dina Abdel Rahman,Cairo,Consumer,Beauty,Perfume,1,1316.21,10.0,1184.59,592.46,592.13,Cash,Online,Sara M.,3,4.0,True,False
ORD100718,2023-05-08,CUST0079,Dina Khalil,Aswan,Consumer,Sports,Yoga Mat,2,457.83,0.0,915.66,459.82,455.84,Cash,Online,Nourhan S.,5,1.0,False,False
ORD101464,2023-11-11,CUST0182,Nourhan Mostafa,alexandria,Consumer,Electronics,Smart Watch,1,3580.16,0.0,3580.16,2124.58,1455.58,Mobile Wallet,In-store,Sara M.,0,4.0,False,False
ORD104835,2025-06-04,CUST0283,Nada Khalil,Tanta,SMB,Beauty,Hair Dryer,1,844.03,0.0,844.03,432.72,411.31,Cash,Online,Mona K.,7,,False,False
ORD102688,2024-06-11,CUST0158,Salma Abdel Rahman,Mansoura,Consumer,Clothing,Men's T-Shirt,2,331.59,10.0,596.86,303.26,293.6,Card,Online,,2,5.0,True,False
ORD100239,2023-02-25,CUST0436,Tarek Khalil,Cairo,Consumer,Electronics,Smart Watch,1,3761.27,0.0,3761.27,2193.39,1567.88,Cash,Phone,Mona K.,0,2.0,False,False
ORD102876,2024-07-22,CUST0284,Hassan Mahmoud,Alexandria,Consumer,Home & Kitchen,Vacuum Cleaner,1,3004.21,0.0,3004.21,1862.39,1141.82,Card,Online,Nourhan S.,0,5.0,False,False
ORD101360,2023-10-20,CUST0232,Hassan Mahmoud,Tanta,Consumer,Sports,Running Shoes,1,1672.42,0.0,1672.42,838.68,833.74,Cash,In-store,Sara M.,0,2.0,False,False
ORD105787,2025-11-23,CUST0427,Nada Ibrahim,Cairo,Consumer,Groceries,Coffee 250g,1,193.3,10.0,173.97,104.67,69.3,Cash,In-store,Youssef A.,0,3.0,True,False
ORD102372,2024-04-12,CUST0524,Hassan Ibrahim,Giza,Consumer,Home & Kitchen,Coffee Maker,1,1553.24,0.0,1553.24,868.35,684.89,Card,Online,,2,4.0,False,False
ORD101879,2024-01-26,CUST0302,Sara Sherif,Giza,Consumer,Electronics,Bluetooth Speaker,2,925.11,0.0,1850.22,1152.7,697.52,Mobile Wallet,In-store,Youssef A.,0,3.0,False,False
ORD104866,2025-06-09,CUST0048,Dina Mahmoud,Cairo,Consumer,Home & Kitchen,Coffee Maker,1,1475.92,0.0,-1475.92,817.08,-658.84,Card,In-store,Sara M.,0,5.0,False,True
ORD103818,2025-01-11,CUST0161,Karim Khalil,Cairo,Consumer,Groceries,Honey Jar,1,337.98,0.0,337.98,190.09,147.89,Installment,Online,Sara M.,2,5.0,False,False
ORD100228,2023-02-22,CUST0365,Adel Hassan,Alexandria,Consumer,Beauty,Perfume,1,1285.16,0.0,1285.16,607.71,677.45,Cash,Phone,,0,5.0,False,False
ORD102257,2024-03-24,CUST0386,Youssef Mahmoud,Alexandria,Consumer,Home & Kitchen,Blender,1,1135.5,15.0,965.18,571.2,393.98,Cash,In-store,Mona K.,0,4.0,True,False
ORD101021,2023-07-21,CUST0505,Ahmed Abdel Rahman,Alexandria,SMB,Groceries,Rice 5kg,1,205.33,0.0,205.33,146.78,58.55,Mobile Wallet,In-store,Khaled T.,0,4.0,False,False
ORD104476,2025-04-01,CUST0435,Dina El-Sayed,Cairo,Consumer,Home & Kitchen,Cookware Set,2,2177.13,0.0,4354.26,2666.28,1687.98,Card,In-store,Sara M.,0,4.0,False,False
ORD101583,2023-11-28,CUST0300,Nourhan Khalil,Cairo,Enterprise,Clothing,Sneakers,1,1479.67,10.0,1331.7,722.65,609.05,Card,Online,,1,4.0,True,False
ORD103588,2024-12-03,CUST0141,Nourhan Hassan,Giza,Consumer,Groceries,Honey Jar,3,320.11,10.0,864.3,601.32,262.98,Cash,In-store,Mona K.,0,3.0,True,False
ORD103953,2025-02-03,CUST0020,Salma Mostafa,Giza,Consumer,Electronics,Power Bank,1,617.22,0.0,617.22,364.78,252.44,Card,Online,Omar F.,5,3.0,False,False
ORD101976,2024-02-13,CUST0153,Ahmed Hassan,Cairo,Enterprise,Home & Kitchen,Cookware Set,2,2335.54,0.0,4671.08,2607.26,2063.82,Card,Online,Mona K.,3,4.0,False,False
ORD104844,2025-06-05,CUST0313,Salma Farouk,Cairo,Consumer,Electronics,Phone Case,1,237.11,0.0,237.11,94.17,142.94,Mobile Wallet,In-store,,0,5.0,False,False
ORD101772,2024-01-04,CUST0225,Mahmoud El-Sayed,Cairo,Consumer,Sports,Running Shoes,1,1526.66,0.0,1526.66,859.0,667.66,Card,In-store,Khaled T.,0,3.0,False,False
ORD103739,2024-12-31,CUST0512,Nada Aziz,Mansoura,Consumer,Electronics,Power Bank,1,638.46,0.0,638.46,365.22,273.24,Card,In-store,Khaled T.,0,4.0,False,False
ORD105529,2025-10-17,CUST0161,Karim Khalil,Cairo,Consumer,Sports,Football,1,375.03,25.0,281.27,175.05,106.22,Mobile Wallet,Phone,Nourhan S.,0,5.0,True,False
ORD102399,2024-04-18,CUST0540,Omar Hassan,Giza,Consumer,Sports,Running Shoes,1,1548.34,0.0,1548.34,845.69,702.65,Installment,In-store,Nourhan S.,0,4.0,False,False
ORD103321,2024-10-26,CUST0307,Ahmed Farouk,Mansoura,Consumer,Clothing,Jeans,1,693.49,0.0,693.49,334.57,358.92,Card,Phone,Nourhan S.,0,3.0,False,False
ORD103628,2024-12-11,CUST0204,Rania Farouk,Cairo,Consumer,Electronics,Power Bank,1,573.46,0.0,573.46,350.1,223.36,Card,Online,,2,,False,False
ORD100052,2023-01-12,CUST0082,Karim Ibrahim,Cairo,SMB,Beauty,Perfume,2,1378.49,15.0,2343.43,1256.92,1086.51,Card,Online,,7,5.0,True,False
ORD100508,2023-04-07,CUST0016,Nada Aziz,Mansoura,Consumer,CLOTHING,Hoodie,1,639.53,0.0,639.53,290.54,348.99,Card,In-store,Youssef A.,0,4.0,False,False
ORD103109,2024-09-14,CUST0518,Nourhan Farouk,Cairo,SMB,Groceries,Coffee 250g,1,173.6,0.0,173.6,99.31,74.29,Card,Phone,Omar F.,0,5.0,False,False
ORD103682,2024-12-22,CUST0149,Hassan Farouk,Alexandria,Consumer,Beauty,Hair Dryer,2,839.62,0.0,1679.24,866.16,813.08,Card,In-store,Omar F.,0,,False,False
ORD103151,2024-09-22,CUST0489,Amr Sherif,Cairo,SMB,Home & Kitchen,Blender,1,1072.89,0.0,1072.89,571.7,501.19,Cash,Online,Sara M.,2,3.0,False,False
ORD103086,2024-09-11,CUST0197,Youssef Sherif,Giza,Consumer,Beauty,Makeup Kit,1,619.67,0.0,619.67,255.14,364.53,Cash,In-store,Sara M.,0,4.0,False,False
ORD101700,2023-12-24,CUST0342,Mahmoud Hassan,Mansoura,Consumer,BEAUTY,Hair Dryer,1,957.6,0.0,957.6,463.04,494.56,Mobile Wallet,In-store,Nourhan S.,0,4.0,False,False
ORD105179,2025-08-11,CUST0152,Nada Farouk,Aswan,SMB,Home & Kitchen,Air Fryer,1,3016.57,0.0,3016.57,1707.33,1309.24,Card,Online,Khaled T.,2,5.0,False,False
ORD102624,2024-05-31,CUST0444,Heba Farouk,Aswan,Consumer,Electronics,Phone Case,1,251.66,0.0,251.66,86.25,165.41,Cash,Online,,1,3.0,False,False
ORD104330,2025-03-17,CUST0160,Mona Sherif,Alexandria,Consumer,Electronics,Smart Watch,1,3692.8,0.0,3692.8,2026.31,1666.49,Cash,Phone,Omar F.,0,4.0,False,False
ORD105297,2025-09-06,CUST0196,Khaled Abdel Rahman,Cairo,SMB,Electronics,Smart Watch,1,3326.26,0.0,3326.26,2133.09,1193.17,Card,In-store,Mona K.,0,5.0,False,False
ORD101286,2023-10-02,CUST0141,Nourhan Hassan,Giza,Consumer,Beauty,Skincare Set,5,758.68,0.0,3793.4,1719.55,2073.85,Card,Online,,0,2.0,False,False
ORD105533,2025-10-18,CUST0486,Nada Sherif,Alexandria,Consumer,Home & Kitchen,Cookware Set,1,2245.06,0.0,2245.06,1328.16,916.9,Card,Online,Omar F.,2,1.0,False,False
ORD100479,2023-04-03,CUST0277,Tarek Mostafa,Mansoura,Consumer,Electronics,Wireless Earbuds,1,1185.5,0.0,1185.5,735.7,449.8,Installment,Online,Omar F.,0,4.0,False,False
ORD103990,2025-02-07,CUST0571,Yasmin Khalil,Cairo,Consumer,Beauty,Perfume,1,1375.96,0.0,1375.96,598.84,777.12,Cash,Online,Mona K.,4,5.0,False,False
ORD101802,2024-01-11,CUST0446,Mona Hassan,Cairo,Consumer,Home & Kitchen,Blender,1,1159.2,0.0,1159.2,589.5,569.7,Card,In-store,Sara M.,0,5.0,False,False
ORD102242,2024-03-23,CUST0238,Youssef Ibrahim,Giza,Consumer,Electronics,Phone Case,5,239.99,0.0,1199.95,466.5,733.45,Mobile Wallet,In-store,Khaled T.,0,4.0,False,False
ORD103457,2024-11-22,CUST0558,Omar Ibrahim,Cairo,Consumer,Clothing,Jeans,1,710.98,20.0,568.78,328.41,240.37,Card,Online,,1,4.0,True,False
ORD102453,2024-04-30,CUST0203,Khaled Sherif,Cairo,Consumer,Electronics,Power Bank,2,591.18,0.0,1182.36,674.62,507.74,Mobile Wallet,Online,,1,5.0,False,False
ORD101615,2023-12-02,CUST0571,Yasmin Khalil,Cairo,Consumer,Sports,Football,1,389.26,0.0,389.26,187.06,202.2,Mobile Wallet,Online,Khaled T.,0,5.0,False,False
ORD104980,2025-06-29,CUST0129,Youssef Aziz,Cairo,Consumer,Electronics,Wireless Earbuds,5,1290.47,0.0,6452.35,3870.45,2581.9,Installment,Online,Khaled T.,3,4.0,False,False
ORD103742,2024-12-31,CUST0186,Dina Hassan,Mansoura,Consumer,Groceries,Olive Oil 1L,1,269.22,0.0,269.22,185.59,83.63,Cash,In-store,Sara M.,0,2.0,False,False
ORD103705,2024-12-26,CUST0166,Youssef El-Sayed,Giza,Consumer,Home & Kitchen,Cookware Set,1,2282.85,0.0,2282.85,1349.87,932.98,Card,In-store,Nourhan S.,0,5.0,False,False
ORD101826,2024-01-18,CUST0054,Yasmin Khalil,Cairo,SMB,BEAUTY,Hair Dryer,1,846.46,0.0,846.46,469.34,377.12,Card,Online,,1,5.0,False,False
ORD104353,2025-03-20,CUST0191,Ahmed Sherif,Cairo,Enterprise,Clothing,Hoodie,1,620.48,0.0,620.48,310.77,309.71,Card,In-store,Khaled T.,0,3.0,False,False
ORD102943,2024-08-08,CUST0548,Amr Farouk,cairo,SMB,Electronics,Power Bank,2,568.37,0.0,1136.74,671.64,465.1,Cash,In-store,Omar F.,0,2.0,False,False
ORD101585,2023-11-28,CUST0373,Tarek Aziz,Cairo,Consumer,Electronics,Bluetooth Speaker,1,984.3,20.0,787.44,550.29,237.15,Card,In-store,Youssef A.,0,4.0,True,False
ORD104235,2025-03-07,CUST0501,Hassan Abdel Rahman,tanta,Consumer,Sports,Running Shoes,2,1472.62,0.0,-2945.24,1649.86,-1295.38,Card,Online,Khaled T.,4,,False,True
ORD102540,2024-05-16,CUST0197,Youssef Sherif,Giza,Consumer,Home & Kitchen,Cookware Set,1,2360.03,0.0,2360.03,1273.32,1086.71,Cash,In-store,Youssef A.,0,5.0,False,False
ORD105668,2025-11-08,CUST0023,Mona Mostafa,Cairo,Consumer,Electronics,Wireless Earbuds,1,1284.75,0.0,1284.75,739.94,544.81,Cash,In-store,Mona K.,0,3.0,False,False
ORD103904,2025-01-26,CUST0045,Karim Khalil,Cairo,SMB,Home & Kitchen,Blender,1,1093.64,0.0,1093.64,590.38,503.26,Installment,Online,Sara M.,1,4.0,False,False
ORD104675,2025-05-06,CUST0362,Sara Khalil,Mansoura,Consumer,ELECTRONICS,Wireless Earbuds,1,1178.16,0.0,1178.16,734.56,443.6,Mobile Wallet,Online,Khaled T.,1,4.0,False,False
ORD102755,2024-06-24,CUST0112,Dina Hassan,Alexandria,Consumer,Beauty,Perfume,1,1331.73,0.0,1331.73,579.49,752.24,Installment,In-store,Sara M.,0,5.0,False,False
ORD103762,2025-01-03,CUST0141,Nourhan Hassan,Giza,Consumer,Groceries,Honey Jar,2,320.37,0.0,640.74,411.42,229.32,Card,In-store,Omar F.,0,2.0,False,False
ORD104303,2025-03-14,CUST0408,Khaled Aziz,Giza,Consumer,Clothing,Jeans,3,804.86,0.0,2414.58,920.49,1494.09,Mobile Wallet,Online,Khaled T.,4,5.0,False,False
ORD103712,2024-12-27,CUST0072,Omar Ibrahim,Mansoura,Consumer,Sports,Dumbbell Set,1,1923.14,0.0,1923.14,1130.57,792.57,Mobile Wallet,In-store,,0,3.0,False,False
ORD104945,2025-06-23,CUST0164,Rania Mahmoud,Cairo,Consumer,Beauty,Skincare Set,1,819.36,0.0,819.36,360.85,458.51,Cash,Online,Mona K.,1,4.0,False,False
ORD101288,2023-10-02,CUST0368,Nourhan Ibrahim,Tanta,Consumer,Sports,Yoga Mat,1,428.84,0.0,428.84,230.82,198.02,Installment,Online,Nourhan S.,2,5.0,False,False
ORD100001,2023-01-01,CUST0248,Karim Mostafa,Mansoura,Consumer,Electronics,Wireless Earbuds,1,1294.41,15.0,1100.25,717.95,382.3,Mobile Wallet,In-store,Youssef A.,0,5.0,True,False
ORD103318,2024-10-26,CUST0426,Nada Ibrahim,Cairo,Consumer,Sports,Football,1,383.84,0.0,383.84,176.89,206.95,Card,Online,Sara M.,5,3.0,False,False
ORD102010,2024-02-21,CUST0385,Adel Mahmoud,Aswan,Consumer,HOME & KITCHEN,Coffee Maker,1,1553.8,25.0,1165.35,817.42,347.93,Card,In-store,Omar F.,0,4.0,True,False
ORD101785,2024-01-06,CUST0411,Rania Mostafa,Giza,Consumer,Home & Kitchen,Cookware Set,3,2029.76,0.0,6089.28,3986.19,2103.09,Mobile Wallet,In-store,Mona K.,0,5.0,False,False
ORD102298,2024-03-30,CUST0098,Mona Abdel Rahman,Giza,Consumer,Beauty,Perfume,1,1332.29,0.0,1332.29,586.21,746.08,Installment,In-store,Omar F.,0,2.0,False,False
ORD103542,2024-11-29,CUST0220,Ahmed Hassan,Tanta,SMB,Sports,Dumbbell Set,3,1896.39,25.0,4266.88,3289.59,977.29,Mobile Wallet,In-store,Mona K.,0,4.0,True,False
ORD100890,2023-06-16,CUST0322,Nourhan Ibrahim,Giza,Consumer,Sports,Running Shoes,2,1558.25,0.0,3116.5,1720.34,1396.16,Installment,In-store,Youssef A.,0,,False,False
ORD103181,2024-09-28,CUST0330,Heba Ibrahim,Cairo,SMB,Home & Kitchen,Cookware Set,2,2164.66,0.0,4329.32,2475.9,1853.42,Installment,In-store,,0,4.0,False,False
ORD103499,2024-11-26,CUST0366,Khaled El-Sayed,Alexandria,Consumer,Home & Kitchen,Coffee Maker,2,1535.72,10.0,2764.3,1739.56,1024.74,Card,Online,Nourhan S.,3,4.0,True,False
ORD102754,2024-06-24,CUST0103,Adel Sherif,Giza,Consumer,Groceries,Honey Jar,1,317.3,0.0,317.3,191.45,125.85,Card,In-store,Mona K.,0,3.0,False,False
ORD100980,2023-07-11,CUST0304,Salma Farouk,Cairo,SMB,Beauty,Makeup Kit,1,555.38,0.0,555.38,238.99,316.39,Card,In-store,Khaled T.,0,4.0,False,False
ORD102332,2024-04-06,CUST0130,Salma El-Sayed,Cairo,Consumer,Sports,Running Shoes,1,1699.15,0.0,1699.15,812.54,886.61,Card,Phone,Khaled T.,0,3.0,False,False
ORD102362,2024-04-10,CUST0109,Laila Ibrahim,Tanta,SMB,Groceries,Olive Oil 1L,1,301.53,0.0,301.53,171.67,129.86,Card,In-store,Omar F.,0,2.0,False,False
ORD102645,2024-06-03,CUST0045,Karim Khalil,Cairo,SMB,Electronics,Bluetooth Speaker,1,988.04,0.0,988.04,553.64,434.4,Card,In-store,Nourhan S.,0,1.0,False,False
ORD101764,2024-01-02,CUST0390,Khaled Sherif,Aswan,Enterprise,Beauty,Skincare Set,1,743.09,0.0,743.09,344.71,398.38,Cash,Online,,2,3.0,False,False
ORD104156,2025-02-25,CUST0428,Yasmin Ibrahim,Alexandria,Consumer,Electronics,Smart Watch,1,3551.03,0.0,3551.03,2130.58,1420.45,Card,In-store,Mona K.,0,5.0,False,False
ORD104062,2025-02-15,CUST0227,Youssef Mahmoud,Giza,Consumer,Home & Kitchen,Air Fryer,1,2701.9,0.0,2701.9,1695.34,1006.56,Cash,In-store,Omar F.,0,3.0,False,False
ORD105466,2025-10-05,CUST0529,Adel Khalil,Alexandria,Consumer,Electronics,Power Bank,1,621.46,0.0,621.46,365.48,255.98,Cash,In-store,Khaled T.,0,2.0,False,False
ORD104144,2025-02-24,CUST0076,Nourhan Khalil,Mansoura,SMB,Electronics,Bluetooth Speaker,2,1007.24,0.0,2014.48,1136.64,877.84,Mobile Wallet,Online,,0,2.0,False,False
ORD100368,2023-03-18,CUST0522,Karim Mahmoud,Alexandria,SMB,Clothing,Men's T-Shirt,1,370.35,0.0,370.35,156.25,214.1,Card,In-store,Youssef A.,0,4.0,False,False
ORD102163,2024-03-14,CUST0175,Karim Mostafa,Mansoura,SMB,Sports,Yoga Mat,2,432.06,0.0,864.12,438.26,425.86,Cash,Online,,3,5.0,False,False
ORD103035,2024-09-02,CUST0599,Mahmoud Khalil,Mansoura,Consumer,Groceries,Rice 5kg,2,229.72,0.0,459.44,313.32,146.12,Mobile Wallet,Online,Nourhan S.,4,3.0,False,False
ORD103018,2024-08-28,CUST0020,Salma Mostafa,Giza,Consumer,Home & Kitchen,Vacuum Cleaner,2,3128.99,15.0,5319.28,3861.82,1457.46,Card,Online,Youssef A.,3,5.0,True,False
ORD105407,2025-09-26,CUST0507,Amr Farouk,Aswan,Consumer,Electronics,Bluetooth Speaker,1,909.61,0.0,909.61,524.79,384.82,Card,In-store,Khaled T.,0,3.0,False,False
ORD102983,2024-08-17,CUST0126,Nourhan Khalil,Alexandria,Consumer,Electronics,Bluetooth Speaker,2,981.71,0.0,1963.42,1154.74,808.68,Mobile Wallet,Online,Sara M.,2,2.0,False,False
ORD104529,2025-04-11,CUST0057,Amr Hassan,Tanta,Consumer,Home & Kitchen,Vacuum Cleaner,2,3385.73,0.0,6771.46,3710.92,3060.54,Card,Online,Mona K.,2,4.0,False,False
ORD104855,2025-06-07,CUST0144,Khaled Hassan,Cairo,SMB,Sports,Football,1,371.7,0.0,371.7,171.59,200.11,Card,Online,,4,1.0,False,False
ORD100979,2023-07-11,CUST0136,Rania Mostafa,Tanta,Consumer,Sports,Dumbbell Set,1,1877.97,15.0,1596.27,1057.14,539.13,Card,In-store,Nourhan S.,0,,True,False
ORD104349,2025-03-19,CUST0068,Mona Sherif,,SMB,Home & Kitchen,Coffee Maker,1,1559.22,0.0,1559.22,888.81,670.41,Cash,Online,Mona K.,2,5.0,False,False
ORD103751,2025-01-01,CUST0446,Mona Hassan,Cairo,Consumer,Beauty,Hair Dryer,1,880.96,0.0,880.96,454.76,426.2,Mobile Wallet,In-store,Nourhan S.,0,5.0,False,False
ORD104188,2025-03-01,CUST0466,Nourhan Hassan,Alexandria,Consumer,Beauty,Hair Dryer,3,861.08,0.0,2583.24,1405.05,1178.19,Cash,In-store,Nourhan S.,0,4.0,False,False
ORD104818,2025-06-01,CUST0127,Nada Hassan,Alexandria,Consumer,Groceries,Honey Jar,1,324.99,0.0,324.99,204.31,120.68,Cash,In-store,Omar F.,0,5.0,False,False
ORD105625,2025-11-01,CUST0210,Dina Sherif,Alexandria,Consumer,Groceries,Honey Jar,1,316.86,0.0,316.86,205.83,111.03,Card,Online,,0,4.0,False,False
ORD101266,2023-09-26,CUST0058,Ahmed Farouk,tanta,Enterprise,Groceries,Honey Jar,1,310.16,0.0,310.16,208.01,102.15,Mobile Wallet,In-store,Youssef A.,0,4.0,False,False
ORD102783,2024-06-29,CUST0310,Adel Farouk,Cairo,Consumer,Clothing,Sneakers,1,1415.11,0.0,1415.11,675.41,739.7,Installment,Phone,Sara M.,0,5.0,False,False
ORD102860,2024-07-18,CUST0169,Sara Mostafa,Alexandria,Consumer,Home & Kitchen,Blender,1,1057.16,0.0,-1057.16,616.34,-440.82,Card,In-store,Khaled T.,0,5.0,False,True
ORD101750,2023-12-31,CUST0074,Nada Aziz,Cairo,Enterprise,Beauty,Makeup Kit,1,619.87,0.0,619.87,261.8,358.07,Cash,Online,Mona K.,2,4.0,False,False
ORD104556,2025-04-17,CUST0446,Mona Hassan,Cairo,Consumer,Home & Kitchen,Coffee Maker,1,1500.37,0.0,1500.37,829.47,670.9,Cash,Online,Youssef A.,3,3.0,False,False
ORD104727,2025-05-16,CUST0466,Nourhan Hassan,Alexandria,Consumer,Clothing,Hoodie,1,701.04,0.0,701.04,306.31,394.73,Cash,In-store,Khaled T.,0,3.0,False,False
ORD103533,2024-11-28,CUST0592,Mona Aziz,Giza,Consumer,Groceries,Olive Oil 1L,1,259.72,15.0,220.76,185.93,34.83,Card,Online,Sara M.,1,5.0,True,False
ORD100850,2023-06-05,CUST0161,Karim Khalil,Cairo,Consumer,Sports,Football,1,382.96,10.0,344.66,179.66,165.0,Cash,Online,Khaled T.,3,4.0,True,False
ORD104480,2025-04-02,CUST0381,Heba Sherif,Giza,Consumer,Clothing,Men's T-Shirt,1,335.64,0.0,335.64,153.42,182.22,Mobile Wallet,Online,Youssef A.,3,5.0,False,False
ORD102066,2024-03-02,CUST0075,Youssef Mahmoud,Alexandria,Consumer,Groceries,Coffee 250g,1,188.19,0.0,188.19,95.53,92.66,Mobile Wallet,In-store,Omar F.,0,4.0,False,False
ORD105052,2025-07-16,CUST0592,Mona Aziz,Giza,Consumer,Electronics,Bluetooth Speaker,1,943.91,0.0,943.91,570.82,373.09,Installment,In-store,Mona K.,0,5.0,False,False
ORD105163,2025-08-08,CUST0274,Rania Ibrahim,cairo,Consumer,Clothing,Jeans,1,784.54,0.0,784.54,319.94,464.6,Installment,In-store,Sara M.,0,1.0,False,False
ORD101210,2023-09-14,CUST0274,Rania Ibrahim,Cairo,Consumer,Sports,Running Shoes,1,1525.37,0.0,1525.37,831.82,693.55,Card,In-store,Mona K.,0,1.0,False,False
ORD100115,2023-01-27,CUST0273,Adel Khalil,tanta,Enterprise,Beauty,Makeup Kit,1,633.42,0.0,633.42,261.18,372.24,Mobile Wallet,Online,Khaled T.,7,5.0,False,False
ORD104590,2025-04-22,CUST0026,Amr Hassan,Alexandria,Enterprise,Clothing,Sneakers,1,1301.87,0.0,1301.87,726.53,575.34,Mobile Wallet,Online,Omar F.,1,,False,False
ORD104608,2025-04-25,CUST0569,Yasmin Hassan,Giza,SMB,Electronics,Smart Watch,1,3452.21,0.0,3452.21,2188.18,1264.03,Cash,In-store,Mona K.,0,4.0,False,False
ORD102979,2024-08-16,CUST0377,Sara Ibrahim,Aswan,SMB,Groceries,Olive Oil 1L,5,265.39,0.0,1326.95,904.15,422.8,Cash,In-store,Mona K.,0,5.0,False,False
ORD104682,2025-05-09,CUST0354,Karim Mostafa,Cairo,Consumer,Sports,Running Shoes,1,1527.99,5.0,1451.59,858.43,593.16,Installment,Online,,2,4.0,True,False
ORD100819,2023-05-28,CUST0180,Yasmin Farouk,Aswan,Consumer,Electronics,Smart Watch,1,3686.11,0.0,3686.11,2018.44,1667.67,Installment,Online,,5,4.0,False,False
ORD100788,2023-05-20,CUST0095,Mahmoud Khalil,Aswan,Consumer,Electronics,Bluetooth Speaker,1,956.33,0.0,956.33,543.83,412.5,Mobile Wallet,Phone,Nourhan S.,0,2.0,False,False
ORD102604,2024-05-27,CUST0078,Ahmed Hassan,Alexandria,Consumer,Sports,Football,1,405.45,0.0,405.45,178.8,226.65,Mobile Wallet,In-store,Youssef A.,0,3.0,False,False
ORD103225,2024-10-07,CUST0095,Mahmoud Khalil,Aswan,Consumer,Home & Kitchen,Cookware Set,1,2211.94,0.0,2211.94,1336.56,875.38,Cash,Online,Sara M.,1,5.0,False,False
ORD101057,2023-08-01,CUST0599,Mahmoud Khalil,Mansoura,Consumer,Groceries,Olive Oil 1L,1,284.55,0.0,284.55,181.95,102.6,Cash,In-store,Sara M.,0,,False,False
ORD104112,2025-02-21,CUST0258,Rania Aziz,Tanta,SMB,Sports,Running Shoes,1,1537.23,0.0,1537.23,815.21,722.02,Card,In-store,Mona K.,0,4.0,False,False
ORD104532,2025-04-11,CUST0195,Ahmed Mahmoud,Mansoura,Consumer,Clothing,Sneakers,1,1459.52,0.0,1459.52,723.74,735.78,Card,Online,,5,5.0,False,False
ORD102547,2024-05-17,CUST0457,Laila Hassan,Cairo,Enterprise,Clothing,Sneakers,1,1387.93,0.0,1387.93,705.43,682.5,Mobile Wallet,Online,,1,3.0,False,False
ORD105983,2025-12-17,CUST0580,Mahmoud Mostafa,Giza,SMB,Electronics,Wireless Earbuds,1,1255.91,0.0,1255.91,783.23,472.68,Cash,Online,,4,5.0,False,False
ORD102668,2024-06-07,CUST0480,Amr Khalil,Cairo,SMB,Groceries,Rice 5kg,1,204.04,0.0,204.04,148.4,55.64,Card,Online,Sara M.,2,4.0,False,False
ORD103578,2024-12-01,CUST0048,Dina Mahmoud,Cairo,Consumer,Sports,Yoga Mat,2,457.95,0.0,915.9,421.6,494.3,Mobile Wallet,In-store,Sara M.,0,4.0,False,False
ORD104051,2025-02-14,CUST0019,Hassan Mahmoud,Mansoura,Enterprise,Electronics,Smart Watch,2,3487.81,0.0,6975.62,4264.1,2711.52,Cash,Online,Nourhan S.,2,4.0,False,False
ORD101428,2023-11-01,CUST0416,Sara Khalil,Giza,SMB,Beauty,Perfume,1,1399.0,0.0,1399.0,591.55,807.45,Card,In-store,Omar F.,0,5.0,False,False
ORD103732,2024-12-30,CUST0249,Yasmin Aziz,Alexandria,Consumer,Beauty,Makeup Kit,3,587.4,0.0,1762.2,749.28,1012.92,Card,Online,Mona K.,1,4.0,False,False
ORD104547,2025-04-15,CUST0121,Rania Hassan,Alexandria,Enterprise,Groceries,Coffee 250g,1,185.93,0.0,185.93,103.32,82.61,Cash,Online,,1,4.0,False,False
ORD103919,2025-01-29,CUST0139,Ahmed Hassan,Tanta,Consumer,Clothing,Women's Dress,1,870.11,0.0,870.11,417.39,452.72,Card,Online,Sara M.,4,4.0,False,False
ORD105346,2025-09-15,CUST0109,Laila Ibrahim,Tanta,SMB,Electronics,Bluetooth Speaker,1,916.21,0.0,916.21,534.5,381.71,Card,Phone,Youssef A.,0,4.0,False,False
ORD105293,2025-09-06,CUST0340,Amr Farouk,Aswan,Consumer,Electronics,Smart Watch,1,3330.95,0.0,3330.95,2006.1,1324.85,Cash,Online,Mona K.,2,4.0,False,False
ORD103030,2024-09-01,CUST0409,Ahmed Farouk,Cairo,Consumer,Beauty,Skincare Set,1,821.49,15.0,698.27,358.6,339.67,Cash,Phone,Youssef A.,0,4.0,True,False
ORD100242,2023-02-26,CUST0209,Mona Mostafa,Alexandria,SMB,Sports,Football,1,397.13,0.0,397.13,179.72,217.41,Cash,Online,Khaled T.,1,5.0,False,False
ORD100530,2023-04-10,CUST0491,Tarek Khalil,Alexandria,Consumer,Beauty,Makeup Kit,1,574.26,0.0,574.26,257.45,316.81,Card,Online,,1,3.0,False,False
ORD104440,2025-03-29,CUST0453,Sara Aziz,Giza,Consumer,Beauty,Perfume,1,1306.62,0.0,1306.62,610.36,696.26,Cash,In-store,Nourhan S.,0,5.0,False,False
ORD101181,2023-09-07,CUST0251,Omar Mostafa,Cairo,Consumer,Clothing,Women's Dress,5,963.85,0.0,4819.25,1953.2,2866.05,Installment,Online,,1,3.0,False,False
ORD101443,2023-11-06,CUST0457,Laila Hassan,Cairo,Enterprise,Electronics,Bluetooth Speaker,1,1018.25,0.0,1018.25,574.26,443.99,Card,Online,Khaled T.,0,5.0,False,False
ORD101773,2024-01-04,CUST0531,Tarek Khalil,Alexandria,Consumer,Home & Kitchen,Coffee Maker,1,1443.45,0.0,1443.45,808.01,635.44,Cash,Online,,1,2.0,False,False
ORD106045,2025-12-29,CUST0451,Khaled Farouk,Cairo,Consumer,Beauty,Hair Dryer,2,910.48,25.0,1365.72,898.04,467.68,Cash,Online,Sara M.,3,5.0,True,False
ORD103619,2024-12-10,CUST0408,Khaled Aziz,Giza,Consumer,Home & Kitchen,Blender,2,1098.73,0.0,2197.46,1231.18,966.28,Cash,In-store,Mona K.,0,2.0,False,False
ORD100507,2023-04-07,CUST0511,Hassan Hassan,Mansoura,Consumer,Electronics,Smart Watch,1,3737.8,0.0,3737.8,2018.63,1719.17,Card,Online,Mona K.,5,,False,False
ORD104237,2025-03-07,CUST0512,Nada Aziz,Mansoura,Consumer,Home & Kitchen,Coffee Maker,1,1449.9,20.0,1159.92,860.78,299.14,Card,In-store,Mona K.,0,5.0,True,False
ORD101580,2023-11-28,CUST0313,Salma Farouk,Cairo,Consumer,Home & Kitchen,Air Fryer,1,2845.56,15.0,2418.73,1779.59,639.14,Card,In-store,Mona K.,0,5.0,True,False
ORD103958,2025-02-04,CUST0551,Mona Hassan,Alexandria,Consumer,Sports,Dumbbell Set,1,1706.51,0.0,1706.51,1087.59,618.92,Card,Phone,Sara M.,0,5.0,False,False
ORD104161,2025-02-26,CUST0379,Youssef Mostafa,Mansoura,SMB,Beauty,Perfume,2,1385.9,0.0,2771.8,1209.1,1562.7,Installment,In-store,Khaled T.,0,3.0,False,False
ORD102059,2024-03-01,CUST0016,Nada Aziz,Mansoura,Consumer,Electronics,Phone Case,1,264.29,0.0,264.29,90.26,174.03,Card,In-store,Youssef A.,0,2.0,False,False
ORD101752,2023-12-31,CUST0100,Hassan Abdel Rahman,Mansoura,SMB,Electronics,Power Bank,2,555.18,0.0,1110.36,704.72,405.64,Card,In-store,Youssef A.,0,4.0,False,False
ORD102006,2024-02-20,CUST0187,Karim Khalil,Alexandria,Consumer,Electronics,Smart Watch,1,3272.66,0.0,3272.66,2067.46,1205.2,Installment,Online,Sara M.,2,4.0,False,False
ORD105744,2025-11-20,CUST0427,Nada Ibrahim,cairo,Consumer,Electronics,Phone Case,1,237.38,15.0,201.77,86.32,115.45,Mobile Wallet,In-store,Khaled T.,0,5.0,True,False
ORD103710,2024-12-27,CUST0484,Sara Mostafa,Alexandria,Consumer,Home & Kitchen,Blender,1,1108.2,0.0,-1108.2,623.32,-484.88,Cash,Online,,0,4.0,False,True
ORD103251,2024-10-12,CUST0413,Hassan Mahmoud,Giza,SMB,Home & Kitchen,Cookware Set,1,2232.39,0.0,2232.39,1299.53,932.86,Cash,Online,,2,,False,False
ORD102301,2024-03-30,CUST0073,Ahmed Aziz,Cairo,Enterprise,Clothing,Jeans,2,791.65,25.0,1187.47,657.18,530.29,Card,Online,,4,3.0,True,False
ORD101630,2023-12-06,CUST0272,Khaled Abdel Rahman,Giza,Consumer,Electronics,Bluetooth Speaker,1,952.13,0.0,952.13,568.16,383.97,Cash,In-store,Sara M.,0,4.0,False,False
ORD104700,2025-05-11,CUST0039,Amr Farouk,Mansoura,Consumer,Clothing,Men's T-Shirt,1,340.09,0.0,340.09,155.66,184.43,Mobile Wallet,Online,Khaled T.,2,4.0,False,False
ORD100806,2023-05-25,CUST0195,Ahmed Mahmoud,Mansoura,Consumer,Electronics,Phone Case,5,245.05,0.0,1225.25,436.5,788.75,Cash,Online,Khaled T.,5,,False,False
ORD104041,2025-02-12,CUST0186,Dina Hassan,Mansoura,Consumer,Home & Kitchen,Coffee Maker,1,1615.52,0.0,1615.52,877.15,738.37,Mobile Wallet,Online,Omar F.,1,4.0,False,False
ORD101125,2023-08-25,CUST0352,Sara Sherif,Mansoura,Consumer,Home & Kitchen,Coffee Maker,1,1603.91,20.0,1283.13,868.68,414.45,Mobile Wallet,In-store,Mona K.,0,2.0,True,False
ORD105288,2025-09-05,CUST0072,Omar Ibrahim,Mansoura,Consumer,Beauty,Perfume,2,1278.5,0.0,2557.0,1143.8,1413.2,Cash,Online,,3,5.0,False,False
ORD103650,2024-12-15,CUST0423,Adel Farouk,Tanta,Consumer,Beauty,Skincare Set,1,829.24,0.0,829.24,354.51,474.73,Card,In-store,Sara M.,0,3.0,False,False
ORD100315,2023-03-11,CUST0446,Mona Hassan,Cairo,Consumer,Home & Kitchen,Coffee Maker,1,1558.74,0.0,1558.74,821.8,736.94,Cash,Online,,1,3.0,False,False
ORD101778,2024-01-05,CUST0467,Omar Hassan,Giza,Consumer,Sports,Running Shoes,1,1494.02,0.0,1494.02,890.5,603.52,Card,Online,Nourhan S.,1,4.0,False,False
ORD103945,2025-02-01,CUST0058,Ahmed Farouk,Tanta,Enterprise,Home & Kitchen,Coffee Maker,1,1390.96,0.0,1390.96,833.6,557.36,Card,Online,Khaled T.,2,2.0,False,False
ORD102567,2024-05-22,CUST0023,Mona Mostafa,Cairo,Consumer,Clothing,Hoodie,1,683.79,0.0,683.79,305.69,378.1,Cash,In-store,Sara M.,0,4.0,False,False
ORD102514,2024-05-11,CUST0339,Karim Mahmoud,Alexandria,SMB,Sports,Football,2,387.13,0.0,774.26,348.36,425.9,Mobile Wallet,Online,Nourhan S.,1,2.0,False,False
ORD100932,2023-06-27,CUST0261,Omar Sherif,Giza,Consumer,Beauty,Hair Dryer,1,877.82,0.0,877.82,447.8,430.02,Installment,Online,Sara M.,1,3.0,False,False
ORD105060,2025-07-18,CUST0268,Heba Khalil,Cairo,SMB,Clothing,Sneakers,2,1489.82,0.0,2979.64,1341.32,1638.32,Cash,Online,Omar F.,2,4.0,False,False
ORD101686,2023-12-20,CUST0144,Khaled Hassan,Cairo,SMB,Electronics,Bluetooth Speaker,1,991.52,0.0,991.52,529.97,461.55,Cash,Phone,Khaled T.,0,3.0,False,False
ORD104079,2025-02-17,CUST0004,Adel Mahmoud,Giza,Consumer,Clothing,Men's T-Shirt,1,367.05,0.0,-367.05,155.59,-211.46,Card,Online,,2,4.0,False,True
ORD102891,2024-07-27,CUST0417,Nourhan El-Sayed,Tanta,Consumer,Electronics,Bluetooth Speaker,1,952.32,0.0,952.32,568.0,384.32,Card,Online,,7,3.0,False,False
ORD103717,2024-12-28,CUST0247,Tarek Hassan,Cairo,Consumer,Sports,Football,1,363.24,15.0,308.75,182.58,126.17,Card,Phone,Youssef A.,0,4.0,True,False
ORD103519,2024-11-27,CUST0223,Ahmed Ibrahim,Cairo,Consumer,Sports,Running Shoes,1,1710.42,15.0,1453.86,827.24,626.62,Mobile Wallet,In-store,Nourhan S.,0,4.0,True,False
ORD104464,2025-03-31,CUST0319,Mona Aziz,Giza,Consumer,Sports,Running Shoes,1,1584.31,10.0,1425.88,851.85,574.03,Cash,Online,,1,4.0,True,False
ORD100363,2023-03-17,CUST0561,Mona Ibrahim,Cairo,Consumer,Home & Kitchen,Air Fryer,3,2994.02,0.0,8982.06,5289.03,3693.03,Mobile Wallet,Phone,Omar F.,0,4.0,False,False
ORD103733,2024-12-30,CUST0466,Nourhan Hassan,Alexandria,Consumer,Home & Kitchen,Air Fryer,1,2961.48,0.0,2961.48,1708.11,1253.37,Installment,Online,,0,3.0,False,False
ORD100631,2023-04-22,CUST0506,Adel Khalil,Mansoura,Consumer,Home & Kitchen,Coffee Maker,1,1524.33,0.0,1524.33,874.63,649.7,Card,In-store,Mona K.,0,3.0,False,False
ORD104187,2025-03-01,CUST0045,Karim Khalil,Cairo,SMB,Electronics,Wireless Earbuds,1,1190.83,0.0,1190.83,724.59,466.24,Card,Phone,Youssef A.,0,4.0,False,False
ORD101789,2024-01-09,CUST0410,Nourhan Abdel Rahman,,Enterprise,Home & Kitchen,Coffee Maker,1,1425.71,0.0,1425.71,876.91,548.8,Cash,Online,Nourhan S.,2,2.0,False,False
ORD102370,2024-04-12,CUST0450,Khaled Hassan,Tanta,Consumer,Groceries,Rice 5kg,2,221.92,0.0,443.84,288.82,155.02,Mobile Wallet,In-store,Youssef A.,0,5.0,False,False
ORD102234,2024-03-22,CUST0220,Ahmed Hassan,tanta,SMB,Groceries,Olive Oil 1L,2,289.97,0.0,579.94,364.3,215.64,Mobile Wallet,Phone,Mona K.,0,4.0,False,False
ORD105774,2025-11-22,CUST0031,Dina Mostafa,Aswan,Consumer,Groceries,Coffee 250g,1,177.59,20.0,-142.07,99.02,-43.05,Card,Online,Sara M.,7,5.0,True,True
ORD103205,2024-10-02,CUST0371,Heba El-Sayed,Cairo,Consumer,Groceries,Rice 5kg,2,226.5,25.0,339.75,306.62,33.13,Cash,Online,Omar F.,5,4.0,True,False
ORD102917,2024-08-02,CUST0478,Tarek Khalil,Giza,Consumer,Clothing,Sneakers,1,1323.94,0.0,1323.94,705.7,618.24,Mobile Wallet,Online,,1,4.0,False,False
ORD105751,2025-11-20,CUST0081,Hassan Mostafa,cairo,Consumer,Sports,Yoga Mat,1,485.4,5.0,461.13,211.39,249.74,Mobile Wallet,Online,Omar F.,7,4.0,True,False
ORD102805,2024-07-05,CUST0072,Omar Ibrahim,Mansoura,Consumer,Electronics,Bluetooth Speaker,1,880.59,0.0,880.59,546.86,333.73,Card,In-store,Mona K.,0,5.0,False,False
ORD103872,2025-01-19,CUST0488,Nourhan Khalil,Alexandria,Enterprise,Sports,Yoga Mat,1,432.15,0.0,432.15,220.08,212.07,Mobile Wallet,In-store,Khaled T.,0,5.0,False,False
ORD103959,2025-02-04,CUST0243,Tarek Mahmoud,Cairo,Consumer,Sports,Running Shoes,1,1472.22,0.0,1472.22,849.29,622.93,Card,In-store,Youssef A.,0,3.0,False,False
ORD100120,2023-01-28,CUST0302,Sara Sherif,Giza,Consumer,Beauty,Makeup Kit,1,604.48,0.0,604.48,260.06,344.42,Mobile Wallet,In-store,Omar F.,0,2.0,False,False
ORD101960,2024-02-10,CUST0580,Mahmoud Mostafa,Giza,SMB,Home & Kitchen,Blender,1,1048.69,0.0,1048.69,593.13,455.56,Card,In-store,Youssef A.,0,5.0,False,False
ORD101063,2023-08-03,CUST0292,Mahmoud Farouk,Giza,Consumer,Home & Kitchen,Coffee Maker,3,1585.73,0.0,4757.19,2437.8,2319.39,Mobile Wallet,Phone,Sara M.,0,5.0,False,False
ORD100841,2023-06-03,CUST0269,Dina Aziz,alexandria,SMB,Sports,Dumbbell Set,2,1674.62,0.0,3349.24,2226.64,1122.6,Cash,Phone,Omar F.,0,4.0,False,False
ORD100494,2023-04-05,CUST0296,Karim Ibrahim,Mansoura,SMB,Groceries,Rice 5kg,1,220.67,0.0,220.67,151.59,69.08,Cash,Online,Sara M.,2,5.0,False,False
ORD100444,2023-03-29,CUST0499,Hassan Abdel Rahman,Tanta,Consumer,Home & Kitchen,Coffee Maker,2,1387.48,0.0,2774.96,1762.94,1012.02,Card,Online,Mona K.,2,5.0,False,False
ORD101843,2024-01-20,CUST0034,Dina Mostafa,Giza,SMB,Clothing,Hoodie,3,612.17,0.0,1836.51,922.92,913.59,Card,Online,,3,4.0,False,False
ORD103157,2024-09-23,CUST0472,Ahmed Farouk,Alexandria,Consumer,Home & Kitchen,Vacuum Cleaner,3,2986.09,0.0,8958.27,5741.61,3216.66,Mobile Wallet,In-store,Mona K.,0,2.0,False,False
ORD104321,2025-03-16,CUST0104,Youssef Hassan,Cairo,SMB,Clothing,Men's T-Shirt,2,363.95,15.0,618.71,297.22,321.49,Card,In-store,Youssef A.,0,1.0,True,False
ORD100020,2023-01-05,CUST0109,Laila Ibrahim,Tanta,SMB,Sports,Dumbbell Set,1,1700.39,0.0,1700.39,1105.91,594.48,Mobile Wallet,In-store,Sara M.,0,5.0,False,False
ORD100419,2023-03-25,CUST0478,Tarek Khalil,Giza,Consumer,Home & Kitchen,Air Fryer,1,2740.3,0.0,2740.3,1655.3,1085.0,Card,Phone,Youssef A.,0,1.0,False,False
ORD103946,2025-02-01,CUST0264,Amr Aziz,Giza,Consumer,Home & Kitchen,Vacuum Cleaner,1,3190.45,20.0,2552.36,1988.91,563.45,Cash,In-store,Mona K.,0,5.0,True,False
ORD100992,2023-07-15,CUST0386,Youssef Mahmoud,Alexandria,Consumer,Clothing,Men's T-Shirt,1,331.09,0.0,331.09,142.69,188.4,Mobile Wallet,Online,Mona K.,2,4.0,False,False
ORD100386,2023-03-20,CUST0431,Tarek Hassan,Giza,Enterprise,Sports,Dumbbell Set,3,1840.77,0.0,5522.31,3142.74,2379.57,Mobile Wallet,Online,Mona K.,7,3.0,False,False
ORD100930,2023-06-27,CUST0595,Heba El-Sayed,Giza,SMB,Sports,Dumbbell Set,1,1804.34,10.0,-1623.91,1121.07,-502.84,Installment,Online,Nourhan S.,0,4.0,True,True
ORD100265,2023-03-03,CUST0478,Tarek Khalil,Giza,Consumer,Electronics,Bluetooth Speaker,2,900.74,0.0,1801.48,1070.9,730.58,Installment,Online,,4,4.0,False,False
ORD101453,2023-11-08,CUST0382,Heba Khalil,Giza,Consumer,Sports,Running Shoes,1,1670.15,0.0,1670.15,856.88,813.27,Mobile Wallet,Online,Youssef A.,0,4.0,False,False
ORD104257,2025-03-09,CUST0044,Mahmoud Hassan,Giza,Consumer,Groceries,Rice 5kg,2,225.4,0.0,450.8,300.96,149.84,Card,In-store,Sara M.,0,5.0,False,False
ORD102159,2024-03-13,CUST0495,Rania Mostafa,Giza,Consumer,Electronics,Bluetooth Speaker,1,883.85,0.0,883.85,557.53,326.32,Mobile Wallet,Online,Omar F.,3,3.0,False,False
ORD104400,2025-03-26,CUST0348,Nourhan Ibrahim,Mansoura,Consumer,Electronics,Smart Watch,1,3257.93,0.0,3257.93,2026.97,1230.96,Card,In-store,Nourhan S.,0,3.0,False,False
ORD103211,2024-10-04,CUST0206,Ahmed Farouk,Tanta,SMB,Electronics,Wireless Earbuds,1,1227.27,0.0,1227.27,762.69,464.58,Cash,In-store,Mona K.,0,,False,False
ORD104606,2025-04-25,CUST0424,Nourhan Sherif,Giza,SMB,Sports,Yoga Mat,2,443.09,0.0,886.18,431.34,454.84,Mobile Wallet,In-store,Mona K.,0,3.0,False,False
ORD105164,2025-08-08,CUST0157,Heba Khalil,Aswan,Consumer,Home & Kitchen,Vacuum Cleaner,2,3430.05,0.0,6860.1,3817.48,3042.62,Cash,Online,Nourhan S.,2,1.0,False,False
ORD105394,2025-09-22,CUST0026,Amr Hassan,Alexandria,Enterprise,Sports,Dumbbell Set,3,1726.66,0.0,5179.98,3192.15,1987.83,Card,In-store,,0,4.0,False,False
ORD105564,2025-10-23,CUST0580,Mahmoud Mostafa,Giza,SMB,Clothing,Jeans,1,725.15,0.0,725.15,333.42,391.73,Card,Phone,Nourhan S.,0,4.0,False,False
ORD100935,2023-06-28,CUST0429,Heba Abdel Rahman,Giza,SMB,Clothing,Women's Dress,1,903.58,0.0,903.58,403.99,499.59,Mobile Wallet,Online,Mona K.,7,3.0,False,False
ORD104982,2025-06-29,CUST0541,Dina Sherif,Alexandria,SMB,Clothing,Men's T-Shirt,1,333.62,0.0,333.62,149.84,183.78,Mobile Wallet,In-store,Omar F.,0,3.0,False,False
ORD100225,2023-02-21,CUST0517,Omar Mostafa,Alexandria,Consumer,Electronics,Power Bank,1,564.6,0.0,564.6,343.34,221.26,Installment,In-store,Khaled T.,0,5.0,False,False
ORD100276,2023-03-04,CUST0445,Mahmoud Aziz,Cairo,Consumer,Electronics,Power Bank,1,607.75,0.0,607.75,365.01,242.74,Mobile Wallet,Online,,3,5.0,False,False
ORD105967,2025-12-13,CUST0053,Khaled Hassan,Aswan,Consumer,Clothing,Sneakers,1,1326.94,0.0,1326.94,721.8,605.14,Mobile Wallet,Online,Omar F.,3,,False,False
ORD105793,2025-11-24,CUST0129,Youssef Aziz,Cairo,Consumer,Home & Kitchen,Cookware Set,1,2231.12,20.0,1784.9,1279.52,505.38,Mobile Wallet,In-store,Mona K.,0,,True,False
ORD103401,2024-11-13,CUST0016,Nada Aziz,Mansoura,Consumer,Home & Kitchen,Blender,1,1113.92,25.0,835.44,607.51,227.93,Cash,Online,Mona K.,3,5.0,True,False
ORD105586,2025-10-26,CUST0194,Laila Farouk,Cairo,Consumer,Clothing,Hoodie,1,637.74,0.0,637.74,301.66,336.08,Mobile Wallet,Online,,0,3.0,False,False
ORD105252,2025-08-29,CUST0398,Amr Mostafa,Alexandria,Consumer,Clothing,Sneakers,1,1296.49,0.0,1296.49,675.69,620.8,Mobile Wallet,Online,,1,4.0,False,False
ORD101724,2023-12-28,CUST0283,Nada Khalil,Tanta,SMB,Home & Kitchen,Blender,1,1135.3,10.0,1021.77,606.45,415.32,Card,Online,,2,3.0,True,False
ORD104324,2025-03-16,CUST0208,Khaled Mostafa,Cairo,Enterprise,Clothing,Hoodie,1,656.15,0.0,656.15,296.75,359.4,Card,Online,,0,5.0,False,False
ORD105814,2025-11-26,CUST0242,Khaled Ibrahim,Giza,Consumer,Electronics,Power Bank,1,561.96,5.0,533.86,357.71,176.15,Card,In-store,Youssef A.,0,4.0,True,False
ORD100134,2023-01-31,CUST0214,Rania Khalil,Alexandria,SMB,Sports,Running Shoes,1,1543.65,10.0,1389.28,831.11,558.17,Card,Online,Mona K.,0,2.0,True,False
ORD101760,2024-01-02,CUST0018,Adel Mahmoud,cairo,Consumer,Clothing,Jeans,2,773.32,25.0,1159.98,619.9,540.08,Cash,In-store,Mona K.,0,4.0,True,False
ORD101308,2023-10-05,CUST0356,Nourhan Farouk,Cairo,Consumer,Home & Kitchen,Coffee Maker,1,1416.54,0.0,1416.54,811.31,605.23,Mobile Wallet,Online,Sara M.,3,,False,False
ORD100497,2023-04-06,CUST0071,Mahmoud Sherif,Giza,Consumer,Home & Kitchen,Blender,1,1027.81,0.0,1027.81,605.45,422.36,Cash,Online,Youssef A.,3,5.0,False,False
ORD105057,2025-07-17,CUST0244,Youssef Aziz,Tanta,Consumer,Beauty,Makeup Kit,1,573.33,0.0,573.33,252.26,321.07,Cash,Phone,Youssef A.,0,5.0,False,False
ORD100336,2023-03-13,CUST0448,Laila Abdel Rahman,Cairo,Consumer,Groceries,Olive Oil 1L,1,269.18,0.0,269.18,185.73,83.45,Mobile Wallet,Online,,3,5.0,False,False
ORD103336,2024-10-30,CUST0216,Mona Ibrahim,Giza,SMB,Home & Kitchen,Air Fryer,1,2605.55,0.0,2605.55,1639.35,966.2,Card,In-store,Nourhan S.,0,1.0,False,False
ORD103215,2024-10-05,CUST0485,Mahmoud Farouk,Giza,Consumer,Sports,Yoga Mat,1,465.45,0.0,465.45,222.65,242.8,Cash,In-store,Omar F.,0,,False,False
ORD105366,2025-09-18,CUST0338,Yasmin Farouk,Alexandria,Consumer,Beauty,Perfume,2,1333.29,0.0,2666.58,1229.4,1437.18,Card,In-store,,0,4.0,False,False
ORD104909,2025-06-18,CUST0372,Karim Sherif,Alexandria,SMB,Groceries,Coffee 250g,1,185.93,5.0,176.63,99.75,76.88,Mobile Wallet,Online,Nourhan S.,3,,True,False
ORD105148,2025-08-05,CUST0275,Nada Ibrahim,Aswan,Consumer,Sports,Running Shoes,1,1685.67,0.0,1685.67,891.3,794.37,Cash,In-store,Omar F.,0,5.0,False,False
ORD100442,2023-03-29,CUST0543,Ahmed Mahmoud,Alexandria,Consumer,Clothing,Hoodie,2,649.78,0.0,1299.56,620.5,679.06,Cash,Online,Youssef A.,4,5.0,False,False
ORD105259,2025-08-30,CUST0175,Karim Mostafa,Mansoura,SMB,Electronics,Wireless Earbuds,1,1199.38,0.0,-1199.38,741.16,-458.22,Cash,Online,Khaled T.,2,,False,True
ORD105484,2025-10-08,CUST0310,Adel Farouk,Cairo,Consumer,Beauty,Makeup Kit,1,569.57,0.0,569.57,254.43,315.14,Card,Phone,Sara M.,0,5.0,False,False
ORD103162,2024-09-24,CUST0489,Amr Sherif,Cairo,SMB,Electronics,Smart Watch,1,3602.69,0.0,3602.69,2174.23,1428.46,Cash,Online,Mona K.,1,5.0,False,False
ORD103996,2025-02-08,CUST0432,Ahmed Abdel Rahman,Cairo,Consumer,Electronics,Smart Watch,1,3310.25,0.0,3310.25,2122.75,1187.5,Mobile Wallet,Online,Khaled T.,3,4.0,False,False
ORD103096,2024-09-12,CUST0340,Amr Farouk,Aswan,Consumer,Electronics,Phone Case,1,252.41,0.0,252.41,91.7,160.71,Cash,Online,Sara M.,0,3.0,False,False
ORD103152,2024-09-23,CUST0255,Yasmin Aziz,Tanta,Consumer,Clothing,Men's T-Shirt,1,335.8,0.0,335.8,155.52,180.28,Cash,In-store,Youssef A.,0,3.0,False,False
ORD103777,2025-01-04,CUST0207,Dina Abdel Rahman,Alexandria,SMB,Beauty,Perfume,1,1228.58,0.0,1228.58,576.46,652.12,Cash,In-store,Omar F.,0,2.0,False,False
ORD104339,2025-03-18,CUST0210,Dina Sherif,Alexandria,Consumer,Beauty,Perfume,1,1318.3,0.0,1318.3,626.52,691.78,Card,Online,Nourhan S.,2,1.0,False,False
ORD101395,2023-10-27,CUST0397,Tarek El-Sayed,Alexandria,SMB,Clothing,Women's Dress,1,895.94,0.0,895.94,399.94,496.0,Cash,In-store,Sara M.,0,5.0,False,False
ORD104780,2025-05-25,CUST0374,Amr Aziz,Cairo,Consumer,Beauty,Skincare Set,1,742.71,20.0,594.17,349.7,244.47,Mobile Wallet,In-store,Khaled T.,0,,True,False
ORD101351,2023-10-16,CUST0062,Omar Ibrahim,Aswan,Consumer,Clothing,Hoodie,1,676.21,0.0,676.21,306.28,369.93,Card,In-store,Youssef A.,0,5.0,False,False
ORD104754,2025-05-21,CUST0565,Yasmin Mostafa,Cairo,Consumer,Home & Kitchen,Cookware Set,1,2086.61,0.0,2086.61,1266.11,820.5,Card,Phone,Sara M.,0,5.0,False,False
ORD102553,2024-05-18,CUST0030,Mona Abdel Rahman,Cairo,Consumer,Groceries,Honey Jar,1,320.09,0.0,320.09,194.1,125.99,Mobile Wallet,Online,,2,5.0,False,False
ORD100409,2023-03-24,CUST0278,Sara Abdel Rahman,Aswan,Consumer,Electronics,Wireless Earbuds,2,1197.93,0.0,2395.86,1482.44,913.42,Mobile Wallet,In-store,Sara M.,0,,False,False
ORD101116,2023-08-22,CUST0455,Salma Khalil,Cairo,Enterprise,Sports,Dumbbell Set,1,1794.0,0.0,1794.0,1065.51,728.49,Mobile Wallet,Phone,Mona K.,0,5.0,False,False
ORD103154,2024-09-23,CUST0540,Omar Hassan,Giza,Consumer,Clothing,Sneakers,1,1439.42,0.0,1439.42,724.1,715.32,Card,Online,,3,4.0,False,False
ORD101256,2023-09-24,CUST0313,Salma Farouk,Cairo,Consumer,Electronics,Bluetooth Speaker,2,972.93,0.0,1945.86,1060.86,885.0,Installment,Online,Youssef A.,5,5.0,False,False
ORD105622,2025-10-31,CUST0324,Nourhan Hassan,Cairo,Enterprise,Home & Kitchen,Air Fryer,1,2721.76,0.0,2721.76,1618.94,1102.82,Mobile Wallet,In-store,Mona K.,0,2.0,False,False
ORD101867,2024-01-25,CUST0465,Adel Abdel Rahman,Giza,Consumer,Groceries,Coffee 250g,1,186.31,0.0,186.31,95.4,90.91,Card,Online,Khaled T.,1,4.0,False,False
ORD100141,2023-02-02,CUST0189,Khaled Sherif,Alexandria,Enterprise,Beauty,Hair Dryer,1,917.19,0.0,917.19,446.0,471.19,Card,In-store,Omar F.,0,5.0,False,False
ORD104997,2025-07-03,CUST0011,Ahmed Sherif,Alexandria,Consumer,Home & Kitchen,Air Fryer,1,2769.01,0.0,2769.01,1618.57,1150.44,Mobile Wallet,Online,Khaled T.,3,4.0,False,False
ORD102686,2024-06-11,CUST0324,Nourhan Hassan,Cairo,Enterprise,Clothing,Men's T-Shirt,1,346.68,0.0,346.68,146.81,199.87,Card,Online,Sara M.,1,3.0,False,False
ORD105357,2025-09-16,CUST0526,Laila Ibrahim,Giza,Enterprise,Groceries,Rice 5kg,1,218.07,0.0,218.07,146.43,71.64,Card,In-store,Khaled T.,0,4.0,False,False
ORD103886,2025-01-23,CUST0505,Ahmed Abdel Rahman,Alexandria,SMB,Clothing,Jeans,2,714.97,0.0,1429.94,608.88,821.06,Mobile Wallet,Online,Nourhan S.,3,3.0,False,False
ORD100689,2023-04-30,CUST0275,Nada Ibrahim,Aswan,Consumer,Beauty,Hair Dryer,1,913.51,0.0,913.51,436.86,476.65,Cash,In-store,Khaled T.,0,3.0,False,False
ORD105725,2025-11-17,CUST0009,Yasmin Abdel Rahman,Cairo,Consumer,Home & Kitchen,Cookware Set,1,2317.81,0.0,2317.81,1303.9,1013.91,Mobile Wallet,Online,,4,2.0,False,False
ORD103865,2025-01-17,CUST0332,Ahmed Ibrahim,,Consumer,Electronics,Phone Case,1,231.01,0.0,231.01,90.29,140.72,Mobile Wallet,Online,Sara M.,4,,False,False
ORD104947,2025-06-23,CUST0450,Khaled Hassan,Tanta,Consumer,Electronics,Power Bank,3,615.17,0.0,1845.51,1020.06,825.45,Cash,In-store,Omar F.,0,5.0,False,False
ORD100584,2023-04-16,CUST0461,Amr Mahmoud,Cairo,SMB,Home & Kitchen,Vacuum Cleaner,1,3312.98,0.0,3312.98,1910.41,1402.57,Cash,Online,Nourhan S.,1,3.0,False,False
ORD105794,2025-11-24,CUST0310,Adel Farouk,Cairo,Consumer,Home & Kitchen,Blender,1,1165.99,25.0,874.49,593.25,281.24,Card,In-store,Omar F.,0,2.0,True,False
ORD100333,2023-03-12,CUST0153,Ahmed Hassan,Cairo,Enterprise,Clothing,Sneakers,1,1471.4,0.0,1471.4,673.17,798.23,Card,In-store,Khaled T.,0,4.0,False,False
ORD101294,2023-10-02,CUST0283,Nada Khalil,Tanta,SMB,Groceries,Coffee 250g,2,194.3,0.0,388.6,206.06,182.54,Installment,Online,,3,2.0,False,False
ORD104024,2025-02-10,CUST0153,Ahmed Hassan,Cairo,Enterprise,Home & Kitchen,Coffee Maker,1,1449.1,0.0,1449.1,829.04,620.06,Card,In-store,Nourhan S.,0,2.0,False,False
ORD105201,2025-08-16,CUST0123,Ahmed Khalil,Tanta,Consumer,Home & Kitchen,Coffee Maker,1,1500.04,10.0,-1350.04,836.52,-513.52,Mobile Wallet,Online,,4,5.0,True,True
ORD103776,2025-01-04,CUST0410,Nourhan Abdel Rahman,Aswan,Enterprise,Sports,Dumbbell Set,1,1807.13,0.0,1807.13,1137.88,669.25,Cash,Online,Omar F.,1,5.0,False,False
ORD101946,2024-02-08,CUST0264,Amr Aziz,Giza,Consumer,Groceries,Olive Oil 1L,1,295.75,0.0,295.75,184.91,110.84,Mobile Wallet,Online,Youssef A.,1,5.0,False,False
